canary_key	iftype	netbox_description	far_device	far_port	far_role	far_site	far_is_mgmt	link_mbps	class	expected_label	len	headroom	status
CH-NKN-G08-GFL-ACCE01::17	1000base-t	GFL-ACPO01	CH-NKN-G08-GFL-ACPO01	mgmt0	Access Point	ch-nkn-g08	TRUE	1000	UP	UP-GFL-AP01	11	9	ok
CH-NKN-G08-GFL-ACCE01::19	1000base-t	GFL-ACPO02	CH-NKN-G08-GFL-ACPO02	mgmt0	Access Point	ch-nkn-g08	TRUE	1000	UP	UP-GFL-AP02	11	9	ok
CH-NKN-G08-GFL-ACCE01::21	1000base-t	GFL-ACPO04	CH-NKN-G08-GFL-ACPO04	mgmt0	Access Point	ch-nkn-g08	TRUE	1000	UP	UP-GFL-AP04	11	9	ok
CH-NKN-G08-GFL-ACCE01::22	1000base-t	GFL-ACPO03	CH-NKN-G08-GFL-ACPO03	mgmt0	Access Point	ch-nkn-g08	TRUE	1000	UP	UP-GFL-AP03	11	9	ok
CH-NKN-G08-GFL-ACCE01::23	1000base-t	GFL-DIST01_p1	CH-NKN-G08-GFL-DIST01	1	Switch Dist	ch-nkn-g08	FALSE	1000	USW	USW-1G-GFL-DI01_P1	18	2	ok
CH-NKN-G08-GFL-ACCE01::24	1000base-t	GFL-DIST01_p2	CH-NKN-G08-GFL-DIST01	2	Switch Dist	ch-nkn-g08	FALSE	1000	USW	USW-1G-GFL-DI01_P2	18	2	ok
CH-NKN-G08-GFL-ACCE02::23	1000base-t		CH-NKN-G08-GFL-DIST01	3	Switch Dist	ch-nkn-g08	FALSE	1000	USW	USW-1G-GFL-DI01_P3	18	2	ok
CH-NKN-G08-GFL-ACCE02::24	1000base-t		CH-NKN-G08-GFL-DIST01	4	Switch Dist	ch-nkn-g08	FALSE	1000	USW	USW-1G-GFL-DI01_P4	18	2	ok
CH-NKN-G08-GFL-DIST01::1	1000base-t	GFL-ACCE01_p23	CH-NKN-G08-GFL-ACCE01	23	Switch Access	ch-nkn-g08	FALSE	1000	USW	USW-1G-AC01_P23	15	5	ok
CH-NKN-G08-GFL-DIST01::2	1000base-t	GFL-ACCE01_p24	CH-NKN-G08-GFL-ACCE01	24	Switch Access	ch-nkn-g08	FALSE	1000	USW	USW-1G-AC01_P24	15	5	ok
CH-NKN-G08-GFL-DIST01::23	1000base-x-sfp	CH-NKN-CORE01_p1	CH-NKN-G08-L02-CORE01-1	01:01	Switch Core	ch-nkn-g08	FALSE	1000	USW	USW-1G-CO01-1_P1.1	18	2	ok
CH-NKN-G08-GFL-DIST01::24	1000base-x-sfp	CH-NKN-CORE02_p1	CH-NKN-G08-L02-CORE01-2	02:01	Switch Core	ch-nkn-g08	FALSE	1000	USW	USW-1G-CO01-2_P2.1	18	2	ok
CH-NKN-G08-GFL-DIST01::3	1000base-t	GFL-ACCE02_p23	CH-NKN-G08-GFL-ACCE02	23	Switch Access	ch-nkn-g08	FALSE	1000	USW	USW-1G-AC02_P23	15	5	ok
CH-NKN-G08-GFL-DIST01::4	1000base-t	GFL-ACCE02_p24	CH-NKN-G08-GFL-ACCE02	24	Switch Access	ch-nkn-g08	FALSE	1000	USW	USW-1G-AC02_P24	15	5	ok
CH-NKN-G08-L02-ACCE01::13	1000base-t	L02-ACPO12	CH-NKN-G08-L02-ACPO12	mgmt0	Access Point	ch-nkn-g08	TRUE	1000	UP	UP-L02-AP12	11	9	ok
CH-NKN-G08-L02-ACCE01::17	1000base-t	L02-ACPO07	CH-NKN-G08-L02-ACPO07	mgmt0	Access Point	ch-nkn-g08	TRUE	1000	UP	UP-L02-AP07	11	9	ok
CH-NKN-G08-L02-ACCE01::18	1000base-t	L02-ACPO09	CH-NKN-G08-L02-ACPO09	mgmt0	Access Point	ch-nkn-g08	TRUE	1000	UP	UP-L02-AP09	11	9	ok
CH-NKN-G08-L02-ACCE01::19	1000base-t	L02-ACPO06	CH-NKN-G08-L02-ACPO06	mgmt0	Access Point	ch-nkn-g08	TRUE	1000	UP	UP-L02-AP06	11	9	ok
CH-NKN-G08-L02-ACCE01::20	1000base-t	L02-ACPO01	CH-NKN-G08-L02-ACPO01	mgmt0	Access Point	ch-nkn-g08	TRUE	1000	UP	UP-L02-AP01	11	9	ok
CH-NKN-G08-L02-ACCE01::23	1000base-x-sfp	CH-NKN-CORE01_p3	CH-NKN-G08-L02-CORE01-1	01:05	Switch Core	ch-nkn-g08	FALSE	1000	USW	USW-1G-CO01-1_P1.5	18	2	ok
CH-NKN-G08-L02-ACCE01::24	1000base-x-sfp	CH-NKN-CORE02_p3	CH-NKN-G08-L02-CORE01-2	02:05	Switch Core	ch-nkn-g08	FALSE	1000	USW	USW-1G-CO01-2_P2.5	18	2	ok
CH-NKN-G08-L02-ACCE02::19	1000base-t	L02-ACPO05	CH-NKN-G08-L02-ACPO05	mgmt0	Access Point	ch-nkn-g08	TRUE	1000	UP	UP-L02-AP05	11	9	ok
CH-NKN-G08-L02-ACCE02::20	1000base-t	L02-ACPO02	CH-NKN-G08-L02-ACPO02	mgmt0	Access Point	ch-nkn-g08	TRUE	1000	UP	UP-L02-AP02	11	9	ok
CH-NKN-G08-L02-ACCE02::23	1000base-x-sfp	CH-NKN-CORE01_p4	CH-NKN-G08-L02-CORE01-1	01:06	Switch Core	ch-nkn-g08	FALSE	1000	USW	USW-1G-CO01-1_P1.6	18	2	ok
CH-NKN-G08-L02-ACCE02::24	1000base-x-sfp	CH-NKN-CORE02_p4	CH-NKN-G08-L02-CORE01-2	02:06	Switch Core	ch-nkn-g08	FALSE	1000	USW	USW-1G-CO01-2_P2.6	18	2	ok
CH-NKN-G08-L02-ACCE03::21	1000base-t	L02-ACPO03	CH-NKN-G08-L02-ACPO03	mgmt0	Access Point	ch-nkn-g08	TRUE	1000	UP	UP-L02-AP03	11	9	ok
CH-NKN-G08-L02-ACCE03::22	1000base-t	L02-ACPO04	CH-NKN-G08-L02-ACPO04	mgmt0	Access Point	ch-nkn-g08	TRUE	1000	UP	UP-L02-AP04	11	9	ok
CH-NKN-G08-L02-ACCE03::23	1000base-t	CH-NKN-CORE01_p5	CH-NKN-G08-L02-CORE01-1	01:07	Switch Core	ch-nkn-g08	FALSE	1000	USW	USW-1G-CO01-1_P1.7	18	2	ok
CH-NKN-G08-L02-ACCE03::24	1000base-t	CH-NKN-CORE02_p5	CH-NKN-G08-L02-CORE01-2	02:07	Switch Core	ch-nkn-g08	FALSE	1000	USW	USW-1G-CO01-2_P2.7	18	2	ok
CH-NKN-G08-L02-ACCE04::14	1000base-t	L02-ACPO10	CH-NKN-G08-L02-ACPO10	mgmt0	Access Point	ch-nkn-g08	TRUE	1000	UP	UP-L02-AP10	11	9	ok
CH-NKN-G08-L02-ACCE04::23	1000base-t	CH-NKN-CORE01_p6	CH-NKN-G08-L02-CORE01-1	01:08	Switch Core	ch-nkn-g08	FALSE	1000	USW	USW-1G-CO01-1_P1.8	18	2	ok
CH-NKN-G08-L02-ACCE04::24	1000base-t	CH-NKN-CORE02_p6	CH-NKN-G08-L02-CORE01-2	02:08	Switch Core	ch-nkn-g08	FALSE	1000	USW	USW-1G-CO01-2_P2.8	18	2	ok
CH-NKN-G08-L02-ACCE05::22	1000base-t	L02-ACPO08	CH-NKN-G08-L02-ACPO08	mgmt0	Access Point	ch-nkn-g08	TRUE	1000	UP	UP-L02-AP08	11	9	ok
CH-NKN-G08-L02-ACCE05::23	1000base-t	L02-DIST01_p1	CH-NKN-G08-L02-DIST01	1	Switch Dist	ch-nkn-g08	FALSE	1000	USW	USW-1G-L02-DI01_P1	18	2	ok
CH-NKN-G08-L02-ACCE05::24	1000base-t	L02-DIST01_p2	CH-NKN-G08-L02-DIST01	2	Switch Dist	ch-nkn-g08	FALSE	1000	USW	USW-1G-L02-DI01_P2	18	2	ok
CH-NKN-G08-L02-ACCE06::1	1000base-t	L02-ACPO11	CH-NKN-G08-L02-ACPO11	mgmt0	Access Point	ch-nkn-g08	TRUE	1000	UP	UP-L02-AP11	11	9	ok
CH-NKN-G08-L02-ACCE06::24	1000base-t	L02-DIST01_p4	CH-NKN-G08-L02-DIST01	3	Switch Dist	ch-nkn-g08	FALSE	1000	USW	USW-1G-L02-DI01_P3	18	2	ok
CH-NKN-G08-L02-ACCE07::24	1000base-t	L02-DIST01_p4	CH-NKN-G08-L02-DIST01	6	Switch Dist	ch-nkn-g08	FALSE	1000	USW	USW-1G-L02-DI01_P6	18	2	ok
CH-NKN-G08-L02-ACCE08::24	1000base-t	L02-DIST01_p4	CH-NKN-G08-L02-DIST01	8	Switch Dist	ch-nkn-g08	FALSE	1000	USW	USW-1G-L02-DI01_P8	18	2	ok
CH-NKN-G08-L02-CORE01-1::1:1	1000base-x-sfp	GFL_DIST01_p23	CH-NKN-G08-GFL-DIST01	23	Switch Dist	ch-nkn-g08	FALSE	1000	USW	USW-1G-DI01_P23	15	5	ok
CH-NKN-G08-L02-CORE01-1::1:15	extreme-summitstack	Stack-CORE02_p16	CH-NKN-G08-L02-CORE01-2	02:16	Switch Core	ch-nkn-g08	FALSE		USW	USW-L02-CO01-2	14	6	ok
CH-NKN-G08-L02-CORE01-1::1:16	extreme-summitstack	Stack-CORE02_p15	CH-NKN-G08-L02-CORE01-2	02:15	Switch Core	ch-nkn-g08	FALSE		USW	USW-L02-CO01-2	14	6	ok
CH-NKN-G08-L02-CORE01-1::1:3	1000base-x-sfp	L02-DIST01_p23	CH-NKN-G08-L02-DIST01	23	Switch Dist	ch-nkn-g08	FALSE	1000	USW	USW-1G-DI01_P23	15	5	ok
CH-NKN-G08-L02-CORE01-1::1:5	1000base-x-sfp	L02-ACCE01_p23	CH-NKN-G08-L02-ACCE01	23	Switch Access	ch-nkn-g08	FALSE	1000	USW	USW-1G-AC01_P23	15	5	ok
CH-NKN-G08-L02-CORE01-1::1:6	1000base-x-sfp	L02-ACCE02_p23	CH-NKN-G08-L02-ACCE02	23	Switch Access	ch-nkn-g08	FALSE	1000	USW	USW-1G-AC02_P23	15	5	ok
CH-NKN-G08-L02-CORE01-1::1:7	1000base-t	L02-ACCE03_p23	CH-NKN-G08-L02-ACCE03	23	Switch Access	ch-nkn-g08	FALSE	1000	USW	USW-1G-AC03_P23	15	5	ok
CH-NKN-G08-L02-CORE01-1::1:8	1000base-t	L02-ACCE04_p23	CH-NKN-G08-L02-ACCE04	23	Switch Access	ch-nkn-g08	FALSE	1000	USW	USW-1G-AC04_P23	15	5	ok
CH-NKN-G08-L02-CORE01-2::2:1	1000base-x-sfp	GFL_DIST01_p24	CH-NKN-G08-GFL-DIST01	24	Switch Dist	ch-nkn-g08	FALSE	1000	USW	USW-1G-DI01_P24	15	5	ok
CH-NKN-G08-L02-CORE01-2::2:15	extreme-summitstack	Stack-CORE01_p16	CH-NKN-G08-L02-CORE01-1	01:16	Switch Core	ch-nkn-g08	FALSE		USW	USW-L02-CO01-1	14	6	ok
CH-NKN-G08-L02-CORE01-2::2:16	extreme-summitstack	Stack-CORE01_p15	CH-NKN-G08-L02-CORE01-1	01:15	Switch Core	ch-nkn-g08	FALSE		USW	USW-L02-CO01-1	14	6	ok
CH-NKN-G08-L02-CORE01-2::2:3	1000base-x-sfp	L02-DIST01_p24	CH-NKN-G08-L02-DIST01	24	Switch Dist	ch-nkn-g08	FALSE	1000	USW	USW-1G-DI01_P24	15	5	ok
CH-NKN-G08-L02-CORE01-2::2:5	1000base-x-sfp	L02-ACCE01_p24	CH-NKN-G08-L02-ACCE01	24	Switch Access	ch-nkn-g08	FALSE	1000	USW	USW-1G-AC01_P24	15	5	ok
CH-NKN-G08-L02-CORE01-2::2:6	1000base-x-sfp	L02-ACCE02_p24	CH-NKN-G08-L02-ACCE02	24	Switch Access	ch-nkn-g08	FALSE	1000	USW	USW-1G-AC02_P24	15	5	ok
CH-NKN-G08-L02-CORE01-2::2:7	1000base-t	L02-ACCE03_p24	CH-NKN-G08-L02-ACCE03	24	Switch Access	ch-nkn-g08	FALSE	1000	USW	USW-1G-AC03_P24	15	5	ok
CH-NKN-G08-L02-CORE01-2::2:8	1000base-t	L02-ACCE04_p24	CH-NKN-G08-L02-ACCE04	24	Switch Access	ch-nkn-g08	FALSE	1000	USW	USW-1G-AC04_P24	15	5	ok
CH-NKN-G08-L02-DIST01::1	1000base-t	L02-ACCE01_p23	CH-NKN-G08-L02-ACCE05	23	Switch Access	ch-nkn-g08	FALSE	1000	USW	USW-1G-AC05_P23	15	5	ok
CH-NKN-G08-L02-DIST01::2	1000base-t	L02-ACCE01_p24	CH-NKN-G08-L02-ACCE05	24	Switch Access	ch-nkn-g08	FALSE	1000	USW	USW-1G-AC05_P24	15	5	ok
CH-NKN-G08-L02-DIST01::23	1000base-t	CH-NKN-CORE02_p1	CH-NKN-G08-L02-CORE01-1	01:03	Switch Core	ch-nkn-g08	FALSE	1000	USW	USW-1G-CO01-1_P1.3	18	2	ok
CH-NKN-G08-L02-DIST01::24	1000base-x-sfp	CH-NKN-CORE02_p1	CH-NKN-G08-L02-CORE01-2	02:03	Switch Core	ch-nkn-g08	FALSE	1000	USW	USW-1G-CO01-2_P2.3	18	2	ok
CH-NKN-G08-L02-DIST01::3	1000base-t	L02-ACCE06	CH-NKN-G08-L02-ACCE06	24	Switch Access	ch-nkn-g08	FALSE	1000	USW	USW-1G-AC06_P24	15	5	ok
CH-NKN-G08-L02-DIST01::6	1000base-t	L02-ACCE07	CH-NKN-G08-L02-ACCE07	24	Switch Access	ch-nkn-g08	FALSE	1000	USW	USW-1G-AC07_P24	15	5	ok
CH-NKN-G08-L02-DIST01::8	1000base-t	L02-ACCE08	CH-NKN-G08-L02-ACCE08	24	Switch Access	ch-nkn-g08	FALSE	1000	USW	USW-1G-AC08_P24	15	5	ok
CH-STA-L26-GFL-ACCE01::1	1000base-t		CH-STA-L26-L01-ACPO11	mgmt0	Access Point	ch-sta-l26	TRUE	1000	UP	UP-L01-AP11	11	9	ok
CH-STA-L26-GFL-ACCE01::11	1000base-t		CH-STA-L26-L01-ACPO01	mgmt0	Access Point	ch-sta-l26	TRUE	1000	UP	UP-L01-AP01	11	9	ok
CH-STA-L26-GFL-ACCE01::12	1000base-t		CH-STA-L26-L01-ACPO02	mgmt0	Access Point	ch-sta-l26	TRUE	1000	UP	UP-L01-AP02	11	9	ok
CH-STA-L26-GFL-ACCE01::13	1000base-t		CH-STA-L26-L01-ACPO03	mgmt0	Access Point	ch-sta-l26	TRUE	1000	UP	UP-L01-AP03	11	9	ok
CH-STA-L26-GFL-ACCE01::15	1000base-t		CH-STA-L26-L01-ACPO15	mgmt0	Access Point	ch-sta-l26	TRUE	1000	UP	UP-L01-AP15	11	9	ok
CH-STA-L26-GFL-ACCE01::16	1000base-t		CH-STA-L26-GFL-ACPO11	mgmt0	Access Point	ch-sta-l26	TRUE	1000	UP	UP-GFL-AP11	11	9	ok
CH-STA-L26-GFL-ACCE01::18	1000base-t		CH-STA-L26-L01-ACPO08	mgmt0	Access Point	ch-sta-l26	TRUE	1000	UP	UP-L01-AP08	11	9	ok
CH-STA-L26-GFL-ACCE01::19	1000base-t		CH-STA-L26-GFL-ACPO12	mgmt0	Access Point	ch-sta-l26	TRUE	1000	UP	UP-GFL-AP12	11	9	ok
CH-STA-L26-GFL-ACCE01::23	1000base-t		CH-STA-L26-GFL-ACPO13	mgmt0	Access Point	ch-sta-l26	TRUE	1000	UP	UP-GFL-AP13	11	9	ok
CH-STA-L26-GFL-ACCE01::24	1000base-t	UPLINK	CH-STA-L26-GFL-DIST01	1	Switch Dist	ch-sta-l26	FALSE	1000	USW	USW-1G-GFL-DI01_P1	18	2	ok
CH-STA-L26-GFL-ACCE01::3	1000base-t		CH-STA-L26-GFL-ACPO03	mgmt0	Access Point	ch-sta-l26	TRUE	1000	UP	UP-GFL-AP03	11	9	ok
CH-STA-L26-GFL-ACCE01::5	1000base-t		CH-STA-L26-GFL-ACPO05	mgmt0	Access Point	ch-sta-l26	TRUE	1000	UP	UP-GFL-AP05	11	9	ok
CH-STA-L26-GFL-ACCE01::6	1000base-t	GFL-ACPO16	CH-STA-L26-GFL-ACPO16	mgmt0	Access Point	ch-sta-l26	TRUE	1000	UP	UP-GFL-AP16	11	9	ok
CH-STA-L26-GFL-ACCE01::7	1000base-t		CH-STA-L26-L01-ACPO10	mgmt0	Access Point	ch-sta-l26	TRUE	1000	UP	UP-L01-AP10	11	9	ok
CH-STA-L26-GFL-ACCE01::8	1000base-t	GFL-ACPO15	CH-STA-L26-GFL-ACPO15	mgmt0	Access Point	ch-sta-l26	TRUE	1000	UP	UP-GFL-AP15	11	9	ok
CH-STA-L26-GFL-ACCE01::9	1000base-t		CH-STA-L26-GFL-ACPO09	mgmt0	Access Point	ch-sta-l26	TRUE	1000	UP	UP-GFL-AP09	11	9	ok
CH-STA-L26-GFL-ACCE02::1	1000base-t		CH-STA-L26-GFL-ACPO01	mgmt0	Access Point	ch-sta-l26	TRUE	1000	UP	UP-GFL-AP01	11	9	ok
CH-STA-L26-GFL-ACCE02::10	1000base-t		CH-STA-L26-GFL-ACPO10	mgmt0	Access Point	ch-sta-l26	TRUE	1000	UP	UP-GFL-AP10	11	9	ok
CH-STA-L26-GFL-ACCE02::12	1000base-t		CH-STA-L26-GFL-ACPO06	mgmt0	Access Point	ch-sta-l26	TRUE	1000	UP	UP-GFL-AP06	11	9	ok
CH-STA-L26-GFL-ACCE02::14	1000base-t		CH-STA-L26-L01-ACPO04	mgmt0	Access Point	ch-sta-l26	TRUE	1000	UP	UP-L01-AP04	11	9	ok
CH-STA-L26-GFL-ACCE02::15	1000base-t		CH-STA-L26-L01-ACPO05	mgmt0	Access Point	ch-sta-l26	TRUE	1000	UP	UP-L01-AP05	11	9	ok
CH-STA-L26-GFL-ACCE02::19	1000base-t		CH-STA-L26-L01-ACPO09	mgmt0	Access Point	ch-sta-l26	TRUE	1000	UP	UP-L01-AP09	11	9	ok
CH-STA-L26-GFL-ACCE02::2	1000base-t		CH-STA-L26-GFL-ACPO02	mgmt0	Access Point	ch-sta-l26	TRUE	1000	UP	UP-GFL-AP02	11	9	ok
CH-STA-L26-GFL-ACCE02::20	1000base-t		CH-STA-L26-L01-ACPO06	mgmt0	Access Point	ch-sta-l26	TRUE	1000	UP	UP-L01-AP06	11	9	ok
CH-STA-L26-GFL-ACCE02::24	1000base-t	UPLINK	CH-STA-L26-GFL-DIST02	2	Switch Dist	ch-sta-l26	FALSE	1000	USW	USW-1G-GFL-DI02_P2	18	2	ok
CH-STA-L26-GFL-ACCE02::3	1000base-t		CH-STA-L26-L01-ACPO14	mgmt0	Access Point	ch-sta-l26	TRUE	1000	UP	UP-L01-AP14	11	9	ok
CH-STA-L26-GFL-ACCE02::4	1000base-t		CH-STA-L26-L01-ACPO13	mgmt0	Access Point	ch-sta-l26	TRUE	1000	UP	UP-L01-AP13	11	9	ok
CH-STA-L26-GFL-ACCE02::5	1000base-t		CH-STA-L26-L01-ACPO12	mgmt0	Access Point	ch-sta-l26	TRUE	1000	UP	UP-L01-AP12	11	9	ok
CH-STA-L26-GFL-ACCE02::6	1000base-t		CH-STA-L26-GFL-ACPO14	mgmt0	Access Point	ch-sta-l26	TRUE	1000	UP	UP-GFL-AP14	11	9	ok
CH-STA-L26-GFL-ACCE02::7	1000base-t		CH-STA-L26-GFL-ACPO07	mgmt0	Access Point	ch-sta-l26	TRUE	1000	UP	UP-GFL-AP07	11	9	ok
CH-STA-L26-GFL-ACCE02::8	1000base-t		CH-STA-L26-GFL-ACPO08	mgmt0	Access Point	ch-sta-l26	TRUE	1000	UP	UP-GFL-AP08	11	9	ok
CH-STA-L26-GFL-ACCE03::24	1000base-t	UPLINK	CH-STA-L26-GFL-DIST02	3	Switch Dist	ch-sta-l26	FALSE	1000	USW	USW-1G-GFL-DI02_P3	18	2	ok
CH-STA-L26-GFL-ACCE04::24	1000base-t	UPLINK	CH-STA-L26-GFL-DIST02	4	Switch Dist	ch-sta-l26	FALSE	1000	USW	USW-1G-GFL-DI02_P4	18	2	ok
CH-STA-L26-GFL-ACCE05::24	1000base-t	UPLINK	CH-STA-L26-GFL-DIST01	5	Switch Dist	ch-sta-l26	FALSE	1000	USW	USW-1G-GFL-DI01_P5	18	2	ok
CH-STA-L26-GFL-ACCE06::24	1000base-t	UPLINK	CH-STA-L26-GFL-DIST01	6	Switch Dist	ch-sta-l26	FALSE	1000	USW	USW-1G-GFL-DI01_P6	18	2	ok
CH-STA-L26-GFL-ACCE07::24	1000base-t	UPLINK	CH-STA-L26-GFL-DIST02	7	Switch Dist	ch-sta-l26	FALSE	1000	USW	USW-1G-GFL-DI02_P7	18	2	ok
CH-STA-L26-GFL-ACCE08::24	1000base-t	UPLINK	CH-STA-L26-GFL-DIST02	8	Switch Dist	ch-sta-l26	FALSE	1000	USW	USW-1G-GFL-DI02_P8	18	2	ok
CH-STA-L26-GFL-ACCE09::24	1000base-t	UPLINK	CH-STA-L26-GFL-DIST01	9	Switch Dist	ch-sta-l26	FALSE	1000	USW	USW-1G-GFL-DI01_P9	18	2	ok
CH-STA-L26-GFL-ACCE10::24	1000base-t	UPLINK	CH-STA-L26-GFL-DIST01	10	Switch Dist	ch-sta-l26	FALSE	1000	USW	USW-1G-DI01_P10	15	5	ok
CH-STA-L26-GFL-ACCE11::24	1000base-t	UPLINK	CH-STA-L26-GFL-DIST02	13	Switch Dist	ch-sta-l26	FALSE	1000	USW	USW-1G-DI02_P13	15	5	ok
CH-STA-L26-GFL-ACCE12::48	1000base-t	UPLINK	CH-STA-L26-GFL-DIST02	12	Switch Dist	ch-sta-l26	FALSE	1000	USW	USW-1G-DI02_P12	15	5	ok
CH-STA-L26-GFL-ACCE13::24	1000base-t	UPLINK	CH-STA-L26-GFL-DIST01	13	Switch Dist	ch-sta-l26	FALSE	1000	USW	USW-1G-DI01_P13	15	5	ok
CH-STA-L26-GFL-ACCE14::48	1000base-t	UPLINK	CH-STA-L26-GFL-DIST02	14	Switch Dist	ch-sta-l26	FALSE	1000	USW	USW-1G-DI02_P14	15	5	ok
CH-STA-L26-GFL-ACCE15::24	1000base-t	UPLINK	CH-STA-L26-GFL-DIST02	15	Switch Dist	ch-sta-l26	FALSE	1000	USW	USW-1G-DI02_P15	15	5	ok
CH-STA-L26-GFL-ACCE16::24	1000base-t	UPLINK	CH-STA-L26-GFL-DIST02	16	Switch Dist	ch-sta-l26	FALSE	1000	USW	USW-1G-DI02_P16	15	5	ok
CH-STA-L26-GFL-ACCE17::24	1000base-t	UPLINK	CH-STA-L26-GFL-DIST02	17	Switch Dist	ch-sta-l26	FALSE	1000	USW	USW-1G-DI02_P17	15	5	ok
CH-STA-L26-GFL-ACCE18::24	1000base-t	UPLINK	CH-STA-L26-GFL-DIST02	18	Switch Dist	ch-sta-l26	FALSE	1000	USW	USW-1G-DI02_P18	15	5	ok
CH-STA-L26-GFL-ACCE19::24	1000base-t	UPLINK	CH-STA-L26-GFL-DIST02	19	Switch Dist	ch-sta-l26	FALSE	1000	USW	USW-1G-DI02_P19	15	5	ok
CH-STA-L26-GFL-ACCE20::24	1000base-t	GFL-DIST01_p20	CH-STA-L26-GFL-DIST01	20	Switch Dist	ch-sta-l26	FALSE	1000	USW	USW-1G-DI01_P20	15	5	ok
CH-STA-L26-GFL-ACCE21::24	1000base-t		CH-STA-L26-GFL-DIST01	21	Switch Dist	ch-sta-l26	FALSE	1000	USW	USW-1G-DI01_P21	15	5	ok
CH-STA-L26-GFL-ACCE22::24	1000base-t		CH-STA-L26-GFL-DIST01	22	Switch Dist	ch-sta-l26	FALSE	1000	USW	USW-1G-DI01_P22	15	5	ok
CH-STA-L26-GFL-DIST01::1	1000base-t	GFL-ACCE01	CH-STA-L26-GFL-ACCE01	24	Switch Access	ch-sta-l26	FALSE	1000	USW	USW-1G-AC01_P24	15	5	ok
CH-STA-L26-GFL-DIST01::10	1000base-t	GFL-ACCE10	CH-STA-L26-GFL-ACCE10	24	Switch Access	ch-sta-l26	FALSE	1000	USW	USW-1G-AC10_P24	15	5	ok
CH-STA-L26-GFL-DIST01::13	1000base-t	GFL-ACCE13	CH-STA-L26-GFL-ACCE13	24	Switch Access	ch-sta-l26	FALSE	1000	USW	USW-1G-AC13_P24	15	5	ok
CH-STA-L26-GFL-DIST01::20	1000base-t	GFL-ACCE20-Lumip	CH-STA-L26-GFL-ACCE20	24	Switch Access	ch-sta-l26	FALSE	1000	USW	USW-1G-AC20_P24	15	5	ok
CH-STA-L26-GFL-DIST01::21	1000base-t	GFL-ACCE21-Lumip	CH-STA-L26-GFL-ACCE21	24	Switch Access	ch-sta-l26	FALSE	1000	USW	USW-1G-AC21_P24	15	5	ok
CH-STA-L26-GFL-DIST01::22	1000base-t	GFL-ACCE22	CH-STA-L26-GFL-ACCE22	24	Switch Access	ch-sta-l26	FALSE	1000	USW	USW-1G-AC22_P24	15	5	ok
CH-STA-L26-GFL-DIST01::29	10gbase-x-sfpp	L02-CORE_tg.3.5	CH-STA-L26-L02-CORE01	Jan 19	Switch Core	ch-sta-l26	FALSE	10000	USW	USW-CO01_P1.19	14	6	ok
CH-STA-L26-GFL-DIST01::30	10gbase-x-sfpp	L02-CORE_tg.7.5	CH-STA-L26-L02-CORE02	Jan 19	Switch Core	ch-sta-l26	FALSE	10000	USW	USW-CO02_P1.19	14	6	ok
CH-STA-L26-GFL-DIST01::5	1000base-t	GFL-ACCE05	CH-STA-L26-GFL-ACCE05	24	Switch Access	ch-sta-l26	FALSE	1000	USW	USW-1G-AC05_P24	15	5	ok
CH-STA-L26-GFL-DIST01::6	1000base-t	GFL-ACCE06	CH-STA-L26-GFL-ACCE06	24	Switch Access	ch-sta-l26	FALSE	1000	USW	USW-1G-AC06_P24	15	5	ok
CH-STA-L26-GFL-DIST01::9	1000base-t	GFL-ACCE09	CH-STA-L26-GFL-ACCE09	24	Switch Access	ch-sta-l26	FALSE	1000	USW	USW-1G-AC09_P24	15	5	ok
CH-STA-L26-GFL-DIST02::12	1000base-t	GFL-ACCE12	CH-STA-L26-GFL-ACCE12	48	Switch Access	ch-sta-l26	FALSE	1000	USW	USW-1G-AC12_P48	15	5	ok
CH-STA-L26-GFL-DIST02::13	1000base-t	GFL-ACCE13	CH-STA-L26-GFL-ACCE11	24	Switch Access	ch-sta-l26	FALSE	1000	USW	USW-1G-AC11_P24	15	5	ok
CH-STA-L26-GFL-DIST02::14	1000base-t	ACCE14_p48	CH-STA-L26-GFL-ACCE14	48	Switch Access	ch-sta-l26	FALSE	1000	USW	USW-1G-AC14_P48	15	5	ok
CH-STA-L26-GFL-DIST02::15	1000base-t	GFL-ACCE15	CH-STA-L26-GFL-ACCE15	24	Switch Access	ch-sta-l26	FALSE	1000	USW	USW-1G-AC15_P24	15	5	ok
CH-STA-L26-GFL-DIST02::16	1000base-t	GFL-ACCE16	CH-STA-L26-GFL-ACCE16	24	Switch Access	ch-sta-l26	FALSE	1000	USW	USW-1G-AC16_P24	15	5	ok
CH-STA-L26-GFL-DIST02::17	1000base-t	GFL-ACCE17	CH-STA-L26-GFL-ACCE17	24	Switch Access	ch-sta-l26	FALSE	1000	USW	USW-1G-AC17_P24	15	5	ok
CH-STA-L26-GFL-DIST02::18	1000base-t	GFL-ACCE18	CH-STA-L26-GFL-ACCE18	24	Switch Access	ch-sta-l26	FALSE	1000	USW	USW-1G-AC18_P24	15	5	ok
CH-STA-L26-GFL-DIST02::19	1000base-t	GFL-ACCE19	CH-STA-L26-GFL-ACCE19	24	Switch Access	ch-sta-l26	FALSE	1000	USW	USW-1G-AC19_P24	15	5	ok
CH-STA-L26-GFL-DIST02::2	1000base-t	GFL-ACCE02	CH-STA-L26-GFL-ACCE02	24	Switch Access	ch-sta-l26	FALSE	1000	USW	USW-1G-AC02_P24	15	5	ok
CH-STA-L26-GFL-DIST02::29	10gbase-x-sfpp	L02-CORE_tg.3.4	CH-STA-L26-L02-CORE01	Jan 20	Switch Core	ch-sta-l26	FALSE	10000	USW	USW-CO01_P1.20	14	6	ok
CH-STA-L26-GFL-DIST02::3	1000base-t	GFL-ACCE03	CH-STA-L26-GFL-ACCE03	24	Switch Access	ch-sta-l26	FALSE	1000	USW	USW-1G-AC03_P24	15	5	ok
CH-STA-L26-GFL-DIST02::30	10gbase-x-sfpp	L02-CORE_tg.7.4	CH-STA-L26-L02-CORE02	Jan 20	Switch Core	ch-sta-l26	FALSE	10000	USW	USW-CO02_P1.20	14	6	ok
CH-STA-L26-GFL-DIST02::4	1000base-t	GFL-ACCE04	CH-STA-L26-GFL-ACCE04	24	Switch Access	ch-sta-l26	FALSE	1000	USW	USW-1G-AC04_P24	15	5	ok
CH-STA-L26-GFL-DIST02::7	1000base-t	GFL-ACCE07	CH-STA-L26-GFL-ACCE07	24	Switch Access	ch-sta-l26	FALSE	1000	USW	USW-1G-AC07_P24	15	5	ok
CH-STA-L26-GFL-DIST02::8	1000base-t	GFL-ACCE08	CH-STA-L26-GFL-ACCE08	24	Switch Access	ch-sta-l26	FALSE	1000	USW	USW-1G-AC08_P24	15	5	ok
CH-STA-L26-L01-ACCE01::24	1000base-t	UPLINK	CH-STA-L26-L01-DIST01	1	Switch Dist	ch-sta-l26	FALSE	1000	USW	USW-1G-L01-DI01_P1	18	2	ok
CH-STA-L26-L01-ACCE02::24	1000base-t	UPLINK	CH-STA-L26-L01-DIST02	2	Switch Dist	ch-sta-l26	FALSE	1000	USW	USW-1G-L01-DI02_P2	18	2	ok
CH-STA-L26-L01-ACCE03::24	1000base-t	UPLINK	CH-STA-L26-L01-DIST02	3	Switch Dist	ch-sta-l26	FALSE	1000	USW	USW-1G-L01-DI02_P3	18	2	ok
CH-STA-L26-L01-ACCE08::24	1000base-t	UPLINK	CH-STA-L26-L01-DIST02	8	Switch Dist	ch-sta-l26	FALSE	1000	USW	USW-1G-L01-DI02_P8	18	2	ok
CH-STA-L26-L01-ACCE09::48	1000base-t	UPLINK	CH-STA-L26-L01-DIST02	9	Switch Dist	ch-sta-l26	FALSE	1000	USW	USW-1G-L01-DI02_P9	18	2	ok
CH-STA-L26-L01-ACCE10::24	1000base-t	UPLINK	CH-STA-L26-L01-DIST02	10	Switch Dist	ch-sta-l26	FALSE	1000	USW	USW-1G-DI02_P10	15	5	ok
CH-STA-L26-L01-ACCE11::24	1000base-t	UPLINK	CH-STA-L26-L01-DIST02	11	Switch Dist	ch-sta-l26	FALSE	1000	USW	USW-1G-DI02_P11	15	5	ok
CH-STA-L26-L01-ACCE12::24	1000base-t	UPLINK	CH-STA-L26-L01-DIST02	12	Switch Dist	ch-sta-l26	FALSE	1000	USW	USW-1G-DI02_P12	15	5	ok
CH-STA-L26-L01-ACCE14::48	1000base-t	UPLINK	CH-STA-L26-L01-DIST01	4	Switch Dist	ch-sta-l26	FALSE	1000	USW	USW-1G-L01-DI01_P4	18	2	ok
CH-STA-L26-L01-ACCE15::24	1000base-t	UPLINK	CH-STA-L26-L01-DIST01	5	Switch Dist	ch-sta-l26	FALSE	1000	USW	USW-1G-L01-DI01_P5	18	2	ok
CH-STA-L26-L01-ACCE16::48	1000base-t	UPLINK	CH-STA-L26-L01-DIST01	6	Switch Dist	ch-sta-l26	FALSE	1000	USW	USW-1G-L01-DI01_P6	18	2	ok
CH-STA-L26-L01-ACCE17::24	1000base-t	UPLINK	CH-STA-L26-L01-DIST01	7	Switch Dist	ch-sta-l26	FALSE	1000	USW	USW-1G-L01-DI01_P7	18	2	ok
CH-STA-L26-L01-ACCE18::24	1000base-t	UPLINK	CH-STA-L26-L01-DIST01	8	Switch Dist	ch-sta-l26	FALSE	1000	USW	USW-1G-L01-DI01_P8	18	2	ok
CH-STA-L26-L01-ACCE20::24	1000base-t	UPLINK	CH-STA-L26-L01-DIST01	10	Switch Dist	ch-sta-l26	FALSE	1000	USW	USW-1G-DI01_P10	15	5	ok
CH-STA-L26-L01-ACCE21::24	1000base-t	UPLINK	CH-STA-L26-L01-DIST02	21	Switch Dist	ch-sta-l26	FALSE	1000	USW	USW-1G-DI02_P21	15	5	ok
CH-STA-L26-L01-ACCE22::24	1000base-t	UPLINK	CH-STA-L26-L01-DIST02	22	Switch Dist	ch-sta-l26	FALSE	1000	USW	USW-1G-DI02_P22	15	5	ok
CH-STA-L26-L01-ACCE23::24	1000base-t	UPLINK	CH-STA-L26-L01-DIST01	13	Switch Dist	ch-sta-l26	FALSE	1000	USW	USW-1G-DI01_P13	15	5	ok
CH-STA-L26-L01-ACCE24::48	1000base-t	UPLINK	CH-STA-L26-L01-DIST01	14	Switch Dist	ch-sta-l26	FALSE	1000	USW	USW-1G-DI01_P14	15	5	ok
CH-STA-L26-L01-ACCE25::24	1000base-t	UPLINK	CH-STA-L26-L01-DIST02	15	Switch Dist	ch-sta-l26	FALSE	1000	USW	USW-1G-DI02_P15	15	5	ok
CH-STA-L26-L01-ACCE26::24	1000base-t	UPLINK	CH-STA-L26-L01-DIST02	16	Switch Dist	ch-sta-l26	FALSE	1000	USW	USW-1G-DI02_P16	15	5	ok
CH-STA-L26-L01-ACCE27::24	1000base-t	UPLINK	CH-STA-L26-L01-DIST01	17	Switch Dist	ch-sta-l26	FALSE	1000	USW	USW-1G-DI01_P17	15	5	ok
CH-STA-L26-L01-ACCE28::24	1000base-t	UPLINK	CH-STA-L26-L01-DIST01	18	Switch Dist	ch-sta-l26	FALSE	1000	USW	USW-1G-DI01_P18	15	5	ok
CH-STA-L26-L01-ACCE29::24	1000base-t	UPLINK	CH-STA-L26-L01-DIST01	19	Switch Dist	ch-sta-l26	FALSE	1000	USW	USW-1G-DI01_P19	15	5	ok
CH-STA-L26-L01-ACCE30::24	1000base-t	UPLINK	CH-STA-L26-L01-DIST01	20	Switch Dist	ch-sta-l26	FALSE	1000	USW	USW-1G-DI01_P20	15	5	ok
CH-STA-L26-L01-ACCE31::24	1000base-t	UPLINK	CH-STA-L26-L01-DIST01	21	Switch Dist	ch-sta-l26	FALSE	1000	USW	USW-1G-DI01_P21	15	5	ok
CH-STA-L26-L01-ACCE32::24	1000base-t	UPLINK	CH-STA-L26-L01-DIST01	22	Switch Dist	ch-sta-l26	FALSE	1000	USW	USW-1G-DI01_P22	15	5	ok
CH-STA-L26-L01-ACCE33::24	1000base-t	UPLINK	CH-STA-L26-L01-DIST01	23	Switch Dist	ch-sta-l26	FALSE	1000	USW	USW-1G-DI01_P23	15	5	ok
CH-STA-L26-L01-ACCE34::24	1000base-t		CH-STA-L26-L01-DIST02	13	Switch Dist	ch-sta-l26	FALSE	1000	USW	USW-1G-DI02_P13	15	5	ok
CH-STA-L26-L01-ACCE35::24	1000base-t		CH-STA-L26-L01-DIST02	17	Switch Dist	ch-sta-l26	FALSE	1000	USW	USW-1G-DI02_P17	15	5	ok
CH-STA-L26-L01-ACCE36::24	1000base-t	UPLINK	CH-STA-L26-L01-DIST02	24	Switch Dist	ch-sta-l26	FALSE	1000	USW	USW-1G-DI02_P24	15	5	ok
CH-STA-L26-L01-ACCE37::24	1000base-t		CH-STA-L26-L01-DIST02	23	Switch Dist	ch-sta-l26	FALSE	1000	USW	USW-1G-DI02_P23	15	5	ok
CH-STA-L26-L01-ACCE38::24	1000base-t	UPLINK	CH-STA-L26-L01-DIST01	9	Switch Dist	ch-sta-l26	FALSE	1000	USW	USW-1G-L01-DI01_P9	18	2	ok
CH-STA-L26-L01-DIST01::1	1000base-t	L01-ACCE01	CH-STA-L26-L01-ACCE01	24	Switch Access	ch-sta-l26	FALSE	1000	USW	USW-1G-AC01_P24	15	5	ok
CH-STA-L26-L01-DIST01::10	1000base-t	L01-ACCE20	CH-STA-L26-L01-ACCE20	24	Switch Access	ch-sta-l26	FALSE	1000	USW	USW-1G-AC20_P24	15	5	ok
CH-STA-L26-L01-DIST01::13	1000base-t	L01-ACCE23	CH-STA-L26-L01-ACCE23	24	Switch Access	ch-sta-l26	FALSE	1000	USW	USW-1G-AC23_P24	15	5	ok
CH-STA-L26-L01-DIST01::14	1000base-t	L01-ACCE24	CH-STA-L26-L01-ACCE24	48	Switch Access	ch-sta-l26	FALSE	1000	USW	USW-1G-AC24_P48	15	5	ok
CH-STA-L26-L01-DIST01::17	1000base-t	L01-ACCE27	CH-STA-L26-L01-ACCE27	24	Switch Access	ch-sta-l26	FALSE	1000	USW	USW-1G-AC27_P24	15	5	ok
CH-STA-L26-L01-DIST01::18	1000base-t	L01-ACCE28	CH-STA-L26-L01-ACCE28	24	Switch Access	ch-sta-l26	FALSE	1000	USW	USW-1G-AC28_P24	15	5	ok
CH-STA-L26-L01-DIST01::19	1000base-t	L01-ACCE29	CH-STA-L26-L01-ACCE29	24	Switch Access	ch-sta-l26	FALSE	1000	USW	USW-1G-AC29_P24	15	5	ok
CH-STA-L26-L01-DIST01::20	1000base-t	L01-ACCE30	CH-STA-L26-L01-ACCE30	24	Switch Access	ch-sta-l26	FALSE	1000	USW	USW-1G-AC30_P24	15	5	ok
CH-STA-L26-L01-DIST01::21	1000base-t	L01-ACCE31	CH-STA-L26-L01-ACCE31	24	Switch Access	ch-sta-l26	FALSE	1000	USW	USW-1G-AC31_P24	15	5	ok
CH-STA-L26-L01-DIST01::22	1000base-t	L01-ACCE32	CH-STA-L26-L01-ACCE32	24	Switch Access	ch-sta-l26	FALSE	1000	USW	USW-1G-AC32_P24	15	5	ok
CH-STA-L26-L01-DIST01::23	1000base-t	L01-ACCE33	CH-STA-L26-L01-ACCE33	24	Switch Access	ch-sta-l26	FALSE	1000	USW	USW-1G-AC33_P24	15	5	ok
CH-STA-L26-L01-DIST01::29	10gbase-x-sfpp	L02-CORE_tg.3.6	CH-STA-L26-L02-CORE01	Jan 21	Switch Core	ch-sta-l26	FALSE	10000	USW	USW-CO01_P1.21	14	6	ok
CH-STA-L26-L01-DIST01::30	10gbase-x-sfpp	L02-CORE_tg.7.6	CH-STA-L26-L02-CORE02	Jan 21	Switch Core	ch-sta-l26	FALSE	10000	USW	USW-CO02_P1.21	14	6	ok
CH-STA-L26-L01-DIST01::4	1000base-t	L01-ACCE14	CH-STA-L26-L01-ACCE14	48	Switch Access	ch-sta-l26	FALSE	1000	USW	USW-1G-AC14_P48	15	5	ok
CH-STA-L26-L01-DIST01::5	1000base-t	L01-ACCE15	CH-STA-L26-L01-ACCE15	24	Switch Access	ch-sta-l26	FALSE	1000	USW	USW-1G-AC15_P24	15	5	ok
CH-STA-L26-L01-DIST01::6	1000base-t	L01-ACCE16	CH-STA-L26-L01-ACCE16	48	Switch Access	ch-sta-l26	FALSE	1000	USW	USW-1G-AC16_P48	15	5	ok
CH-STA-L26-L01-DIST01::7	1000base-t	L01-ACCE17	CH-STA-L26-L01-ACCE17	24	Switch Access	ch-sta-l26	FALSE	1000	USW	USW-1G-AC17_P24	15	5	ok
CH-STA-L26-L01-DIST01::8	1000base-t	L01-ACCE18	CH-STA-L26-L01-ACCE18	24	Switch Access	ch-sta-l26	FALSE	1000	USW	USW-1G-AC18_P24	15	5	ok
CH-STA-L26-L01-DIST01::9	1000base-t	L01-ACCE38	CH-STA-L26-L01-ACCE38	24	Switch Access	ch-sta-l26	FALSE	1000	USW	USW-1G-AC38_P24	15	5	ok
CH-STA-L26-L01-DIST02::10	1000base-t	L01-ACCE10	CH-STA-L26-L01-ACCE10	24	Switch Access	ch-sta-l26	FALSE	1000	USW	USW-1G-AC10_P24	15	5	ok
CH-STA-L26-L01-DIST02::11	1000base-t	L01-ACCE11	CH-STA-L26-L01-ACCE11	24	Switch Access	ch-sta-l26	FALSE	1000	USW	USW-1G-AC11_P24	15	5	ok
CH-STA-L26-L01-DIST02::12	1000base-t	L01-ACCE12	CH-STA-L26-L01-ACCE12	24	Switch Access	ch-sta-l26	FALSE	1000	USW	USW-1G-AC12_P24	15	5	ok
CH-STA-L26-L01-DIST02::13	1000base-t	L01-ACCE34	CH-STA-L26-L01-ACCE34	24	Switch Access	ch-sta-l26	FALSE	1000	USW	USW-1G-AC34_P24	15	5	ok
CH-STA-L26-L01-DIST02::15	1000base-t	L01-ACCE25	CH-STA-L26-L01-ACCE25	24	Switch Access	ch-sta-l26	FALSE	1000	USW	USW-1G-AC25_P24	15	5	ok
CH-STA-L26-L01-DIST02::16	1000base-t	L01-ACCE26	CH-STA-L26-L01-ACCE26	24	Switch Access	ch-sta-l26	FALSE	1000	USW	USW-1G-AC26_P24	15	5	ok
CH-STA-L26-L01-DIST02::17	1000base-t	L01-ACCE35	CH-STA-L26-L01-ACCE35	24	Switch Access	ch-sta-l26	FALSE	1000	USW	USW-1G-AC35_P24	15	5	ok
CH-STA-L26-L01-DIST02::2	1000base-t	L01-ACCE02	CH-STA-L26-L01-ACCE02	24	Switch Access	ch-sta-l26	FALSE	1000	USW	USW-1G-AC02_P24	15	5	ok
CH-STA-L26-L01-DIST02::21	1000base-t	L01-ACCE21	CH-STA-L26-L01-ACCE21	24	Switch Access	ch-sta-l26	FALSE	1000	USW	USW-1G-AC21_P24	15	5	ok
CH-STA-L26-L01-DIST02::22	1000base-t	L01-ACCE22	CH-STA-L26-L01-ACCE22	24	Switch Access	ch-sta-l26	FALSE	1000	USW	USW-1G-AC22_P24	15	5	ok
CH-STA-L26-L01-DIST02::23	1000base-t	L01-ACCE37	CH-STA-L26-L01-ACCE37	24	Switch Access	ch-sta-l26	FALSE	1000	USW	USW-1G-AC37_P24	15	5	ok
CH-STA-L26-L01-DIST02::24	1000base-t	L01-ACCE36	CH-STA-L26-L01-ACCE36	24	Switch Access	ch-sta-l26	FALSE	1000	USW	USW-1G-AC36_P24	15	5	ok
CH-STA-L26-L01-DIST02::29	10gbase-x-sfpp	L02-CORE_tg.3.7	CH-STA-L26-L02-CORE01	Jan 22	Switch Core	ch-sta-l26	FALSE	10000	USW	USW-CO01_P1.22	14	6	ok
CH-STA-L26-L01-DIST02::3	1000base-t	L01-ACCE03	CH-STA-L26-L01-ACCE03	24	Switch Access	ch-sta-l26	FALSE	1000	USW	USW-1G-AC03_P24	15	5	ok
CH-STA-L26-L01-DIST02::30	10gbase-x-sfpp	L02-CORE_tg.7.7	CH-STA-L26-L02-CORE02	Jan 22	Switch Core	ch-sta-l26	FALSE	10000	USW	USW-CO02_P1.22	14	6	ok
CH-STA-L26-L01-DIST02::8	1000base-t	L01-ACCE08	CH-STA-L26-L01-ACCE08	24	Switch Access	ch-sta-l26	FALSE	1000	USW	USW-1G-AC08_P24	15	5	ok
CH-STA-L26-L01-DIST02::9	1000base-t	L01-ACCE09	CH-STA-L26-L01-ACCE09	48	Switch Access	ch-sta-l26	FALSE	1000	USW	USW-1G-AC09_P48	15	5	ok
CH-STA-L26-L02-ACCE01::1	1000base-t		CH-STA-L26-L02-ACPO01	mgmt0	Access Point	ch-sta-l26	TRUE	1000	UP	UP-L02-AP01	11	9	ok
CH-STA-L26-L02-ACCE01::2	1000base-t		CH-STA-L26-L02-ACPO02	mgmt0	Access Point	ch-sta-l26	TRUE	1000	UP	UP-L02-AP02	11	9	ok
CH-STA-L26-L02-ACCE01::24	1000base-t	UPLINK	CH-STA-L26-L02-DIST01	1	Switch Dist	ch-sta-l26	FALSE	1000	USW	USW-1G-L02-DI01_P1	18	2	ok
CH-STA-L26-L02-ACCE01::3	1000base-t		CH-STA-L26-L02-ACPO03	mgmt0	Access Point	ch-sta-l26	TRUE	1000	UP	UP-L02-AP03	11	9	ok
CH-STA-L26-L02-ACCE01::4	1000base-t		CH-STA-L26-L02-ACPO04	mgmt0	Access Point	ch-sta-l26	TRUE	1000	UP	UP-L02-AP04	11	9	ok
CH-STA-L26-L02-ACCE01::5	1000base-t		CH-STA-L26-L02-ACPO05	mgmt0	Access Point	ch-sta-l26	TRUE	1000	UP	UP-L02-AP05	11	9	ok
CH-STA-L26-L02-ACCE01::6	1000base-t		CH-STA-L26-L02-ACPO06	mgmt0	Access Point	ch-sta-l26	TRUE	1000	UP	UP-L02-AP06	11	9	ok
CH-STA-L26-L02-ACCE01::7	1000base-t		CH-STA-L26-L02-ACPO07	mgmt0	Access Point	ch-sta-l26	TRUE	1000	UP	UP-L02-AP07	11	9	ok
CH-STA-L26-L02-ACCE01::8	1000base-t		CH-STA-L26-L02-ACPO08	mgmt0	Access Point	ch-sta-l26	TRUE	1000	UP	UP-L02-AP08	11	9	ok
CH-STA-L26-L02-ACCE02::24	1000base-t	UPLINK	CH-STA-L26-L02-DIST01	2	Switch Dist	ch-sta-l26	FALSE	1000	USW	USW-1G-L02-DI01_P2	18	2	ok
CH-STA-L26-L02-ACCE03::24	1000base-t	UPLINK	CH-STA-L26-L02-DIST01	3	Switch Dist	ch-sta-l26	FALSE	1000	USW	USW-1G-L02-DI01_P3	18	2	ok
CH-STA-L26-L02-ACCE04::24	1000base-t	UPLINK	CH-STA-L26-L02-DIST01	4	Switch Dist	ch-sta-l26	FALSE	1000	USW	USW-1G-L02-DI01_P4	18	2	ok
CH-STA-L26-L02-ACCE05::48	1000base-t	UPLINK	CH-STA-L26-L02-DIST01	5	Switch Dist	ch-sta-l26	FALSE	1000	USW	USW-1G-L02-DI01_P5	18	2	ok
CH-STA-L26-L02-ACCE06::24	1000base-t	UPLINK	CH-STA-L26-L02-DIST01	6	Switch Dist	ch-sta-l26	FALSE	1000	USW	USW-1G-L02-DI01_P6	18	2	ok
CH-STA-L26-L02-ACCE07::24	1000base-t	UPLINK	CH-STA-L26-L02-DIST01	7	Switch Dist	ch-sta-l26	FALSE	1000	USW	USW-1G-L02-DI01_P7	18	2	ok
CH-STA-L26-L02-ACCE08::24	1000base-t	UPLINK	CH-STA-L26-L02-DIST01	8	Switch Dist	ch-sta-l26	FALSE	1000	USW	USW-1G-L02-DI01_P8	18	2	ok
CH-STA-L26-L02-ACCE09::24	1000base-t	UPLINK	CH-STA-L26-L02-DIST01	9	Switch Dist	ch-sta-l26	FALSE	1000	USW	USW-1G-L02-DI01_P9	18	2	ok
CH-STA-L26-L02-ACCE10::24	1000base-t	UPLINK	CH-STA-L26-L02-DIST01	10	Switch Dist	ch-sta-l26	FALSE	1000	USW	USW-1G-DI01_P10	15	5	ok
CH-STA-L26-L02-ACCE11::24	1000base-t	UPLINK	CH-STA-L26-L02-DIST01	11	Switch Dist	ch-sta-l26	FALSE	1000	USW	USW-1G-DI01_P11	15	5	ok
CH-STA-L26-L02-ACCE12::24	1000base-t	UPLINK	CH-STA-L26-L02-DIST01	12	Switch Dist	ch-sta-l26	FALSE	1000	USW	USW-1G-DI01_P12	15	5	ok
CH-STA-L26-L02-ACCE13::24	1000base-t	UPLINK	CH-STA-L26-L02-DIST01	13	Switch Dist	ch-sta-l26	FALSE	1000	USW	USW-1G-DI01_P13	15	5	ok
CH-STA-L26-L02-ACCE14::24	1000base-t	UPLINK	CH-STA-L26-L02-DIST01	14	Switch Dist	ch-sta-l26	FALSE	1000	USW	USW-1G-DI01_P14	15	5	ok
CH-STA-L26-L02-ACCE15::48	1000base-t	UPLINK	CH-STA-L26-L02-DIST01	15	Switch Dist	ch-sta-l26	FALSE	1000	USW	USW-1G-DI01_P15	15	5	ok
CH-STA-L26-L02-ACCE16::24	1000base-t	UPLINK	CH-STA-L26-L02-DIST01	20	Switch Dist	ch-sta-l26	FALSE	1000	USW	USW-1G-DI01_P20	15	5	ok
CH-STA-L26-L02-ACCE17::24	1000base-t	UPLINK	CH-STA-L26-L02-DIST01	17	Switch Dist	ch-sta-l26	FALSE	1000	USW	USW-1G-DI01_P17	15	5	ok
CH-STA-L26-L02-ACCE18::24	1000base-t	UPLINK	CH-STA-L26-L02-DIST01	18	Switch Dist	ch-sta-l26	FALSE	1000	USW	USW-1G-DI01_P18	15	5	ok
CH-STA-L26-L02-ACCE19::24	1000base-t		CH-STA-L26-L02-DIST01	19	Switch Dist	ch-sta-l26	FALSE	1000	USW	USW-1G-DI01_P19	15	5	ok
CH-STA-L26-L02-ACCE20::24	1000base-t	UPLINK	CH-STA-L26-L02-DIST01	16	Switch Dist	ch-sta-l26	FALSE	1000	USW	USW-1G-DI01_P16	15	5	ok
CH-STA-L26-L02-DIST01::1	1000base-t	ACCE01_p24	CH-STA-L26-L02-ACCE01	24	Switch Access	ch-sta-l26	FALSE	1000	USW	USW-1G-AC01_P24	15	5	ok
CH-STA-L26-L02-DIST01::10	1000base-t	ACCE10_p24	CH-STA-L26-L02-ACCE10	24	Switch Access	ch-sta-l26	FALSE	1000	USW	USW-1G-AC10_P24	15	5	ok
CH-STA-L26-L02-DIST01::11	1000base-t	ACCE11_p24	CH-STA-L26-L02-ACCE11	24	Switch Access	ch-sta-l26	FALSE	1000	USW	USW-1G-AC11_P24	15	5	ok
CH-STA-L26-L02-DIST01::12	1000base-t	ACCE12_p24	CH-STA-L26-L02-ACCE12	24	Switch Access	ch-sta-l26	FALSE	1000	USW	USW-1G-AC12_P24	15	5	ok
CH-STA-L26-L02-DIST01::13	1000base-t	ACCE13_p24	CH-STA-L26-L02-ACCE13	24	Switch Access	ch-sta-l26	FALSE	1000	USW	USW-1G-AC13_P24	15	5	ok
CH-STA-L26-L02-DIST01::14	1000base-t	ACCE14_p24	CH-STA-L26-L02-ACCE14	24	Switch Access	ch-sta-l26	FALSE	1000	USW	USW-1G-AC14_P24	15	5	ok
CH-STA-L26-L02-DIST01::15	1000base-t	ACCE15_p48	CH-STA-L26-L02-ACCE15	48	Switch Access	ch-sta-l26	FALSE	1000	USW	USW-1G-AC15_P48	15	5	ok
CH-STA-L26-L02-DIST01::16	1000base-t	ACCE20_p24	CH-STA-L26-L02-ACCE20	24	Switch Access	ch-sta-l26	FALSE	1000	USW	USW-1G-AC20_P24	15	5	ok
CH-STA-L26-L02-DIST01::17	1000base-t	ACCE17_p24	CH-STA-L26-L02-ACCE17	24	Switch Access	ch-sta-l26	FALSE	1000	USW	USW-1G-AC17_P24	15	5	ok
CH-STA-L26-L02-DIST01::18	1000base-t	ACCE18_p24	CH-STA-L26-L02-ACCE18	24	Switch Access	ch-sta-l26	FALSE	1000	USW	USW-1G-AC18_P24	15	5	ok
CH-STA-L26-L02-DIST01::19	1000base-t	ACCE19_p24	CH-STA-L26-L02-ACCE19	24	Switch Access	ch-sta-l26	FALSE	1000	USW	USW-1G-AC19_P24	15	5	ok
CH-STA-L26-L02-DIST01::2	1000base-t	ACCE02_p24	CH-STA-L26-L02-ACCE02	24	Switch Access	ch-sta-l26	FALSE	1000	USW	USW-1G-AC02_P24	15	5	ok
CH-STA-L26-L02-DIST01::20	1000base-t	ACCE16_p24	CH-STA-L26-L02-ACCE16	24	Switch Access	ch-sta-l26	FALSE	1000	USW	USW-1G-AC16_P24	15	5	ok
CH-STA-L26-L02-DIST01::29	10gbase-x-sfpp	L02-CORE_tg.7.8	CH-STA-L26-L02-CORE01	Jan 23	Switch Core	ch-sta-l26	FALSE	10000	USW	USW-CO01_P1.23	14	6	ok
CH-STA-L26-L02-DIST01::3	1000base-t	ACCE03_p24	CH-STA-L26-L02-ACCE03	24	Switch Access	ch-sta-l26	FALSE	1000	USW	USW-1G-AC03_P24	15	5	ok
CH-STA-L26-L02-DIST01::30	10gbase-x-sfpp	L02-CORE_tg.3.8	CH-STA-L26-L02-CORE02	Jan 23	Switch Core	ch-sta-l26	FALSE	10000	USW	USW-CO02_P1.23	14	6	ok
CH-STA-L26-L02-DIST01::4	1000base-t	ACCE04_p24	CH-STA-L26-L02-ACCE04	24	Switch Access	ch-sta-l26	FALSE	1000	USW	USW-1G-AC04_P24	15	5	ok
CH-STA-L26-L02-DIST01::5	1000base-t	ACCE05_p28	CH-STA-L26-L02-ACCE05	48	Switch Access	ch-sta-l26	FALSE	1000	USW	USW-1G-AC05_P48	15	5	ok
CH-STA-L26-L02-DIST01::6	1000base-t	ACCE06_p24	CH-STA-L26-L02-ACCE06	24	Switch Access	ch-sta-l26	FALSE	1000	USW	USW-1G-AC06_P24	15	5	ok
CH-STA-L26-L02-DIST01::7	1000base-t	ACCE07_p24	CH-STA-L26-L02-ACCE07	24	Switch Access	ch-sta-l26	FALSE	1000	USW	USW-1G-AC07_P24	15	5	ok
CH-STA-L26-L02-DIST01::8	1000base-t	ACCE08_p24	CH-STA-L26-L02-ACCE08	24	Switch Access	ch-sta-l26	FALSE	1000	USW	USW-1G-AC08_P24	15	5	ok
CH-STA-L26-L02-DIST01::9	1000base-t	ACCE09_p24	CH-STA-L26-L02-ACCE09	24	Switch Access	ch-sta-l26	FALSE	1000	USW	USW-1G-AC09_P24	15	5	ok
CH-STA-L26-L02-CORE01::1/19	10gbase-x-sfpp	L26-GFL-Di02:29	CH-STA-L26-GFL-DIST01	29	Switch Dist	ch-sta-l26	FALSE	10000	USW	USW-DI01_P29	12	8	ok
CH-STA-L26-L02-CORE01::1/2	10gbase-x-sfpp	S-FWZONE:X1	CH-STA-L26-FWZone01	x1	Firewall	ch-sta-l26	FALSE	10000	USW	USW-FW01_X1	11	9	ok
CH-STA-L26-L02-CORE01::1/20	10gbase-x-sfpp	L26-GFL-Di01:29	CH-STA-L26-GFL-DIST02	29	Switch Dist	ch-sta-l26	FALSE	10000	USW	USW-DI02_P29	12	8	ok
CH-STA-L26-L02-CORE01::1/21	10gbase-x-sfpp	L26-L01-Di01:29	CH-STA-L26-L01-DIST01	29	Switch Dist	ch-sta-l26	FALSE	10000	USW	USW-DI01_P29	12	8	ok
CH-STA-L26-L02-CORE01::1/22	10gbase-x-sfpp	L26-L01-Di02:29	CH-STA-L26-L01-DIST02	29	Switch Dist	ch-sta-l26	FALSE	10000	USW	USW-DI02_P29	12	8	ok
CH-STA-L26-L02-CORE01::1/23	10gbase-x-sfpp	L26-L02-Di01:30	CH-STA-L26-L02-DIST01	29	Switch Dist	ch-sta-l26	FALSE	10000	USW	USW-DI01_P29	12	8	ok
CH-STA-L26-L02-CORE01::1/24	10gbase-x-sfpp	NNI:L26-Co02:1/24	CH-STA-L26-L02-CORE02	Jan 24	Switch Core	ch-sta-l26	FALSE	10000	USW	USW-CO02_P1.24	14	6	ok
CH-STA-L26-L02-CORE01::1/3	10gbase-x-sfpp	S-FWZONE:X3	CH-STA-L26-FWZone01	x3	Firewall	ch-sta-l26	FALSE	10000	USW	USW-FW01_X3	11	9	ok
CH-STA-L26-L02-CORE01::1/4	1000base-t	FWZONE-HA1	CH-STA-L26-FWZone01	ha	Firewall	ch-sta-l26	FALSE	1000	USW	USW-1G-FW01_HA	14	6	ok
CH-STA-L26-L02-CORE01::1/7	10gbase-x-sfpp	NNI:L26-L02-MGMT01_1/29	CH-STA-L26-L02-MGMT03	Jan 29	Switch Mgmt	ch-sta-l26	FALSE	10000	USW	USW-MG03_P1.29	14	6	ok
CH-STA-L26-L02-CORE01::2/1	10gbase-x-sfpp	NNI:L26-Co02:2/1	CH-STA-L26-L02-CORE02	02. Jan	Switch Core	ch-sta-l26	FALSE	10000	USW	USW-CO02_P2.1	13	7	ok
CH-STA-L26-L02-CORE01::2/2	10gbase-x-sfpp	NNI:L50-Co01:2/2	CH-STA-L50-L01-CORE01	02. Feb	Switch Core	ch-sta-l50	FALSE	10000	USW	USW-CO01_P2.2	13	7	ok
CH-STA-L26-L02-CORE01::2/3	10gbase-x-sfpp	NNI:L50-Co01:2/3	CH-STA-L50-L01-CORE01	02. Mär	Switch Core	ch-sta-l50	FALSE	10000	USW	USW-CO01_P2.3	13	7	ok
CH-STA-L26-L02-CORE01::2/4	10gbase-x-sfpp	NNI:L26-Co03:2/4	CH-STA-L26-L02-MGMT01	Jan 22	Switch Mgmt	ch-sta-l26	FALSE	10000	USW	USW-MG01_P1.22	14	6	ok
CH-STA-L26-L02-CORE02::1/19	10gbase-x-sfpp	L26-GFL-Di02:30	CH-STA-L26-GFL-DIST01	30	Switch Dist	ch-sta-l26	FALSE	10000	USW	USW-DI01_P30	12	8	ok
CH-STA-L26-L02-CORE02::1/2	10gbase-x-sfpp	S-FWZONE:X2	CH-STA-L26-FWZone01	x2	Firewall	ch-sta-l26	FALSE	10000	USW	USW-FW01_X2	11	9	ok
CH-STA-L26-L02-CORE02::1/20	10gbase-x-sfpp	L26-GFL-Di01:30	CH-STA-L26-GFL-DIST02	30	Switch Dist	ch-sta-l26	FALSE	10000	USW	USW-DI02_P30	12	8	ok
CH-STA-L26-L02-CORE02::1/21	10gbase-x-sfpp	L26-L01-Di01:30	CH-STA-L26-L01-DIST01	30	Switch Dist	ch-sta-l26	FALSE	10000	USW	USW-DI01_P30	12	8	ok
CH-STA-L26-L02-CORE02::1/22	10gbase-x-sfpp	L26-L01-Di02:30	CH-STA-L26-L01-DIST02	30	Switch Dist	ch-sta-l26	FALSE	10000	USW	USW-DI02_P30	12	8	ok
CH-STA-L26-L02-CORE02::1/23	10gbase-x-sfpp	L26-L02-Di01:29	CH-STA-L26-L02-DIST01	30	Switch Dist	ch-sta-l26	FALSE	10000	USW	USW-DI01_P30	12	8	ok
CH-STA-L26-L02-CORE02::1/24	10gbase-x-sfpp	NNI:L26-Co01:1/24	CH-STA-L26-L02-CORE01	Jan 24	Switch Core	ch-sta-l26	FALSE	10000	USW	USW-CO01_P1.24	14	6	ok
CH-STA-L26-L02-CORE02::1/3	10gbase-x-sfpp	S-FWZONE:X4	CH-STA-L26-FWZone01	x4	Firewall	ch-sta-l26	FALSE	10000	USW	USW-FW01_X4	11	9	ok
CH-STA-L26-L02-CORE02::1/4	1000base-t	FWZONE-HA2	CH-STA-L26-FWZone01	port1	Firewall	ch-sta-l26	FALSE	1000	USW	USW-1G-FW01_P1	14	6	ok
CH-STA-L26-L02-CORE02::1/7	10gbase-x-sfpp	NNI:L26-L02-MGMT01_1/30	CH-STA-L26-L02-MGMT03	Jan 30	Switch Mgmt	ch-sta-l26	FALSE	10000	USW	USW-MG03_P1.30	14	6	ok
CH-STA-L26-L02-CORE02::2/1	10gbase-x-sfpp	NNI:L26-Co01:2/1	CH-STA-L26-L02-CORE01	02. Jan	Switch Core	ch-sta-l26	FALSE	10000	USW	USW-CO01_P2.1	13	7	ok
CH-STA-L26-L02-CORE02::2/2	10gbase-x-sfpp	NNI:L50-Co02:2/2	CH-STA-L50-L01-CORE02	02. Feb	Switch Core	ch-sta-l50	FALSE	10000	USW	USW-CO02_P2.2	13	7	ok
CH-STA-L26-L02-CORE02::2/3	10gbase-x-sfpp	NNI:L50-Co02:2/3	CH-STA-L50-L01-CORE02	02. Mär	Switch Core	ch-sta-l50	FALSE	10000	USW	USW-CO02_P2.3	13	7	ok
CH-STA-L26-L02-CORE02::2/4	10gbase-x-sfpp	NNI:L26-Co04:2/4	CH-STA-L26-L02-MGMT02	Jan 22	Switch Mgmt	ch-sta-l26	FALSE	10000	USW	USW-MG02_P1.22	14	6	ok
CH-STA-L26-L02-MGMT01::1/22	10gbase-x-sfpp	NNI:L26-Co01:1/22	CH-STA-L26-L02-CORE01	02. Apr	Switch Core	ch-sta-l26	FALSE	10000	USW	USW-CO01_P2.4	13	7	ok
CH-STA-L26-L02-MGMT01::1/23	10gbase-x-sfpp	NNI:L26-MGMT02:1/23	CH-STA-L26-L02-MGMT02	Jan 23	Switch Mgmt	ch-sta-l26	FALSE	10000	USW	USW-MG02_P1.23	14	6	ok
CH-STA-L26-L02-MGMT01::1/24	10gbase-x-sfpp	NNI:L26-MGMT02:1/24	CH-STA-L26-L02-MGMT02	Jan 24	Switch Mgmt	ch-sta-l26	FALSE	10000	USW	USW-MG02_P1.24	14	6	ok
CH-STA-L26-L02-MGMT02::1/22	10gbase-x-sfpp	NNI:L26-Co02:1/22	CH-STA-L26-L02-CORE02	02. Apr	Switch Core	ch-sta-l26	FALSE	10000	USW	USW-CO02_P2.4	13	7	ok
CH-STA-L26-L02-MGMT02::1/23	10gbase-x-sfpp	NNI:L26-MGMT01:1/23	CH-STA-L26-L02-MGMT01	Jan 23	Switch Mgmt	ch-sta-l26	FALSE	10000	USW	USW-MG01_P1.23	14	6	ok
CH-STA-L26-L02-MGMT02::1/24	10gbase-x-sfpp	NNI:L26-MGMT01:1/24	CH-STA-L26-L02-MGMT01	Jan 24	Switch Mgmt	ch-sta-l26	FALSE	10000	USW	USW-MG01_P1.24	14	6	ok
CH-STA-L26-L02-MGMT03::1/1	1000base-t	COH-N01-ILO	lr50-san10-n01.sensirion.lokal	Embedded NIC 1 Port 1 Partition 1 (NIC.Embedded.1-1)	Cohesity	ch-sta-l50	TRUE	1000	MON	MON-L50-CY01	12	8	ok
CH-STA-L26-L02-MGMT03::1/10	1000base-t	COH-N10-ILO	lr50-san10-n11.sensirion.lokal	Embedded NIC 1 Port 1 Partition 1 (NIC.Embedded.1-1)	Cohesity	ch-sta-l50	TRUE	1000	MON	MON-L50-CY11	12	8	ok
CH-STA-L26-L02-MGMT03::1/11	1000base-t	COH-N11-ILO	lr50-san10-n10.sensirion.lokal	Embedded NIC 1 Port 1 Partition 1 (NIC.Embedded.1-1)	Cohesity	ch-sta-l50	TRUE	1000	MON	MON-L50-CY10	12	8	ok
CH-STA-L26-L02-MGMT03::1/12	1000base-t	COH-N12-ILO	lr50-san10-n12.sensirion.lokal	Embedded NIC 1 Port 1 Partition 1 (NIC.Embedded.1-1)	Cohesity	ch-sta-l50	TRUE	1000	MON	MON-L50-CY12	12	8	ok
CH-STA-L26-L02-MGMT03::1/13	1000base-t	COH-N13-ILO	lr50-san10-n13.sensirion.lokal	Embedded NIC 1 Port 1 Partition 1 (NIC.Embedded.1-1)	Cohesity	ch-sta-l50	TRUE	1000	MON	MON-L50-CY13	12	8	ok
CH-STA-L26-L02-MGMT03::1/14	1000base-t	COH-N14-ILO	lr50-san10-n14.sensirion.lokal	Embedded NIC 1 Port 1 Partition 1 (NIC.Embedded.1-1)	Cohesity	ch-sta-l50	TRUE	1000	MON	MON-L50-CY14	12	8	ok
CH-STA-L26-L02-MGMT03::1/15	1000base-t	COH-N15-ILO	lr50-san10-n15.sensirion.lokal	Embedded NIC 1 Port 1 Partition 1 (NIC.Embedded.1-1)	Cohesity	ch-sta-l50	TRUE	1000	MON	MON-L50-CY15	12	8	ok
CH-STA-L26-L02-MGMT03::1/16	1000base-t	COH-N16-ILO	lr50-san10-n16.sensirion.lokal	Embedded NIC 1 Port 1 Partition 1 (NIC.Embedded.1-1)	Cohesity	ch-sta-l50	TRUE	1000	MON	MON-L50-CY16	12	8	ok
CH-STA-L26-L02-MGMT03::1/2	1000base-t	COH-N02-ILO	lr50-san10-n02.sensirion.lokal	Embedded NIC 1 Port 1 Partition 1 (NIC.Embedded.1-1)	Cohesity	ch-sta-l50	TRUE	1000	MON	MON-L50-CY02	12	8	ok
CH-STA-L26-L02-MGMT03::1/3	1000base-t	COH-N03-ILO	lr50-san10-n03.sensirion.lokal	Embedded NIC 1 Port 1 Partition 1 (NIC.Embedded.1-1)	Cohesity	ch-sta-l50	TRUE	1000	MON	MON-L50-CY03	12	8	ok
CH-STA-L26-L02-MGMT03::1/4	1000base-t	COH-N04-ILO	lr50-san10-n04.sensirion.lokal	Embedded NIC 1 Port 1 Partition 1 (NIC.Embedded.1-1)	Cohesity	ch-sta-l50	TRUE	1000	MON	MON-L50-CY04	12	8	ok
CH-STA-L26-L02-MGMT03::1/5	1000base-t	COH-N05-ILO	lr50-san10-n05.sensirion.lokal	Embedded NIC 1 Port 1 Partition 1 (NIC.Embedded.1-1)	Cohesity	ch-sta-l50	TRUE	1000	MON	MON-L50-CY05	12	8	ok
CH-STA-L26-L02-MGMT03::1/6	1000base-t	COH-N06-ILO	lr50-san10-n06.sensirion.lokal	Embedded NIC 1 Port 1 Partition 1 (NIC.Embedded.1-1)	Cohesity	ch-sta-l50	TRUE	1000	MON	MON-L50-CY06	12	8	ok
CH-STA-L26-L02-MGMT03::1/7	1000base-t	COH-N07-ILO	lr50-san10-n08.sensirion.lokal	Embedded NIC 1 Port 1 Partition 1 (NIC.Embedded.1-1)	Cohesity	ch-sta-l50	TRUE	1000	MON	MON-L50-CY08	12	8	ok
CH-STA-L26-L02-MGMT03::1/8	1000base-t	COH-N08-ILO	lr50-san10-n07.sensirion.lokal	Embedded NIC 1 Port 1 Partition 1 (NIC.Embedded.1-1)	Cohesity	ch-sta-l50	TRUE	1000	MON	MON-L50-CY07	12	8	ok
CH-STA-L26-L02-MGMT03::1/9	1000base-t	COH-N09-ILO	lr50-san10-n09.sensirion.lokal	Embedded NIC 1 Port 1 Partition 1 (NIC.Embedded.1-1)	Cohesity	ch-sta-l50	TRUE	1000	MON	MON-L50-CY09	12	8	ok
CH-STA-L26-L02-MGMT03::1/18	1000base-t	FWZone-MGMT	CH-STA-L26-FWZone01	mgmt	Firewall	ch-sta-l26	TRUE	1000	USW	USW-1G-FW01_MGMT	16	4	ok
CH-STA-L26-L02-MGMT03::1/19	1000base-t	S-FWZONE_p13	CH-STA-L26-FWZone01	port13	Firewall	ch-sta-l26	FALSE	1000	USW	USW-1G-FW01_P13	15	5	ok
CH-STA-L26-L02-MGMT03::1/20	1000base-t	S-FWZONE_p14	CH-STA-L26-FWZone01	port14	Firewall	ch-sta-l26	FALSE	1000	USW	USW-1G-FW01_P14	15	5	ok
CH-STA-L26-L02-MGMT03::1/21	1000base-t	S-FWZONE_p15	CH-STA-L26-FWZone01	port15	Firewall	ch-sta-l26	FALSE	1000	USW	USW-1G-FW01_P15	15	5	ok
CH-STA-L26-L02-MGMT03::1/22	1000base-t	S-FWZONE_p16	CH-STA-L26-FWZone01	port16	Firewall	ch-sta-l26	FALSE	1000	USW	USW-1G-FW01_P16	15	5	ok
CH-STA-L26-L02-MGMT03::1/29	10gbase-x-sfpp	NNI-port	CH-STA-L26-L02-CORE01	01. Jul	Switch Core	ch-sta-l26	FALSE	10000	USW	USW-CO01_P1.7	13	7	ok
CH-STA-L26-L02-MGMT03::1/30	10gbase-x-sfpp	NNI-port	CH-STA-L26-L02-CORE02	01. Jul	Switch Core	ch-sta-l26	FALSE	10000	USW	USW-CO02_P1.7	13	7	ok
CH-STA-L42-CORE01-1::1:14	10gbase-x-sfpp	LR50-CORE_tg.3.1	CH-STA-L50-L01-CORE02	Jan 22	Switch Core	ch-sta-l50	FALSE	10000	USW	USW-CO02_P1.22	14	6	ok
CH-STA-L42-CORE01-1::1:15	extreme-summitstack	Stack-CORE02_p16	CH-STA-L42-CORE01-2	02:16	Switch Core	ch-sta-l42	FALSE		USW	USW-CO01-2	10	10	ok
CH-STA-L42-CORE01-1::1:16	extreme-summitstack	Stack-CORE02_p15	CH-STA-L42-CORE01-2	02:15	Switch Core	ch-sta-l42	FALSE		USW	USW-CO01-2	10	10	ok
CH-STA-L42-CORE01-1::1:3	1000base-x-sfp	L42-L02-DIST01_p	CH-STA-L42-L02-DIST01	29	Switch Dist	ch-sta-l42	FALSE	1000	USW	USW-1G-DI01_P29	15	5	ok
CH-STA-L42-CORE01-1::1:4	1000base-x-sfp	L42-L03-DIST01_p	CH-STA-L42-L03-DIST01	30	Switch Dist	ch-sta-l42	FALSE	1000	USW	USW-1G-DI01_P30	15	5	ok
CH-STA-L42-CORE01-1::1:5	1000base-x-sfp	L42-L04-DIST01_p	CH-STA-L42-L04-DIST01	23	Switch Dist	ch-sta-l42	FALSE	1000	USW	USW-1G-DI01_P23	15	5	ok
CH-STA-L42-CORE01-2::2:14	10gbase-x-sfpp	LR50-CORE_tg.7.1	CH-STA-L50-L01-CORE01	Jan 22	Switch Core	ch-sta-l50	FALSE	10000	USW	USW-CO01_P1.22	14	6	ok
CH-STA-L42-CORE01-2::2:15	extreme-summitstack	Stack-CORE01_p16	CH-STA-L42-CORE01-1	01:16	Switch Core	ch-sta-l42	FALSE		USW	USW-CO01-1	10	10	ok
CH-STA-L42-CORE01-2::2:16	extreme-summitstack	Stack-CORE01_p15	CH-STA-L42-CORE01-1	01:15	Switch Core	ch-sta-l42	FALSE		USW	USW-CO01-1	10	10	ok
CH-STA-L42-CORE01-2::2:3	1000base-x-sfp	L42-L02-DIST01_p	CH-STA-L42-L02-DIST01	30	Switch Dist	ch-sta-l42	FALSE	1000	USW	USW-1G-DI01_P30	15	5	ok
CH-STA-L42-CORE01-2::2:4	1000base-x-sfp	L42-L03-DIST01_p	CH-STA-L42-L03-DIST01	29	Switch Dist	ch-sta-l42	FALSE	1000	USW	USW-1G-DI01_P29	15	5	ok
CH-STA-L42-CORE01-2::2:5	1000base-x-sfp	L42-L04-DIST01_p	CH-STA-L42-L04-DIST01	24	Switch Dist	ch-sta-l42	FALSE	1000	USW	USW-1G-DI01_P24	15	5	ok
CH-STA-L42-L02-ACCE01::1	1000base-t	L02-ACPO01	CH-STA-L42-L02-ACPO01	mgmt0	Access Point	ch-sta-l42	TRUE	1000	UP	UP-L02-AP01	11	9	ok
CH-STA-L42-L02-ACCE01::2	1000base-t	L02-ACPO02	CH-STA-L42-L02-ACPO02	mgmt0	Access Point	ch-sta-l42	TRUE	1000	UP	UP-L02-AP02	11	9	ok
CH-STA-L42-L02-ACCE01::23	1000base-t	L02-DIST01_p1	CH-STA-L42-L02-DIST01	1	Switch Dist	ch-sta-l42	FALSE	1000	USW	USW-1G-L02-DI01_P1	18	2	ok
CH-STA-L42-L02-ACCE01::24	1000base-t	L02-DIST01_p2	CH-STA-L42-L02-DIST01	2	Switch Dist	ch-sta-l42	FALSE	1000	USW	USW-1G-L02-DI01_P2	18	2	ok
CH-STA-L42-L02-ACCE01::3	1000base-t	L02-ACPO03	CH-STA-L42-L02-ACPO03	mgmt0	Access Point	ch-sta-l42	TRUE	1000	UP	UP-L02-AP03	11	9	ok
CH-STA-L42-L02-ACCE01::4	1000base-t	L02-ACPO04	CH-STA-L42-L02-ACPO04	mgmt0	Access Point	ch-sta-l42	TRUE	1000	UP	UP-L02-AP04	11	9	ok
CH-STA-L42-L02-ACCE01::5	1000base-t	L02-ACPO05	CH-STA-L42-L02-ACPO05	mgmt0	Access Point	ch-sta-l42	TRUE	1000	UP	UP-L02-AP05	11	9	ok
CH-STA-L42-L02-ACCE02::23	1000base-t	L02-DIST01_p2	CH-STA-L42-L02-DIST01	3	Switch Dist	ch-sta-l42	FALSE	1000	USW	USW-1G-L02-DI01_P3	18	2	ok
CH-STA-L42-L02-ACCE02::24	1000base-t	L02-DIST01_p3	CH-STA-L42-L02-DIST01	4	Switch Dist	ch-sta-l42	FALSE	1000	USW	USW-1G-L02-DI01_P4	18	2	ok
CH-STA-L42-L02-ACCE03::23	1000base-t	L02-DIST01_p5	CH-STA-L42-L02-DIST01	5	Switch Dist	ch-sta-l42	FALSE	1000	USW	USW-1G-L02-DI01_P5	18	2	ok
CH-STA-L42-L02-ACCE03::24	1000base-t	L02-DIST01_p6	CH-STA-L42-L02-DIST01	6	Switch Dist	ch-sta-l42	FALSE	1000	USW	USW-1G-L02-DI01_P6	18	2	ok
CH-STA-L42-L02-ACCE04::23	1000base-t	L02-DIST01_p7	CH-STA-L42-L02-DIST01	7	Switch Dist	ch-sta-l42	FALSE	1000	USW	USW-1G-L02-DI01_P7	18	2	ok
CH-STA-L42-L02-ACCE04::24	1000base-t	L02-DIST01_p8	CH-STA-L42-L02-DIST01	8	Switch Dist	ch-sta-l42	FALSE	1000	USW	USW-1G-L02-DI01_P8	18	2	ok
CH-STA-L42-L02-ACCE05::23	1000base-t	L02-DIST01_p5	CH-STA-L42-L02-DIST01	9	Switch Dist	ch-sta-l42	FALSE	1000	USW	USW-1G-L02-DI01_P9	18	2	ok
CH-STA-L42-L02-ACCE05::24	1000base-t	L02-DIST01_p6	CH-STA-L42-L02-DIST01	10	Switch Dist	ch-sta-l42	FALSE	1000	USW	USW-1G-DI01_P10	15	5	ok
CH-STA-L42-L02-DIST01::1	1000base-t	L02-ACCE01_p23	CH-STA-L42-L02-ACCE01	23	Switch Access	ch-sta-l42	FALSE	1000	USW	USW-1G-AC01_P23	15	5	ok
CH-STA-L42-L02-DIST01::10	1000base-t	L02-ACCE05_p24	CH-STA-L42-L02-ACCE05	24	Switch Access	ch-sta-l42	FALSE	1000	USW	USW-1G-AC05_P24	15	5	ok
CH-STA-L42-L02-DIST01::2	1000base-t	L02-ACCE01_p24	CH-STA-L42-L02-ACCE01	24	Switch Access	ch-sta-l42	FALSE	1000	USW	USW-1G-AC01_P24	15	5	ok
CH-STA-L42-L02-DIST01::29	1000base-x-sfp	L04-CORE01_p3	CH-STA-L42-CORE01-1	01:03	Switch Core	ch-sta-l42	FALSE	1000	USW	USW-1G-CO01-1_P1.3	18	2	ok
CH-STA-L42-L02-DIST01::3	1000base-t	L02-ACCE02_p23	CH-STA-L42-L02-ACCE02	23	Switch Access	ch-sta-l42	FALSE	1000	USW	USW-1G-AC02_P23	15	5	ok
CH-STA-L42-L02-DIST01::30	1000base-x-sfp	L04-CORE02_p3	CH-STA-L42-CORE01-2	02:03	Switch Core	ch-sta-l42	FALSE	1000	USW	USW-1G-CO01-2_P2.3	18	2	ok
CH-STA-L42-L02-DIST01::4	1000base-t	L02-ACCE02_p24	CH-STA-L42-L02-ACCE02	24	Switch Access	ch-sta-l42	FALSE	1000	USW	USW-1G-AC02_P24	15	5	ok
CH-STA-L42-L02-DIST01::5	1000base-t	L02-ACCE03_p23	CH-STA-L42-L02-ACCE03	23	Switch Access	ch-sta-l42	FALSE	1000	USW	USW-1G-AC03_P23	15	5	ok
CH-STA-L42-L02-DIST01::6	1000base-t	L02-ACCE03_p24	CH-STA-L42-L02-ACCE03	24	Switch Access	ch-sta-l42	FALSE	1000	USW	USW-1G-AC03_P24	15	5	ok
CH-STA-L42-L02-DIST01::7	1000base-t	L02-ACCE04_p23	CH-STA-L42-L02-ACCE04	23	Switch Access	ch-sta-l42	FALSE	1000	USW	USW-1G-AC04_P23	15	5	ok
CH-STA-L42-L02-DIST01::8	1000base-t	L02-ACCE04_p24	CH-STA-L42-L02-ACCE04	24	Switch Access	ch-sta-l42	FALSE	1000	USW	USW-1G-AC04_P24	15	5	ok
CH-STA-L42-L02-DIST01::9	1000base-t	L02-ACCE05_p23	CH-STA-L42-L02-ACCE05	23	Switch Access	ch-sta-l42	FALSE	1000	USW	USW-1G-AC05_P23	15	5	ok
CH-STA-L42-L03-ACCE01::23	1000base-t	L03-DIST01_p1	CH-STA-L42-L03-DIST01	1	Switch Dist	ch-sta-l42	FALSE	1000	USW	USW-1G-L03-DI01_P1	18	2	ok
CH-STA-L42-L03-ACCE01::24	1000base-t	L03-DIST01_p2	CH-STA-L42-L03-DIST01	2	Switch Dist	ch-sta-l42	FALSE	1000	USW	USW-1G-L03-DI01_P2	18	2	ok
CH-STA-L42-L03-ACCE02::1	1000base-t		CH-STA-L42-L03-ACPO01	mgmt0	Access Point	ch-sta-l42	TRUE	1000	UP	UP-L03-AP01	11	9	ok
CH-STA-L42-L03-ACCE02::2	1000base-t		CH-STA-L42-L03-ACPO02	mgmt0	Access Point	ch-sta-l42	TRUE	1000	UP	UP-L03-AP02	11	9	ok
CH-STA-L42-L03-ACCE02::23	1000base-t	L03-DIST01_p3	CH-STA-L42-L03-DIST01	3	Switch Dist	ch-sta-l42	FALSE	1000	USW	USW-1G-L03-DI01_P3	18	2	ok
CH-STA-L42-L03-ACCE02::24	1000base-t	L03-DIST01_p4	CH-STA-L42-L03-DIST01	4	Switch Dist	ch-sta-l42	FALSE	1000	USW	USW-1G-L03-DI01_P4	18	2	ok
CH-STA-L42-L03-ACCE02::3	1000base-t		CH-STA-L42-L03-ACPO03	mgmt0	Access Point	ch-sta-l42	TRUE	1000	UP	UP-L03-AP03	11	9	ok
CH-STA-L42-L03-ACCE02::4	1000base-t		CH-STA-L42-L03-ACPO04	mgmt0	Access Point	ch-sta-l42	TRUE	1000	UP	UP-L03-AP04	11	9	ok
CH-STA-L42-L03-ACCE02::5	1000base-t		CH-STA-L42-L03-ACPO06	mgmt0	Access Point	ch-sta-l42	TRUE	1000	UP	UP-L03-AP06	11	9	ok
CH-STA-L42-L03-ACCE02::6	1000base-t		CH-STA-L42-L03-ACPO05	mgmt0	Access Point	ch-sta-l42	TRUE	1000	UP	UP-L03-AP05	11	9	ok
CH-STA-L42-L03-ACCE03::23	1000base-t	L03-DIST01_p5	CH-STA-L42-L03-DIST01	5	Switch Dist	ch-sta-l42	FALSE	1000	USW	USW-1G-L03-DI01_P5	18	2	ok
CH-STA-L42-L03-ACCE03::24	1000base-t	L03-DIST01_p6	CH-STA-L42-L03-DIST01	6	Switch Dist	ch-sta-l42	FALSE	1000	USW	USW-1G-L03-DI01_P6	18	2	ok
CH-STA-L42-L03-DIST01::1	1000base-t	L03-ACCE01_p23	CH-STA-L42-L03-ACCE01	23	Switch Access	ch-sta-l42	FALSE	1000	USW	USW-1G-AC01_P23	15	5	ok
CH-STA-L42-L03-DIST01::2	1000base-t	L03-ACCE01_p24	CH-STA-L42-L03-ACCE01	24	Switch Access	ch-sta-l42	FALSE	1000	USW	USW-1G-AC01_P24	15	5	ok
CH-STA-L42-L03-DIST01::29	1000base-x-sfp	L04-CORE01_p3	CH-STA-L42-CORE01-2	02:04	Switch Core	ch-sta-l42	FALSE	1000	USW	USW-1G-CO01-2_P2.4	18	2	ok
CH-STA-L42-L03-DIST01::3	1000base-t	L03-ACCE02_p23	CH-STA-L42-L03-ACCE02	23	Switch Access	ch-sta-l42	FALSE	1000	USW	USW-1G-AC02_P23	15	5	ok
CH-STA-L42-L03-DIST01::30	1000base-x-sfp	L04-CORE02_p3	CH-STA-L42-CORE01-1	01:04	Switch Core	ch-sta-l42	FALSE	1000	USW	USW-1G-CO01-1_P1.4	18	2	ok
CH-STA-L42-L03-DIST01::4	1000base-t	L03-ACCE02_p24	CH-STA-L42-L03-ACCE02	24	Switch Access	ch-sta-l42	FALSE	1000	USW	USW-1G-AC02_P24	15	5	ok
CH-STA-L42-L03-DIST01::5	1000base-t	L03-ACCE03_p23	CH-STA-L42-L03-ACCE03	23	Switch Access	ch-sta-l42	FALSE	1000	USW	USW-1G-AC03_P23	15	5	ok
CH-STA-L42-L03-DIST01::6	1000base-t	L03-ACCE03_p24	CH-STA-L42-L03-ACCE03	24	Switch Access	ch-sta-l42	FALSE	1000	USW	USW-1G-AC03_P24	15	5	ok
CH-STA-L42-L04-ACCE01::47	1000base-t	L03-DIST01_p1	CH-STA-L42-L04-DIST01	1	Switch Dist	ch-sta-l42	FALSE	1000	USW	USW-1G-L04-DI01_P1	18	2	ok
CH-STA-L42-L04-ACCE01::48	1000base-t	L03-DIST01_p2	CH-STA-L42-L04-DIST01	2	Switch Dist	ch-sta-l42	FALSE	1000	USW	USW-1G-L04-DI01_P2	18	2	ok
CH-STA-L42-L04-ACCE02::1	1000base-t		CH-STA-L42-L04-ACPO01	mgmt0	Access Point	ch-sta-l42	TRUE	1000	UP	UP-L04-AP01	11	9	ok
CH-STA-L42-L04-ACCE02::2	1000base-t		CH-STA-L42-L04-ACPO02	mgmt0	Access Point	ch-sta-l42	TRUE	1000	UP	UP-L04-AP02	11	9	ok
CH-STA-L42-L04-ACCE02::23	1000base-t	L04-DIST01_p3	CH-STA-L42-L04-DIST01	3	Switch Dist	ch-sta-l42	FALSE	1000	USW	USW-1G-L04-DI01_P3	18	2	ok
CH-STA-L42-L04-ACCE02::24	1000base-t	L04-DIST01_p4	CH-STA-L42-L04-DIST01	4	Switch Dist	ch-sta-l42	FALSE	1000	USW	USW-1G-L04-DI01_P4	18	2	ok
CH-STA-L42-L04-ACCE02::3	1000base-t		CH-STA-L42-L04-ACPO03	mgmt0	Access Point	ch-sta-l42	TRUE	1000	UP	UP-L04-AP03	11	9	ok
CH-STA-L42-L04-ACCE02::4	1000base-t		CH-STA-L42-L04-ACPO04	mgmt0	Access Point	ch-sta-l42	TRUE	1000	UP	UP-L04-AP04	11	9	ok
CH-STA-L42-L04-DIST01::1	1000base-t	L04-ACCE01_p47	CH-STA-L42-L04-ACCE01	47	Switch Access	ch-sta-l42	FALSE	1000	USW	USW-1G-AC01_P47	15	5	ok
CH-STA-L42-L04-DIST01::2	1000base-t	L04-ACCE01_p48	CH-STA-L42-L04-ACCE01	48	Switch Access	ch-sta-l42	FALSE	1000	USW	USW-1G-AC01_P48	15	5	ok
CH-STA-L42-L04-DIST01::23	1000base-x-sfp	L04-CORE_p1:5	CH-STA-L42-CORE01-1	01:05	Switch Core	ch-sta-l42	FALSE	1000	USW	USW-1G-CO01-1_P1.5	18	2	ok
CH-STA-L42-L04-DIST01::24	1000base-x-sfp	L04-CORE_p2:5	CH-STA-L42-CORE01-2	02:05	Switch Core	ch-sta-l42	FALSE	1000	USW	USW-1G-CO01-2_P2.5	18	2	ok
CH-STA-L42-L04-DIST01::3	1000base-t	L04-ACCE02_p23	CH-STA-L42-L04-ACCE02	23	Switch Access	ch-sta-l42	FALSE	1000	USW	USW-1G-AC02_P23	15	5	ok
CH-STA-L42-L04-DIST01::4	1000base-t	L04-ACCE02_p24	CH-STA-L42-L04-ACCE02	24	Switch Access	ch-sta-l42	FALSE	1000	USW	USW-1G-AC02_P24	15	5	ok
CH-STA-L44-B01-ACCE02::24	1000base-t	UPLINK	CH-STA-L44-GFL-DIST02	21	Switch Dist	ch-sta-l44	FALSE	1000	USW	USW-1G-DI02_P21	15	5	ok
CH-STA-L44-GFL-ACCE01::1	1000base-t	GFL-ACPO01	CH-STA-L44-GFL-ACPO01	mgmt0	Access Point	ch-sta-l44	TRUE	1000	UP	UP-GFL-AP01	11	9	ok
CH-STA-L44-GFL-ACCE01::2	1000base-t	GFL-ACPO02	CH-STA-L44-GFL-ACPO02	mgmt0	Access Point	ch-sta-l44	TRUE	1000	UP	UP-GFL-AP02	11	9	ok
CH-STA-L44-GFL-ACCE01::24	1000base-t	UPLINK	CH-STA-L44-GFL-DIST01	1	Switch Dist	ch-sta-l44	FALSE	1000	USW	USW-1G-GFL-DI01_P1	18	2	ok
CH-STA-L44-GFL-ACCE01::3	1000base-t	GFL-ACPO03	CH-STA-L44-GFL-ACPO03	mgmt0	Access Point	ch-sta-l44	TRUE	1000	UP	UP-GFL-AP03	11	9	ok
CH-STA-L44-GFL-ACCE01::4	1000base-t	GFL-ACPO04	CH-STA-L44-GFL-ACPO04	mgmt0	Access Point	ch-sta-l44	TRUE	1000	UP	UP-GFL-AP04	11	9	ok
CH-STA-L44-GFL-ACCE01::5	1000base-t	GFL-ACPO05	CH-STA-L44-GFL-ACPO05	mgmt0	Access Point	ch-sta-l44	TRUE	1000	UP	UP-GFL-AP05	11	9	ok
CH-STA-L44-GFL-ACCE01::6	1000base-t	B01-ACPO01	CH-STA-L44-B01-ACPO01	mgmt0	Access Point	ch-sta-l44	TRUE	1000	UP	UP-B01-AP01	11	9	ok
CH-STA-L44-GFL-ACCE01::7	1000base-t	GFL-ACPO07	CH-STA-L44-GFL-ACPO07	mgmt0	Access Point	ch-sta-l44	TRUE	1000	UP	UP-GFL-AP07	11	9	ok
CH-STA-L44-GFL-ACCE02::10	1000base-t	B01-ACPO03	CH-STA-L44-B01-ACPO03	mgmt0	Access Point	ch-sta-l44	TRUE	1000	UP	UP-B01-AP03	11	9	ok
CH-STA-L44-GFL-ACCE02::11	1000base-t	B01-ACPO02	CH-STA-L44-B01-ACPO02	mgmt0	Access Point	ch-sta-l44	TRUE	1000	UP	UP-B01-AP02	11	9	ok
CH-STA-L44-GFL-ACCE02::12	1000base-t	B01-ACPO04	CH-STA-L44-B01-ACPO04	mgmt0	Access Point	ch-sta-l44	TRUE	1000	UP	UP-B01-AP04	11	9	ok
CH-STA-L44-GFL-ACCE02::24	1000base-t	UPLINK	CH-STA-L44-GFL-DIST02	1	Switch Dist	ch-sta-l44	FALSE	1000	USW	USW-1G-GFL-DI02_P1	18	2	ok
CH-STA-L44-GFL-ACCE02::6	1000base-t	GFL-ACPO06	CH-STA-L44-GFL-ACPO06	mgmt0	Access Point	ch-sta-l44	TRUE	1000	UP	UP-GFL-AP06	11	9	ok
CH-STA-L44-GFL-ACCE02::8	1000base-t	GFL-ACPO08	CH-STA-L44-GFL-ACPO08	mgmt0	Access Point	ch-sta-l44	TRUE	1000	UP	UP-GFL-AP08	11	9	ok
CH-STA-L44-GFL-ACCE03::24	1000base-t		CH-STA-L44-GFL-DIST01	2	Switch Dist	ch-sta-l44	FALSE	1000	USW	USW-1G-GFL-DI01_P2	18	2	ok
CH-STA-L44-GFL-ACCE04::24	1000base-t		CH-STA-L44-GFL-DIST02	2	Switch Dist	ch-sta-l44	FALSE	1000	USW	USW-1G-GFL-DI02_P2	18	2	ok
CH-STA-L44-GFL-ACCE05::48	1000base-t	GFL-DIST01_p3	CH-STA-L44-GFL-DIST01	3	Switch Dist	ch-sta-l44	FALSE	1000	USW	USW-1G-GFL-DI01_P3	18	2	ok
CH-STA-L44-GFL-ACCE06::24	1000base-t	GFL-DIST01_p4	CH-STA-L44-GFL-DIST01	4	Switch Dist	ch-sta-l44	FALSE	1000	USW	USW-1G-GFL-DI01_P4	18	2	ok
CH-STA-L44-GFL-ACCE07::24	1000base-t	GFL-DIST02_p3	CH-STA-L44-GFL-DIST02	3	Switch Dist	ch-sta-l44	FALSE	1000	USW	USW-1G-GFL-DI02_P3	18	2	ok
CH-STA-L44-GFL-ACCE08::48	1000base-t	GFL-DIST02_p4	CH-STA-L44-GFL-DIST02	4	Switch Dist	ch-sta-l44	FALSE	1000	USW	USW-1G-GFL-DI02_P4	18	2	ok
CH-STA-L44-GFL-DIST01::1	1000base-t	GFL-ACCE01_p24	CH-STA-L44-GFL-ACCE01	24	Switch Access	ch-sta-l44	FALSE	1000	USW	USW-1G-AC01_P24	15	5	ok
CH-STA-L44-GFL-DIST01::2	1000base-t	GFL-ACCE03_p24	CH-STA-L44-GFL-ACCE03	24	Switch Access	ch-sta-l44	FALSE	1000	USW	USW-1G-AC03_P24	15	5	ok
CH-STA-L44-GFL-DIST01::29	10gbase-x-sfpp	L02-CORE01	CH-STA-L44-L02-CORE01-1	01:02	Switch Core	ch-sta-l44	FALSE	10000	USW	USW-CO01-1_P1.2	15	5	ok
CH-STA-L44-GFL-DIST01::3	1000base-t	GFL-ACCE05_p24	CH-STA-L44-GFL-ACCE05	48	Switch Access	ch-sta-l44	FALSE	1000	USW	USW-1G-AC05_P48	15	5	ok
CH-STA-L44-GFL-DIST01::30	10gbase-x-sfpp	L02-CORE02	CH-STA-L44-L02-CORE01-2	02:02	Switch Core	ch-sta-l44	FALSE	10000	USW	USW-CO01-2_P2.2	15	5	ok
CH-STA-L44-GFL-DIST01::4	1000base-t	GFL-ACCE06_p24	CH-STA-L44-GFL-ACCE06	24	Switch Access	ch-sta-l44	FALSE	1000	USW	USW-1G-AC06_P24	15	5	ok
CH-STA-L44-GFL-DIST02::1	1000base-t	GFL-ACCE02_p24	CH-STA-L44-GFL-ACCE02	24	Switch Access	ch-sta-l44	FALSE	1000	USW	USW-1G-AC02_P24	15	5	ok
CH-STA-L44-GFL-DIST02::2	1000base-t	GFL-ACCE04_p24	CH-STA-L44-GFL-ACCE04	24	Switch Access	ch-sta-l44	FALSE	1000	USW	USW-1G-AC04_P24	15	5	ok
CH-STA-L44-GFL-DIST02::21	1000base-t	B01-ACCE01_p24	CH-STA-L44-B01-ACCE02	24	Switch Access	ch-sta-l44	FALSE	1000	USW	USW-1G-AC02_P24	15	5	ok
CH-STA-L44-GFL-DIST02::29	10gbase-x-sfpp	L02-CORE01	CH-STA-L44-L02-CORE01-1	01:03	Switch Core	ch-sta-l44	FALSE	10000	USW	USW-CO01-1_P1.3	15	5	ok
CH-STA-L44-GFL-DIST02::3	1000base-t	GFL-ACCE07_p24	CH-STA-L44-GFL-ACCE07	24	Switch Access	ch-sta-l44	FALSE	1000	USW	USW-1G-AC07_P24	15	5	ok
CH-STA-L44-GFL-DIST02::30	10gbase-x-sfpp	L02-CORE02	CH-STA-L44-L02-CORE01-2	02:03	Switch Core	ch-sta-l44	FALSE	10000	USW	USW-CO01-2_P2.3	15	5	ok
CH-STA-L44-GFL-DIST02::4	1000base-t	GFL-ACCE08_p48	CH-STA-L44-GFL-ACCE08	48	Switch Access	ch-sta-l44	FALSE	1000	USW	USW-1G-AC08_P48	15	5	ok
CH-STA-L44-L01-ACCE01::2	1000base-t	L01-ACPO02	CH-STA-L44-L01-ACPO02	mgmt0	Access Point	ch-sta-l44	TRUE	1000	UP	UP-L01-AP02	11	9	ok
CH-STA-L44-L01-ACCE01::24	1000base-t		CH-STA-L44-L01-DIST01	1	Switch Dist	ch-sta-l44	FALSE	1000	USW	USW-1G-L01-DI01_P1	18	2	ok
CH-STA-L44-L01-ACCE01::3	1000base-t	L01-ACPO03	CH-STA-L44-L01-ACPO03	mgmt0	Access Point	ch-sta-l44	TRUE	1000	UP	UP-L01-AP03	11	9	ok
CH-STA-L44-L01-ACCE01::5	1000base-t	L01-ACPO05	CH-STA-L44-L01-ACPO05	mgmt0	Access Point	ch-sta-l44	TRUE	1000	UP	UP-L01-AP05	11	9	ok
CH-STA-L44-L01-ACCE01::6	1000base-t	L01-ACPO06	CH-STA-L44-L01-ACPO06	mgmt0	Access Point	ch-sta-l44	TRUE	1000	UP	UP-L01-AP06	11	9	ok
CH-STA-L44-L01-ACCE01::9	1000base-t	GFL-ACPO09	CH-STA-L44-GFL-ACPO09	mgmt0	Access Point	ch-sta-l44	TRUE	1000	UP	UP-GFL-AP09	11	9	ok
CH-STA-L44-L01-ACCE02::1	1000base-t	L01-ACPO01	CH-STA-L44-L01-ACPO01	mgmt0	Access Point	ch-sta-l44	TRUE	1000	UP	UP-L01-AP01	11	9	ok
CH-STA-L44-L01-ACCE02::2	1000base-t	L01-ACPO11	CH-STA-L44-L01-ACPO11	mgmt0	Access Point	ch-sta-l44	TRUE	1000	UP	UP-L01-AP11	11	9	ok
CH-STA-L44-L01-ACCE02::23	1000base-t	L01-DIST02	CH-STA-L44-L01-DIST02	2	Switch Dist	ch-sta-l44	FALSE	1000	USW	USW-1G-L01-DI02_P2	18	2	ok
CH-STA-L44-L01-ACCE02::24	1000base-t	L01-DIST02	CH-STA-L44-L01-DIST02	1	Switch Dist	ch-sta-l44	FALSE	1000	USW	USW-1G-L01-DI02_P1	18	2	ok
CH-STA-L44-L01-ACCE02::3	1000base-t	L01-ACPO07	CH-STA-L44-L01-ACPO07	mgmt0	Access Point	ch-sta-l44	TRUE	1000	UP	UP-L01-AP07	11	9	ok
CH-STA-L44-L01-ACCE02::4	1000base-t	L01-ACPO04	CH-STA-L44-L01-ACPO04	mgmt0	Access Point	ch-sta-l44	TRUE	1000	UP	UP-L01-AP04	11	9	ok
CH-STA-L44-L01-ACCE02::5	1000base-t	L01-ACPO09	CH-STA-L44-L01-ACPO09	mgmt0	Access Point	ch-sta-l44	TRUE	1000	UP	UP-L01-AP09	11	9	ok
CH-STA-L44-L01-ACCE02::6	1000base-t	L01-ACPO10	CH-STA-L44-L01-ACPO10	mgmt0	Access Point	ch-sta-l44	TRUE	1000	UP	UP-L01-AP10	11	9	ok
CH-STA-L44-L01-ACCE02::7	1000base-t	L01-ACPO12	CH-STA-L44-L01-ACPO12	mgmt0	Access Point	ch-sta-l44	TRUE	1000	UP	UP-L01-AP12	11	9	ok
CH-STA-L44-L01-ACCE03::48	1000base-t		CH-STA-L44-L01-DIST01	2	Switch Dist	ch-sta-l44	FALSE	1000	USW	USW-1G-L01-DI01_P2	18	2	ok
CH-STA-L44-L01-ACCE04::48	1000base-t		CH-STA-L44-L01-DIST01	3	Switch Dist	ch-sta-l44	FALSE	1000	USW	USW-1G-L01-DI01_P3	18	2	ok
CH-STA-L44-L01-ACCE05::23	1000base-t	L01_DIST02	CH-STA-L44-L01-DIST02	4	Switch Dist	ch-sta-l44	FALSE	1000	USW	USW-1G-L01-DI02_P4	18	2	ok
CH-STA-L44-L01-ACCE05::24	1000base-t	L01_DIST02	CH-STA-L44-L01-DIST02	3	Switch Dist	ch-sta-l44	FALSE	1000	USW	USW-1G-L01-DI02_P3	18	2	ok
CH-STA-L44-L01-ACCE06::23	1000base-x-sfp		CH-STA-L44-L02-CORE01-1	01:09	Switch Core	ch-sta-l44	FALSE	1000	USW	USW-1G-CO01-1_P1.9	18	2	ok
CH-STA-L44-L01-ACCE07::23	1000base-t	L01-DIST02	CH-STA-L44-L01-DIST02	6	Switch Dist	ch-sta-l44	FALSE	1000	USW	USW-1G-L01-DI02_P6	18	2	ok
CH-STA-L44-L01-ACCE07::24	1000base-t	L01-DIST02	CH-STA-L44-L01-DIST02	5	Switch Dist	ch-sta-l44	FALSE	1000	USW	USW-1G-L01-DI02_P5	18	2	ok
CH-STA-L44-L01-ACCE08::23	1000base-t	L01-DIST02	CH-STA-L44-L01-DIST02	7	Switch Dist	ch-sta-l44	FALSE	1000	USW	USW-1G-L01-DI02_P7	18	2	ok
CH-STA-L44-L01-ACCE08::24	1000base-t	L01-DIST02	CH-STA-L44-L01-DIST02	8	Switch Dist	ch-sta-l44	FALSE	1000	USW	USW-1G-L01-DI02_P8	18	2	ok
CH-STA-L44-L01-DIST01::1	1000base-t	L01-ACCE01_p24	CH-STA-L44-L01-ACCE01	24	Switch Access	ch-sta-l44	FALSE	1000	USW	USW-1G-AC01_P24	15	5	ok
CH-STA-L44-L01-DIST01::2	1000base-t	L01-ACCE03_p48	CH-STA-L44-L01-ACCE03	48	Switch Access	ch-sta-l44	FALSE	1000	USW	USW-1G-AC03_P48	15	5	ok
CH-STA-L44-L01-DIST01::29	10gbase-x-sfpp	L02-CORE01	CH-STA-L44-L02-CORE01-1	01:04	Switch Core	ch-sta-l44	FALSE	10000	USW	USW-CO01-1_P1.4	15	5	ok
CH-STA-L44-L01-DIST01::3	1000base-t	L01-ACCE04_p48	CH-STA-L44-L01-ACCE04	48	Switch Access	ch-sta-l44	FALSE	1000	USW	USW-1G-AC04_P48	15	5	ok
CH-STA-L44-L01-DIST01::30	10gbase-x-sfpp	L02-CORE02	CH-STA-L44-L02-CORE01-2	02:04	Switch Core	ch-sta-l44	FALSE	10000	USW	USW-CO01-2_P2.4	15	5	ok
CH-STA-L44-L01-DIST02::1	1000base-t	ACCE02_p24	CH-STA-L44-L01-ACCE02	24	Switch Access	ch-sta-l44	FALSE	1000	USW	USW-1G-AC02_P24	15	5	ok
CH-STA-L44-L01-DIST02::2	1000base-t	ACCE05_p24	CH-STA-L44-L01-ACCE02	23	Switch Access	ch-sta-l44	FALSE	1000	USW	USW-1G-AC02_P23	15	5	ok
CH-STA-L44-L01-DIST02::23	1000base-x-sfp	L02-CORE01	CH-STA-L44-L02-CORE01-2	02:05	Switch Core	ch-sta-l44	FALSE	1000	USW	USW-1G-CO01-2_P2.5	18	2	ok
CH-STA-L44-L01-DIST02::24	1000base-x-sfp	L02-CORE01	CH-STA-L44-L02-CORE01-1	01:05	Switch Core	ch-sta-l44	FALSE	1000	USW	USW-1G-CO01-1_P1.5	18	2	ok
CH-STA-L44-L01-DIST02::3	1000base-t	L01-ACCE05	CH-STA-L44-L01-ACCE05	24	Switch Access	ch-sta-l44	FALSE	1000	USW	USW-1G-AC05_P24	15	5	ok
CH-STA-L44-L01-DIST02::4	1000base-t	L01-ACCE05	CH-STA-L44-L01-ACCE05	23	Switch Access	ch-sta-l44	FALSE	1000	USW	USW-1G-AC05_P23	15	5	ok
CH-STA-L44-L01-DIST02::5	1000base-t	L01-ACCE07	CH-STA-L44-L01-ACCE07	24	Switch Access	ch-sta-l44	FALSE	1000	USW	USW-1G-AC07_P24	15	5	ok
CH-STA-L44-L01-DIST02::6	1000base-t	L01-ACCE07	CH-STA-L44-L01-ACCE07	23	Switch Access	ch-sta-l44	FALSE	1000	USW	USW-1G-AC07_P23	15	5	ok
CH-STA-L44-L01-DIST02::7	1000base-t	L01-ACCE08	CH-STA-L44-L01-ACCE08	23	Switch Access	ch-sta-l44	FALSE	1000	USW	USW-1G-AC08_P23	15	5	ok
CH-STA-L44-L01-DIST02::8	1000base-t	L01-ACCE08	CH-STA-L44-L01-ACCE08	24	Switch Access	ch-sta-l44	FALSE	1000	USW	USW-1G-AC08_P24	15	5	ok
CH-STA-L44-L02-ACCE01::1	1000base-t		CH-STA-L44-L02-ACPO01	mgmt0	Access Point	ch-sta-l44	TRUE	1000	UP	UP-L02-AP01	11	9	ok
CH-STA-L44-L02-ACCE01::14	1000base-t		CH-STA-L44-L02-ACPO12	mgmt0	Access Point	ch-sta-l44	TRUE	1000	UP	UP-L02-AP12	11	9	ok
CH-STA-L44-L02-ACCE01::2	1000base-t		CH-STA-L44-L02-ACPO02	mgmt0	Access Point	ch-sta-l44	TRUE	1000	UP	UP-L02-AP02	11	9	ok
CH-STA-L44-L02-ACCE01::24	1000base-t	L02-DIST01_p1	CH-STA-L44-L02-DIST01	1	Switch Dist	ch-sta-l44	FALSE	1000	USW	USW-1G-L02-DI01_P1	18	2	ok
CH-STA-L44-L02-ACCE01::3	1000base-t		CH-STA-L44-L02-ACPO03	mgmt0	Access Point	ch-sta-l44	TRUE	1000	UP	UP-L02-AP03	11	9	ok
CH-STA-L44-L02-ACCE01::4	1000base-t		CH-STA-L44-L02-ACPO04	mgmt0	Access Point	ch-sta-l44	TRUE	1000	UP	UP-L02-AP04	11	9	ok
CH-STA-L44-L02-ACCE01::8	1000base-t		CH-STA-L44-L02-ACPO08	mgmt0	Access Point	ch-sta-l44	TRUE	1000	UP	UP-L02-AP08	11	9	ok
CH-STA-L44-L02-ACCE02::10	1000base-t		CH-STA-L44-L02-ACPO10	mgmt0	Access Point	ch-sta-l44	TRUE	1000	UP	UP-L02-AP10	11	9	ok
CH-STA-L44-L02-ACCE02::14	1000base-t		CH-STA-L44-L02-ACPO13	mgmt0	Access Point	ch-sta-l44	TRUE	1000	UP	UP-L02-AP13	11	9	ok
CH-STA-L44-L02-ACCE02::24	1000base-t	UPLINK	CH-STA-L44-L02-DIST02	1	Switch Dist	ch-sta-l44	FALSE	1000	USW	USW-1G-L02-DI02_P1	18	2	ok
CH-STA-L44-L02-ACCE02::5	1000base-t		CH-STA-L44-L02-ACPO05	mgmt0	Access Point	ch-sta-l44	TRUE	1000	UP	UP-L02-AP05	11	9	ok
CH-STA-L44-L02-ACCE02::6	1000base-t		CH-STA-L44-L02-ACPO06	mgmt0	Access Point	ch-sta-l44	TRUE	1000	UP	UP-L02-AP06	11	9	ok
CH-STA-L44-L02-ACCE02::7	1000base-t		CH-STA-L44-L02-ACPO07	mgmt0	Access Point	ch-sta-l44	TRUE	1000	UP	UP-L02-AP07	11	9	ok
CH-STA-L44-L02-ACCE02::9	1000base-t		CH-STA-L44-L02-ACPO09	mgmt0	Access Point	ch-sta-l44	TRUE	1000	UP	UP-L02-AP09	11	9	ok
CH-STA-L44-L02-ACCE03::29	1000base-x-sfp	CORE_p1:8	CH-STA-L44-L02-CORE01-1	01:08	Switch Core	ch-sta-l44	FALSE	1000	USW	USW-1G-CO01-1_P1.8	18	2	ok
CH-STA-L44-L02-ACCE03::30	1000base-x-sfp	CORE_p2:8	CH-STA-L44-L02-CORE01-2	02:08	Switch Core	ch-sta-l44	FALSE	1000	USW	USW-1G-CO01-2_P2.8	18	2	ok
CH-STA-L44-L02-ACCE05::48	1000base-t	L02-DIST01_p2	CH-STA-L44-L02-DIST01	2	Switch Dist	ch-sta-l44	FALSE	1000	USW	USW-1G-L02-DI01_P2	18	2	ok
CH-STA-L44-L02-ACCE06::24	1000base-t	L02-DIST01_p3	CH-STA-L44-L02-DIST01	3	Switch Dist	ch-sta-l44	FALSE	1000	USW	USW-1G-L02-DI01_P3	18	2	ok
CH-STA-L44-L02-ACCE07::24	1000base-t	L02-DIST01_p4	CH-STA-L44-L02-DIST01	4	Switch Dist	ch-sta-l44	FALSE	1000	USW	USW-1G-L02-DI01_P4	18	2	ok
CH-STA-L44-L02-ACCE08::24	1000base-t	L02-DIST01_p5	CH-STA-L44-L02-DIST01	5	Switch Dist	ch-sta-l44	FALSE	1000	USW	USW-1G-L02-DI01_P5	18	2	ok
CH-STA-L44-L02-ACCE09::24	1000base-t	L02-DIST01_p6	CH-STA-L44-L02-DIST01	6	Switch Dist	ch-sta-l44	FALSE	1000	USW	USW-1G-L02-DI01_P6	18	2	ok
CH-STA-L44-L02-ACCE10::24	1000base-t	L02-DIST02_p2	CH-STA-L44-L02-DIST02	2	Switch Dist	ch-sta-l44	FALSE	1000	USW	USW-1G-L02-DI02_P2	18	2	ok
CH-STA-L44-L02-ACCE11::24	1000base-t	L02-DIST02_p3	CH-STA-L44-L02-DIST02	3	Switch Dist	ch-sta-l44	FALSE	1000	USW	USW-1G-L02-DI02_P3	18	2	ok
CH-STA-L44-L02-ACCE12::24	1000base-t	L02-DIST02_p4	CH-STA-L44-L02-DIST02	4	Switch Dist	ch-sta-l44	FALSE	1000	USW	USW-1G-L02-DI02_P4	18	2	ok
CH-STA-L44-L02-ACCE13::48	1000base-t		CH-STA-L44-L02-DIST02	5	Switch Dist	ch-sta-l44	FALSE	1000	USW	USW-1G-L02-DI02_P5	18	2	ok
CH-STA-L44-L02-ACCE14::24	1000base-t	UPLINK	CH-STA-L44-L02-DIST01	7	Switch Dist	ch-sta-l44	FALSE	1000	USW	USW-1G-L02-DI01_P7	18	2	ok
CH-STA-L44-L02-CORE01-1::1:1	10gbase-x-sfpp	LR50-CORE01_tg.3	CH-STA-L50-L01-CORE01	Jan 23	Switch Core	ch-sta-l50	FALSE	10000	USW	USW-CO01_P1.23	14	6	ok
CH-STA-L44-L02-CORE01-1::1:15	extreme-summitstack		CH-STA-L44-L02-CORE01-2	02:16	Switch Core	ch-sta-l44	FALSE		USW	USW-L02-CO01-2	14	6	ok
CH-STA-L44-L02-CORE01-1::1:16	extreme-summitstack		CH-STA-L44-L02-CORE01-2	02:15	Switch Core	ch-sta-l44	FALSE		USW	USW-L02-CO01-2	14	6	ok
CH-STA-L44-L02-CORE01-1::1:2	10gbase-x-sfpp	LR44-GFL-DIST01_	CH-STA-L44-GFL-DIST01	29	Switch Dist	ch-sta-l44	FALSE	10000	USW	USW-DI01_P29	12	8	ok
CH-STA-L44-L02-CORE01-1::1:3	10gbase-x-sfpp	LR44-GFL-DIST02_	CH-STA-L44-GFL-DIST02	29	Switch Dist	ch-sta-l44	FALSE	10000	USW	USW-DI02_P29	12	8	ok
CH-STA-L44-L02-CORE01-1::1:4	10gbase-x-sfpp	LR44-L01-DIST01_	CH-STA-L44-L01-DIST01	29	Switch Dist	ch-sta-l44	FALSE	10000	USW	USW-DI01_P29	12	8	ok
CH-STA-L44-L02-CORE01-1::1:5	1000base-t	LR44-L01-DIST02_	CH-STA-L44-L01-DIST02	24	Switch Dist	ch-sta-l44	FALSE	1000	USW	USW-1G-DI02_P24	15	5	ok
CH-STA-L44-L02-CORE01-1::1:6	10gbase-x-sfpp	LR44-L02-DIST01_	CH-STA-L44-L02-DIST01	29	Switch Dist	ch-sta-l44	FALSE	10000	USW	USW-DI01_P29	12	8	ok
CH-STA-L44-L02-CORE01-1::1:7	10gbase-x-sfpp	LR44-L02-DIST02_	CH-STA-L44-L02-DIST02	29	Switch Dist	ch-sta-l44	FALSE	10000	USW	USW-DI02_P29	12	8	ok
CH-STA-L44-L02-CORE01-1::1:8	1000base-t	L02-ACCE03_p23	CH-STA-L44-L02-ACCE03	29	Switch Access	ch-sta-l44	FALSE	1000	USW	USW-1G-AC03_P29	15	5	ok
CH-STA-L44-L02-CORE01-1::1:9	1000base-x-sfp	L01-ACCE06_p23	CH-STA-L44-L01-ACCE06	23	Switch Access	ch-sta-l44	FALSE	1000	USW	USW-1G-AC06_P23	15	5	ok
CH-STA-L44-L02-CORE01-2::2:1	10gbase-x-sfpp	LR50-CORE01_tg.7	CH-STA-L50-L01-CORE02	Jan 23	Switch Core	ch-sta-l50	FALSE	10000	USW	USW-CO02_P1.23	14	6	ok
CH-STA-L44-L02-CORE01-2::2:15	extreme-summitstack		CH-STA-L44-L02-CORE01-1	01:16	Switch Core	ch-sta-l44	FALSE		USW	USW-L02-CO01-1	14	6	ok
CH-STA-L44-L02-CORE01-2::2:16	extreme-summitstack		CH-STA-L44-L02-CORE01-1	01:15	Switch Core	ch-sta-l44	FALSE		USW	USW-L02-CO01-1	14	6	ok
CH-STA-L44-L02-CORE01-2::2:2	10gbase-x-sfpp	LR44-GFL-DIST01_	CH-STA-L44-GFL-DIST01	30	Switch Dist	ch-sta-l44	FALSE	10000	USW	USW-DI01_P30	12	8	ok
CH-STA-L44-L02-CORE01-2::2:3	10gbase-x-sfpp	LR44-GFL-DIST02_	CH-STA-L44-GFL-DIST02	30	Switch Dist	ch-sta-l44	FALSE	10000	USW	USW-DI02_P30	12	8	ok
CH-STA-L44-L02-CORE01-2::2:4	10gbase-x-sfpp	LR44-L01-DIST01_	CH-STA-L44-L01-DIST01	30	Switch Dist	ch-sta-l44	FALSE	10000	USW	USW-DI01_P30	12	8	ok
CH-STA-L44-L02-CORE01-2::2:5	1000base-x-sfp	LR44-L01-DIST02_	CH-STA-L44-L01-DIST02	23	Switch Dist	ch-sta-l44	FALSE	1000	USW	USW-1G-DI02_P23	15	5	ok
CH-STA-L44-L02-CORE01-2::2:6	10gbase-x-sfpp	LR44-L02-DIST01_	CH-STA-L44-L02-DIST01	30	Switch Dist	ch-sta-l44	FALSE	10000	USW	USW-DI01_P30	12	8	ok
CH-STA-L44-L02-CORE01-2::2:7	10gbase-x-sfpp	LR44-L02-DIST02_	CH-STA-L44-L02-DIST02	30	Switch Dist	ch-sta-l44	FALSE	10000	USW	USW-DI02_P30	12	8	ok
CH-STA-L44-L02-CORE01-2::2:8	1000base-x-sfp	L02-ACCE03_p24	CH-STA-L44-L02-ACCE03	30	Switch Access	ch-sta-l44	FALSE	1000	USW	USW-1G-AC03_P30	15	5	ok
CH-STA-L44-L02-DIST01::1	1000base-t	ACCE01_p24	CH-STA-L44-L02-ACCE01	24	Switch Access	ch-sta-l44	FALSE	1000	USW	USW-1G-AC01_P24	15	5	ok
CH-STA-L44-L02-DIST01::2	1000base-t	ACCE05_p48	CH-STA-L44-L02-ACCE05	48	Switch Access	ch-sta-l44	FALSE	1000	USW	USW-1G-AC05_P48	15	5	ok
CH-STA-L44-L02-DIST01::29	10gbase-x-sfpp	L02-CORE01	CH-STA-L44-L02-CORE01-1	01:06	Switch Core	ch-sta-l44	FALSE	10000	USW	USW-CO01-1_P1.6	15	5	ok
CH-STA-L44-L02-DIST01::3	1000base-t	ACCE06_p24	CH-STA-L44-L02-ACCE06	24	Switch Access	ch-sta-l44	FALSE	1000	USW	USW-1G-AC06_P24	15	5	ok
CH-STA-L44-L02-DIST01::30	10gbase-x-sfpp	L02-CORE02	CH-STA-L44-L02-CORE01-2	02:06	Switch Core	ch-sta-l44	FALSE	10000	USW	USW-CO01-2_P2.6	15	5	ok
CH-STA-L44-L02-DIST01::4	1000base-t	ACCE07_p24	CH-STA-L44-L02-ACCE07	24	Switch Access	ch-sta-l44	FALSE	1000	USW	USW-1G-AC07_P24	15	5	ok
CH-STA-L44-L02-DIST01::5	1000base-t	ACCE08_p24	CH-STA-L44-L02-ACCE08	24	Switch Access	ch-sta-l44	FALSE	1000	USW	USW-1G-AC08_P24	15	5	ok
CH-STA-L44-L02-DIST01::6	1000base-t	ACCE09_p24	CH-STA-L44-L02-ACCE09	24	Switch Access	ch-sta-l44	FALSE	1000	USW	USW-1G-AC09_P24	15	5	ok
CH-STA-L44-L02-DIST01::7	1000base-t	ACCE04_p24	CH-STA-L44-L02-ACCE14	24	Switch Access	ch-sta-l44	FALSE	1000	USW	USW-1G-AC14_P24	15	5	ok
CH-STA-L44-L02-DIST02::1	1000base-t	L02-ACCE02_p24	CH-STA-L44-L02-ACCE02	24	Switch Access	ch-sta-l44	FALSE	1000	USW	USW-1G-AC02_P24	15	5	ok
CH-STA-L44-L02-DIST02::2	1000base-t	L02-ACCE10_p24	CH-STA-L44-L02-ACCE10	24	Switch Access	ch-sta-l44	FALSE	1000	USW	USW-1G-AC10_P24	15	5	ok
CH-STA-L44-L02-DIST02::29	10gbase-x-sfpp	L02-CORE01	CH-STA-L44-L02-CORE01-1	01:07	Switch Core	ch-sta-l44	FALSE	10000	USW	USW-CO01-1_P1.7	15	5	ok
CH-STA-L44-L02-DIST02::3	1000base-t	L02-ACCE11_p24	CH-STA-L44-L02-ACCE11	24	Switch Access	ch-sta-l44	FALSE	1000	USW	USW-1G-AC11_P24	15	5	ok
CH-STA-L44-L02-DIST02::30	10gbase-x-sfpp	L02-CORE02	CH-STA-L44-L02-CORE01-2	02:07	Switch Core	ch-sta-l44	FALSE	10000	USW	USW-CO01-2_P2.7	15	5	ok
CH-STA-L44-L02-DIST02::4	1000base-t	L02-ACCE12_p24	CH-STA-L44-L02-ACCE12	24	Switch Access	ch-sta-l44	FALSE	1000	USW	USW-1G-AC12_P24	15	5	ok
CH-STA-L44-L02-DIST02::5	1000base-t	L02-ACCE13_p24	CH-STA-L44-L02-ACCE13	48	Switch Access	ch-sta-l44	FALSE	1000	USW	USW-1G-AC13_P48	15	5	ok
CH-STA-L50-B01-ACCE01::1	1000base-t	B01-ACPO03	CH-STA-L50-B01-ACPO03	mgmt0	Access Point	ch-sta-l50	TRUE	1000	UP	UP-B01-AP03	11	9	ok
CH-STA-L50-B01-ACCE01::21	1000base-t	B01-ACPO04	CH-STA-L50-B01-ACPO04	mgmt0	Access Point	ch-sta-l50	TRUE	1000	UP	UP-B01-AP04	11	9	ok
CH-STA-L50-B01-ACCE01::24	1000base-t	B01-DIST01_p1	CH-STA-L50-B01-DIST01	1	Switch Dist	ch-sta-l50	FALSE	1000	USW	USW-1G-B01-DI01_P1	18	2	ok
CH-STA-L50-B01-ACCE02::24	1000base-t	B01-DIST01_p2	CH-STA-L50-B01-DIST01	2	Switch Dist	ch-sta-l50	FALSE	1000	USW	USW-1G-B01-DI01_P2	18	2	ok
CH-STA-L50-B01-DIST01::1	1000base-t	B01-ACCE01_p24	CH-STA-L50-B01-ACCE01	24	Switch Access	ch-sta-l50	FALSE	1000	USW	USW-1G-AC01_P24	15	5	ok
CH-STA-L50-B01-DIST01::2	1000base-t	B01-ACCE02_p24	CH-STA-L50-B01-ACCE02	24	Switch Access	ch-sta-l50	FALSE	1000	USW	USW-1G-AC02_P24	15	5	ok
CH-STA-L50-B01-DIST01::29	10gbase-x-sfpp	L01-CORE_tg.3.4	CH-STA-L50-L01-CORE01	Jan 17	Switch Core	ch-sta-l50	FALSE	10000	USW	USW-CO01_P1.17	14	6	ok
CH-STA-L50-B01-DIST01::30	10gbase-x-sfpp	L01-CORE_tg.7.4	CH-STA-L50-L01-CORE02	Jan 17	Switch Core	ch-sta-l50	FALSE	10000	USW	USW-CO02_P1.17	14	6	ok
CH-STA-L50-GFL-ACCE01::2	1000base-t		CH-STA-L50-GFL-ACPO02	mgmt0	Access Point	ch-sta-l50	TRUE	1000	UP	UP-GFL-AP02	11	9	ok
CH-STA-L50-GFL-ACCE01::24	1000base-t	UPLINK	CH-STA-L50-GFL-DIST02	1	Switch Dist	ch-sta-l50	FALSE	1000	USW	USW-1G-GFL-DI02_P1	18	2	ok
CH-STA-L50-GFL-ACCE01::3	1000base-t		CH-STA-L50-GFL-ACPO03	mgmt0	Access Point	ch-sta-l50	TRUE	1000	UP	UP-GFL-AP03	11	9	ok
CH-STA-L50-GFL-ACCE02::1	1000base-t		CH-STA-L50-GFL-ACPO01	mgmt0	Access Point	ch-sta-l50	TRUE	1000	UP	UP-GFL-AP01	11	9	ok
CH-STA-L50-GFL-ACCE02::24	1000base-t	UPLINK	CH-STA-L50-GFL-DIST01	1	Switch Dist	ch-sta-l50	FALSE	1000	USW	USW-1G-GFL-DI01_P1	18	2	ok
CH-STA-L50-GFL-ACCE02::4	1000base-t		CH-STA-L50-GFL-ACPO04	mgmt0	Access Point	ch-sta-l50	TRUE	1000	UP	UP-GFL-AP04	11	9	ok
CH-STA-L50-GFL-ACCE02::5	1000base-t		CH-STA-L50-GFL-ACPO05	mgmt0	Access Point	ch-sta-l50	TRUE	1000	UP	UP-GFL-AP05	11	9	ok
CH-STA-L50-GFL-ACCE02::6	1000base-t		CH-STA-L50-GFL-ACPO06	mgmt0	Access Point	ch-sta-l50	TRUE	1000	UP	UP-GFL-AP06	11	9	ok
CH-STA-L50-GFL-ACCE02::7	1000base-t		CH-STA-L50-GFL-ACPO07	mgmt0	Access Point	ch-sta-l50	TRUE	1000	UP	UP-GFL-AP07	11	9	ok
CH-STA-L50-GFL-ACCE02::8	1000base-t		CH-STA-L50-GFL-ACPO08	mgmt0	Access Point	ch-sta-l50	TRUE	1000	UP	UP-GFL-AP08	11	9	ok
CH-STA-L50-GFL-ACCE03::24	1000base-t	UPLINK	CH-STA-L50-GFL-DIST01	2	Switch Dist	ch-sta-l50	FALSE	1000	USW	USW-1G-GFL-DI01_P2	18	2	ok
CH-STA-L50-GFL-ACCE04::24	1000base-t	UPLINK	CH-STA-L50-GFL-DIST01	3	Switch Dist	ch-sta-l50	FALSE	1000	USW	USW-1G-GFL-DI01_P3	18	2	ok
CH-STA-L50-GFL-ACCE05::24	1000base-t	UPLINK	CH-STA-L50-GFL-DIST01	4	Switch Dist	ch-sta-l50	FALSE	1000	USW	USW-1G-GFL-DI01_P4	18	2	ok
CH-STA-L50-GFL-ACCE06::24	1000base-t	UPLINK	CH-STA-L50-GFL-DIST01	5	Switch Dist	ch-sta-l50	FALSE	1000	USW	USW-1G-GFL-DI01_P5	18	2	ok
CH-STA-L50-GFL-ACCE07::24	1000base-t	UPLINK	CH-STA-L50-GFL-DIST01	6	Switch Dist	ch-sta-l50	FALSE	1000	USW	USW-1G-GFL-DI01_P6	18	2	ok
CH-STA-L50-GFL-ACCE08::24	1000base-t	UPLINK	CH-STA-L50-GFL-DIST01	7	Switch Dist	ch-sta-l50	FALSE	1000	USW	USW-1G-GFL-DI01_P7	18	2	ok
CH-STA-L50-GFL-ACCE09::24	1000base-t	UPLINK	CH-STA-L50-GFL-DIST01	8	Switch Dist	ch-sta-l50	FALSE	1000	USW	USW-1G-GFL-DI01_P8	18	2	ok
CH-STA-L50-GFL-ACCE10::24	1000base-t	UPLINK	CH-STA-L50-GFL-DIST01	9	Switch Dist	ch-sta-l50	FALSE	1000	USW	USW-1G-GFL-DI01_P9	18	2	ok
CH-STA-L50-GFL-ACCE11::24	1000base-t	UPLINK	CH-STA-L50-GFL-DIST02	2	Switch Dist	ch-sta-l50	FALSE	1000	USW	USW-1G-GFL-DI02_P2	18	2	ok
CH-STA-L50-GFL-ACCE12::24	1000base-t	UPLINK	CH-STA-L50-GFL-DIST02	3	Switch Dist	ch-sta-l50	FALSE	1000	USW	USW-1G-GFL-DI02_P3	18	2	ok
CH-STA-L50-GFL-ACCE13::24	1000base-t	UPLINK	CH-STA-L50-GFL-DIST02	4	Switch Dist	ch-sta-l50	FALSE	1000	USW	USW-1G-GFL-DI02_P4	18	2	ok
CH-STA-L50-GFL-ACCE14::24	1000base-t	UPLINK	CH-STA-L50-GFL-DIST02	5	Switch Dist	ch-sta-l50	FALSE	1000	USW	USW-1G-GFL-DI02_P5	18	2	ok
CH-STA-L50-GFL-ACCE15::24	1000base-t	UPLINK	CH-STA-L50-GFL-DIST02	6	Switch Dist	ch-sta-l50	FALSE	1000	USW	USW-1G-GFL-DI02_P6	18	2	ok
CH-STA-L50-GFL-ACCE16::24	1000base-t	UPLINK	CH-STA-L50-GFL-DIST02	7	Switch Dist	ch-sta-l50	FALSE	1000	USW	USW-1G-GFL-DI02_P7	18	2	ok
CH-STA-L50-GFL-DIST01::1	1000base-t	ACCE02_p24	CH-STA-L50-GFL-ACCE02	24	Switch Access	ch-sta-l50	FALSE	1000	USW	USW-1G-AC02_P24	15	5	ok
CH-STA-L50-GFL-DIST01::2	1000base-t	ACCE03_p24	CH-STA-L50-GFL-ACCE03	24	Switch Access	ch-sta-l50	FALSE	1000	USW	USW-1G-AC03_P24	15	5	ok
CH-STA-L50-GFL-DIST01::29	10gbase-x-sfpp	CORE01_tg.3.6	CH-STA-L50-L01-CORE01	Jan 18	Switch Core	ch-sta-l50	FALSE	10000	USW	USW-CO01_P1.18	14	6	ok
CH-STA-L50-GFL-DIST01::3	1000base-t	ACCE04_p24	CH-STA-L50-GFL-ACCE04	24	Switch Access	ch-sta-l50	FALSE	1000	USW	USW-1G-AC04_P24	15	5	ok
CH-STA-L50-GFL-DIST01::30	10gbase-x-sfpp	CORE01_tg.7.6	CH-STA-L50-L01-CORE02	Jan 18	Switch Core	ch-sta-l50	FALSE	10000	USW	USW-CO02_P1.18	14	6	ok
CH-STA-L50-GFL-DIST01::4	1000base-t	ACCE05_p24	CH-STA-L50-GFL-ACCE05	24	Switch Access	ch-sta-l50	FALSE	1000	USW	USW-1G-AC05_P24	15	5	ok
CH-STA-L50-GFL-DIST01::5	1000base-t	ACCE06_p24	CH-STA-L50-GFL-ACCE06	24	Switch Access	ch-sta-l50	FALSE	1000	USW	USW-1G-AC06_P24	15	5	ok
CH-STA-L50-GFL-DIST01::6	1000base-t	ACCE07_p24	CH-STA-L50-GFL-ACCE07	24	Switch Access	ch-sta-l50	FALSE	1000	USW	USW-1G-AC07_P24	15	5	ok
CH-STA-L50-GFL-DIST01::7	1000base-t	ACCE08_p24	CH-STA-L50-GFL-ACCE08	24	Switch Access	ch-sta-l50	FALSE	1000	USW	USW-1G-AC08_P24	15	5	ok
CH-STA-L50-GFL-DIST01::8	1000base-t	ACCE09_p24	CH-STA-L50-GFL-ACCE09	24	Switch Access	ch-sta-l50	FALSE	1000	USW	USW-1G-AC09_P24	15	5	ok
CH-STA-L50-GFL-DIST01::9	1000base-t	ACCE10_p24	CH-STA-L50-GFL-ACCE10	24	Switch Access	ch-sta-l50	FALSE	1000	USW	USW-1G-AC10_P24	15	5	ok
CH-STA-L50-GFL-DIST02::1	1000base-t	ACCE01_p24	CH-STA-L50-GFL-ACCE01	24	Switch Access	ch-sta-l50	FALSE	1000	USW	USW-1G-AC01_P24	15	5	ok
CH-STA-L50-GFL-DIST02::2	1000base-t	ACCE11_p24	CH-STA-L50-GFL-ACCE11	24	Switch Access	ch-sta-l50	FALSE	1000	USW	USW-1G-AC11_P24	15	5	ok
CH-STA-L50-GFL-DIST02::29	10gbase-x-sfpp		CH-STA-L50-L01-CORE01	Jan 19	Switch Core	ch-sta-l50	FALSE	10000	USW	USW-CO01_P1.19	14	6	ok
CH-STA-L50-GFL-DIST02::3	1000base-t	ACCE12_p24	CH-STA-L50-GFL-ACCE12	24	Switch Access	ch-sta-l50	FALSE	1000	USW	USW-1G-AC12_P24	15	5	ok
CH-STA-L50-GFL-DIST02::30	10gbase-x-sfpp		CH-STA-L50-L01-CORE02	Jan 19	Switch Core	ch-sta-l50	FALSE	10000	USW	USW-CO02_P1.19	14	6	ok
CH-STA-L50-GFL-DIST02::4	1000base-t	ACCE13_p24	CH-STA-L50-GFL-ACCE13	24	Switch Access	ch-sta-l50	FALSE	1000	USW	USW-1G-AC13_P24	15	5	ok
CH-STA-L50-GFL-DIST02::5	1000base-t	ACCE14_p24	CH-STA-L50-GFL-ACCE14	24	Switch Access	ch-sta-l50	FALSE	1000	USW	USW-1G-AC14_P24	15	5	ok
CH-STA-L50-GFL-DIST02::6	1000base-t	ACCE15_p24	CH-STA-L50-GFL-ACCE15	24	Switch Access	ch-sta-l50	FALSE	1000	USW	USW-1G-AC15_P24	15	5	ok
CH-STA-L50-GFL-DIST02::7	1000base-t	ACCE16_p24	CH-STA-L50-GFL-ACCE16	24	Switch Access	ch-sta-l50	FALSE	1000	USW	USW-1G-AC16_P24	15	5	ok
CH-STA-L50-L01-ACCE01::1	1000base-t		CH-STA-L50-L01-ACPO01	mgmt0	Access Point	ch-sta-l50	TRUE	1000	UP	UP-L01-AP01	11	9	ok
CH-STA-L50-L01-ACCE01::10	1000base-t		CH-STA-L50-L01-ACPO10	mgmt0	Access Point	ch-sta-l50	TRUE	1000	UP	UP-L01-AP10	11	9	ok
CH-STA-L50-L01-ACCE01::11	1000base-t		CH-STA-L50-L01-ACPO11	mgmt0	Access Point	ch-sta-l50	TRUE	1000	UP	UP-L01-AP11	11	9	ok
CH-STA-L50-L01-ACCE01::17	1000base-t		CH-STA-L50-GFL-ACPO10	mgmt0	Access Point	ch-sta-l50	TRUE	1000	UP	UP-GFL-AP10	11	9	ok
CH-STA-L50-L01-ACCE01::18	1000base-t		CH-STA-L50-GFL-ACPO09	mgmt0	Access Point	ch-sta-l50	TRUE	1000	UP	UP-GFL-AP09	11	9	ok
CH-STA-L50-L01-ACCE01::2	1000base-t		CH-STA-L50-L01-ACPO02	mgmt0	Access Point	ch-sta-l50	TRUE	1000	UP	UP-L01-AP02	11	9	ok
CH-STA-L50-L01-ACCE01::20	1000base-t	B01-ACPO02	CH-STA-L50-B01-ACPO02	mgmt0	Access Point	ch-sta-l50	TRUE	1000	UP	UP-B01-AP02	11	9	ok
CH-STA-L50-L01-ACCE01::24	1000base-t	UPLINK	CH-STA-L50-L01-DIST01	1	Switch Dist	ch-sta-l50	FALSE	1000	USW	USW-1G-L01-DI01_P1	18	2	ok
CH-STA-L50-L01-ACCE01::3	1000base-t		CH-STA-L50-L01-ACPO03	mgmt0	Access Point	ch-sta-l50	TRUE	1000	UP	UP-L01-AP03	11	9	ok
CH-STA-L50-L01-ACCE01::4	1000base-t		CH-STA-L50-L01-ACPO04	mgmt0	Access Point	ch-sta-l50	TRUE	1000	UP	UP-L01-AP04	11	9	ok
CH-STA-L50-L01-ACCE01::5	1000base-t		CH-STA-L50-L01-ACPO05	mgmt0	Access Point	ch-sta-l50	TRUE	1000	UP	UP-L01-AP05	11	9	ok
CH-STA-L50-L01-ACCE01::6	1000base-t		CH-STA-L50-L01-ACPO06	mgmt0	Access Point	ch-sta-l50	TRUE	1000	UP	UP-L01-AP06	11	9	ok
CH-STA-L50-L01-ACCE01::7	1000base-t		CH-STA-L50-L01-ACPO07	mgmt0	Access Point	ch-sta-l50	TRUE	1000	UP	UP-L01-AP07	11	9	ok
CH-STA-L50-L01-ACCE01::8	1000base-t		CH-STA-L50-L01-ACPO08	mgmt0	Access Point	ch-sta-l50	TRUE	1000	UP	UP-L01-AP08	11	9	ok
CH-STA-L50-L01-ACCE01::9	1000base-t		CH-STA-L50-L01-ACPO09	mgmt0	Access Point	ch-sta-l50	TRUE	1000	UP	UP-L01-AP09	11	9	ok
CH-STA-L50-L01-ACCE02::24	1000base-t	UPLINK	CH-STA-L50-L01-DIST01	2	Switch Dist	ch-sta-l50	FALSE	1000	USW	USW-1G-L01-DI01_P2	18	2	ok
CH-STA-L50-L01-ACCE03::48	1000base-t	UPLINK	CH-STA-L50-L01-DIST01	3	Switch Dist	ch-sta-l50	FALSE	1000	USW	USW-1G-L01-DI01_P3	18	2	ok
CH-STA-L50-L01-ACCE04::24	1000base-t	UPLINK	CH-STA-L50-L01-DIST01	4	Switch Dist	ch-sta-l50	FALSE	1000	USW	USW-1G-L01-DI01_P4	18	2	ok
CH-STA-L50-L01-ACCE05::24	1000base-t	UPLINK	CH-STA-L50-L01-DIST01	5	Switch Dist	ch-sta-l50	FALSE	1000	USW	USW-1G-L01-DI01_P5	18	2	ok
CH-STA-L50-L01-ACCE06::48	1000base-t	UPLINK	CH-STA-L50-L01-DIST01	6	Switch Dist	ch-sta-l50	FALSE	1000	USW	USW-1G-L01-DI01_P6	18	2	ok
CH-STA-L50-L01-ACCE07::48	1000base-t	UPLINK	CH-STA-L50-L01-DIST01	7	Switch Dist	ch-sta-l50	FALSE	1000	USW	USW-1G-L01-DI01_P7	18	2	ok
CH-STA-L50-L01-ACCE08::24	1000base-t	UPLINK	CH-STA-L50-L01-DIST01	8	Switch Dist	ch-sta-l50	FALSE	1000	USW	USW-1G-L01-DI01_P8	18	2	ok
CH-STA-L50-L01-ACCE09::24	1000base-t	UPLINK	CH-STA-L50-L01-DIST01	9	Switch Dist	ch-sta-l50	FALSE	1000	USW	USW-1G-L01-DI01_P9	18	2	ok
CH-STA-L50-L01-ACCE10::24	1000base-t	UPLINK	CH-STA-L50-L01-DIST01	10	Switch Dist	ch-sta-l50	FALSE	1000	USW	USW-1G-DI01_P10	15	5	ok
CH-STA-L50-L01-ACCE11::23	1000base-t		CH-STA-L50-L01-MGMT01	Jan 20	Switch Mgmt	ch-sta-l50	FALSE	1000	USW	USW-1G-MG01_P1.20	17	3	ok
CH-STA-L50-L01-ACCE11::24	1000base-t	UPLINK	CH-STA-L50-L01-MGMT01	Jan 21	Switch Mgmt	ch-sta-l50	FALSE	1000	USW	USW-1G-MG01_P1.21	17	3	ok
CH-STA-L50-L01-ACCE12::24	1000base-t	UPLINK	CH-STA-L50-L01-DIST01	12	Switch Dist	ch-sta-l50	FALSE	1000	USW	USW-1G-DI01_P12	15	5	ok
CH-STA-L50-L01-ACCE13::24	1000base-t	UPLINK	CH-STA-L50-L01-DIST01	13	Switch Dist	ch-sta-l50	FALSE	1000	USW	USW-1G-DI01_P13	15	5	ok
CH-STA-L50-L01-ACCE14::24	1000base-t	UPLINK	CH-STA-L50-L01-DIST01	14	Switch Dist	ch-sta-l50	FALSE	1000	USW	USW-1G-DI01_P14	15	5	ok
CH-STA-L50-L01-ACCE15::24	1000base-t	UPLINK	CH-STA-L50-L01-DIST01	15	Switch Dist	ch-sta-l50	FALSE	1000	USW	USW-1G-DI01_P15	15	5	ok
CH-STA-L50-L01-CORE01::1/10	10gbase-x-sfpp	Backup_SRV_LAN1	CH-STA-P-BACK02	LOM1	Server	ch-sta-l50	FALSE	10000	US	US-P-BK02_LOM1	14	6	ok
CH-STA-L50-L01-CORE01::1/17	10gbase-x-sfpp	L50-B01-Di01:29	CH-STA-L50-B01-DIST01	29	Switch Dist	ch-sta-l50	FALSE	10000	USW	USW-DI01_P29	12	8	ok
CH-STA-L50-L01-CORE01::1/18	10gbase-x-sfpp	L50-GFL-Di01:29	CH-STA-L50-GFL-DIST01	29	Switch Dist	ch-sta-l50	FALSE	10000	USW	USW-DI01_P29	12	8	ok
CH-STA-L50-L01-CORE01::1/19	10gbase-x-sfpp	L50-GFL-Di02:29	CH-STA-L50-GFL-DIST02	29	Switch Dist	ch-sta-l50	FALSE	10000	USW	USW-DI02_P29	12	8	ok
CH-STA-L50-L01-CORE01::1/2	10gbase-x-sfpp	S-FWZONE:X1	CH-STA-L50-FWZone01	x1	Firewall	ch-sta-l50	FALSE	10000	USW	USW-FW01_X1	11	9	ok
CH-STA-L50-L01-CORE01::1/20	10gbase-x-sfpp	L50-L02-Di02:54	CH-STA-L50-L01-DIST01	29	Switch Dist	ch-sta-l50	FALSE	10000	USW	USW-DI01_P29	12	8	ok
CH-STA-L50-L01-CORE01::1/21	10gbase-x-sfpp	L50-L01-Di01:29	CH-STA-L50-L02-DIST01	54	Switch Dist	ch-sta-l50	FALSE	10000	USW	USW-DI01_P54	12	8	ok
CH-STA-L50-L01-CORE01::1/22	10gbase-x-sfpp	L42-Co01:1:14	CH-STA-L42-CORE01-2	02:14	Switch Core	ch-sta-l42	FALSE	10000	USW	USW-L42-CO01-2	14	6	ok
CH-STA-L50-L01-CORE01::1/23	10gbase-x-sfpp	L44-Co01:1:1	CH-STA-L44-L02-CORE01-1	01:01	Switch Core	ch-sta-l44	FALSE	10000	USW	USW-CO01-1_P1.1	15	5	ok
CH-STA-L50-L01-CORE01::1/24	10gbase-x-sfpp	NNI:L50-Co02:1/24	CH-STA-L50-L01-CORE02	Jan 24	Switch Core	ch-sta-l50	FALSE	10000	USW	USW-CO02_P1.24	14	6	ok
CH-STA-L50-L01-CORE01::1/3	10gbase-x-sfpp	S-FWZONE:X3	CH-STA-L50-FWZone01	x3	Firewall	ch-sta-l50	FALSE	10000	USW	USW-FW01_X3	11	9	ok
CH-STA-L50-L01-CORE01::1/4	1000base-t	FWZONE-HA1	CH-STA-L50-FWZone01	ha	Firewall	ch-sta-l50	FALSE	1000	USW	USW-1G-FW01_HA	14	6	ok
CH-STA-L50-L01-CORE01::1/7	10gbase-x-sfpp	NNI:L50-L01-MGMT01_1/29	CH-STA-L50-L01-MGMT01	Jan 29	Switch Mgmt	ch-sta-l50	FALSE	10000	USW	USW-MG01_P1.29	14	6	ok
CH-STA-L50-L01-CORE01::2/1	10gbase-x-sfpp	NNI:L50-Co02:2/1	CH-STA-L50-L01-CORE02	02. Jan	Switch Core	ch-sta-l50	FALSE	10000	USW	USW-CO02_P2.1	13	7	ok
CH-STA-L50-L01-CORE01::2/2	10gbase-x-sfpp	NNI:L26-Co01:2/2	CH-STA-L26-L02-CORE01	02. Feb	Switch Core	ch-sta-l26	FALSE	10000	USW	USW-CO01_P2.2	13	7	ok
CH-STA-L50-L01-CORE01::2/3	10gbase-x-sfpp	NNI:L26-Co01:2/3	CH-STA-L26-L02-CORE01	02. Mär	Switch Core	ch-sta-l26	FALSE	10000	USW	USW-CO01_P2.3	13	7	ok
CH-STA-L50-L01-CORE02::1/10	10gbase-x-sfpp	Backup_SRV_LAN1	CH-STA-P-BACK02	LOM2	Server	ch-sta-l50	FALSE	10000	US	US-P-BK02_LOM2	14	6	ok
CH-STA-L50-L01-CORE02::1/17	10gbase-x-sfpp	L50-B01-Di01:30	CH-STA-L50-B01-DIST01	30	Switch Dist	ch-sta-l50	FALSE	10000	USW	USW-DI01_P30	12	8	ok
CH-STA-L50-L01-CORE02::1/18	10gbase-x-sfpp	L50-GFL-Di01:30	CH-STA-L50-GFL-DIST01	30	Switch Dist	ch-sta-l50	FALSE	10000	USW	USW-DI01_P30	12	8	ok
CH-STA-L50-L01-CORE02::1/19	10gbase-x-sfpp	L50-GFL-Di02:30	CH-STA-L50-GFL-DIST02	30	Switch Dist	ch-sta-l50	FALSE	10000	USW	USW-DI02_P30	12	8	ok
CH-STA-L50-L01-CORE02::1/2	10gbase-x-sfpp	S-FWZONE:X2	CH-STA-L50-FWZone01	x2	Firewall	ch-sta-l50	FALSE	10000	USW	USW-FW01_X2	11	9	ok
CH-STA-L50-L01-CORE02::1/20	10gbase-x-sfpp	L50-L02-Di02:54	CH-STA-L50-L01-DIST01	30	Switch Dist	ch-sta-l50	FALSE	10000	USW	USW-DI01_P30	12	8	ok
CH-STA-L50-L01-CORE02::1/21	10gbase-x-sfpp	L50-L01-Di01:30	CH-STA-L50-L02-DIST01	53	Switch Dist	ch-sta-l50	FALSE	10000	USW	USW-DI01_P53	12	8	ok
CH-STA-L50-L01-CORE02::1/22	10gbase-x-sfpp	L42-Co01:2:14	CH-STA-L42-CORE01-1	01:14	Switch Core	ch-sta-l42	FALSE	10000	USW	USW-L42-CO01-1	14	6	ok
CH-STA-L50-L01-CORE02::1/23	10gbase-x-sfpp	L44-Co01:2:1	CH-STA-L44-L02-CORE01-2	02:01	Switch Core	ch-sta-l44	FALSE	10000	USW	USW-CO01-2_P2.1	15	5	ok
CH-STA-L50-L01-CORE02::1/24	10gbase-x-sfpp	NNI:L50-Co01:1/24	CH-STA-L50-L01-CORE01	Jan 24	Switch Core	ch-sta-l50	FALSE	10000	USW	USW-CO01_P1.24	14	6	ok
CH-STA-L50-L01-CORE02::1/3	10gbase-x-sfpp	S-FWZONE:X4	CH-STA-L50-FWZone01	x4	Firewall	ch-sta-l50	FALSE	10000	USW	USW-FW01_X4	11	9	ok
CH-STA-L50-L01-CORE02::1/4	1000base-t	FWZONE-HA2	CH-STA-L50-FWZone01	port1	Firewall	ch-sta-l50	FALSE	1000	USW	USW-1G-FW01_P1	14	6	ok
CH-STA-L50-L01-CORE02::1/7	10gbase-x-sfpp	NNI:L50-L01-MGMT01_1/30	CH-STA-L50-L01-MGMT01	Jan 30	Switch Mgmt	ch-sta-l50	FALSE	10000	USW	USW-MG01_P1.30	14	6	ok
CH-STA-L50-L01-CORE02::2/1	10gbase-x-sfpp	NNI:L50-Co01:2/1	CH-STA-L50-L01-CORE01	02. Jan	Switch Core	ch-sta-l50	FALSE	10000	USW	USW-CO01_P2.1	13	7	ok
CH-STA-L50-L01-CORE02::2/2	10gbase-x-sfpp	NNI:L26-Co02:2/2	CH-STA-L26-L02-CORE02	02. Feb	Switch Core	ch-sta-l26	FALSE	10000	USW	USW-CO02_P2.2	13	7	ok
CH-STA-L50-L01-CORE02::2/3	10gbase-x-sfpp	NNI:L26-Co02:2/3	CH-STA-L26-L02-CORE02	02. Mär	Switch Core	ch-sta-l26	FALSE	10000	USW	USW-CO02_P2.3	13	7	ok
CH-STA-L50-L01-DIST01::1	1000base-t	ACCE01_p24	CH-STA-L50-L01-ACCE01	24	Switch Access	ch-sta-l50	FALSE	1000	USW	USW-1G-AC01_P24	15	5	ok
CH-STA-L50-L01-DIST01::10	1000base-t	ACCE10_p24	CH-STA-L50-L01-ACCE10	24	Switch Access	ch-sta-l50	FALSE	1000	USW	USW-1G-AC10_P24	15	5	ok
CH-STA-L50-L01-DIST01::12	1000base-t	ACCE12_p24	CH-STA-L50-L01-ACCE12	24	Switch Access	ch-sta-l50	FALSE	1000	USW	USW-1G-AC12_P24	15	5	ok
CH-STA-L50-L01-DIST01::13	1000base-t	ACCE13_p24	CH-STA-L50-L01-ACCE13	24	Switch Access	ch-sta-l50	FALSE	1000	USW	USW-1G-AC13_P24	15	5	ok
CH-STA-L50-L01-DIST01::14	1000base-t	ACCE14_p24	CH-STA-L50-L01-ACCE14	24	Switch Access	ch-sta-l50	FALSE	1000	USW	USW-1G-AC14_P24	15	5	ok
CH-STA-L50-L01-DIST01::15	1000base-t	ACCE15_p24	CH-STA-L50-L01-ACCE15	24	Switch Access	ch-sta-l50	FALSE	1000	USW	USW-1G-AC15_P24	15	5	ok
CH-STA-L50-L01-DIST01::2	1000base-t	ACCE02_p24	CH-STA-L50-L01-ACCE02	24	Switch Access	ch-sta-l50	FALSE	1000	USW	USW-1G-AC02_P24	15	5	ok
CH-STA-L50-L01-DIST01::25	1000base-x-sfp	L52-ACCE01_p25	CH-STA-L52-L02-ACCE01	25	Switch Access	ch-sta-l52	FALSE	1000	USW	USW-1G-AC01_P25	15	5	ok
CH-STA-L50-L01-DIST01::29	10gbase-x-sfpp	CORE_tg.3.12	CH-STA-L50-L01-CORE01	Jan 20	Switch Core	ch-sta-l50	FALSE	10000	USW	USW-CO01_P1.20	14	6	ok
CH-STA-L50-L01-DIST01::3	1000base-t	ACCE03_p48	CH-STA-L50-L01-ACCE03	48	Switch Access	ch-sta-l50	FALSE	1000	USW	USW-1G-AC03_P48	15	5	ok
CH-STA-L50-L01-DIST01::30	10gbase-x-sfpp	CORE_tg.7.12	CH-STA-L50-L01-CORE02	Jan 20	Switch Core	ch-sta-l50	FALSE	10000	USW	USW-CO02_P1.20	14	6	ok
CH-STA-L50-L01-DIST01::4	1000base-t	ACCE04_p24	CH-STA-L50-L01-ACCE04	24	Switch Access	ch-sta-l50	FALSE	1000	USW	USW-1G-AC04_P24	15	5	ok
CH-STA-L50-L01-DIST01::5	1000base-t	ACCE05_p24	CH-STA-L50-L01-ACCE05	24	Switch Access	ch-sta-l50	FALSE	1000	USW	USW-1G-AC05_P24	15	5	ok
CH-STA-L50-L01-DIST01::6	1000base-t	ACCE06_p48	CH-STA-L50-L01-ACCE06	48	Switch Access	ch-sta-l50	FALSE	1000	USW	USW-1G-AC06_P48	15	5	ok
CH-STA-L50-L01-DIST01::7	1000base-t	ACCE07_p48	CH-STA-L50-L01-ACCE07	48	Switch Access	ch-sta-l50	FALSE	1000	USW	USW-1G-AC07_P48	15	5	ok
CH-STA-L50-L01-DIST01::8	1000base-t	ACCE08_p24	CH-STA-L50-L01-ACCE08	24	Switch Access	ch-sta-l50	FALSE	1000	USW	USW-1G-AC08_P24	15	5	ok
CH-STA-L50-L01-DIST01::9	1000base-t	ACCE09_p24	CH-STA-L50-L01-ACCE09	24	Switch Access	ch-sta-l50	FALSE	1000	USW	USW-1G-AC09_P24	15	5	ok
CH-STA-L50-L01-MGMT01::1/1	1000base-t	S-FWZONE_p13	CH-STA-L50-FWZone01	port13	Firewall	ch-sta-l50	FALSE	1000	USW	USW-1G-FW01_P13	15	5	ok
CH-STA-L50-L01-MGMT01::1/2	1000base-t	S-FWZONE_p14	CH-STA-L50-FWZone01	port14	Firewall	ch-sta-l50	FALSE	1000	USW	USW-1G-FW01_P14	15	5	ok
CH-STA-L50-L01-MGMT01::1/20	1000base-t	SRV01_p23	CH-STA-L50-L01-ACCE11	23	Switch Access	ch-sta-l50	FALSE	1000	USW	USW-1G-AC11_P23	15	5	ok
CH-STA-L50-L01-MGMT01::1/21	1000base-t	SRV01_p24	CH-STA-L50-L01-ACCE11	24	Switch Access	ch-sta-l50	FALSE	1000	USW	USW-1G-AC11_P24	15	5	ok
CH-STA-L50-L01-MGMT01::1/29	10gbase-x-sfpp	NNI-port	CH-STA-L50-L01-CORE01	01. Jul	Switch Core	ch-sta-l50	FALSE	10000	USW	USW-CO01_P1.7	13	7	ok
CH-STA-L50-L01-MGMT01::1/3	1000base-t	S-FWZONE_p15	CH-STA-L50-FWZone01	port15	Firewall	ch-sta-l50	FALSE	1000	USW	USW-1G-FW01_P15	15	5	ok
CH-STA-L50-L01-MGMT01::1/30	10gbase-x-sfpp	NNI-port	CH-STA-L50-L01-CORE02	01. Jul	Switch Core	ch-sta-l50	FALSE	10000	USW	USW-CO02_P1.7	13	7	ok
CH-STA-L50-L01-MGMT01::1/4	1000base-t	S-FWZONE_p16	CH-STA-L50-FWZone01	port16	Firewall	ch-sta-l50	FALSE	1000	USW	USW-1G-FW01_P16	15	5	ok
CH-STA-L50-L01-MGMT01::1/9	1000base-t	FWZONE-MGMT	CH-STA-L50-FWZone01	mgmt	Firewall	ch-sta-l50	TRUE	1000	USW	USW-1G-FW01_MGMT	16	4	ok
CH-STA-L52-L02-ACCE01::1	1000base-t		CH-STA-L52-L02-ACPO01	mgmt0	Access Point	ch-sta-l52	TRUE	1000	UP	UP-L02-AP01	11	9	ok
CH-STA-L52-L02-ACCE01::25	1000base-x-sfp	UPLINK	CH-STA-L50-L01-DIST01	25	Switch Dist	ch-sta-l50	FALSE	1000	USW	USW-1G-DI01_P25	15	5	ok
CH-STA-L50-L02-ACCE01::1	1000base-t	L02-ACPO01	CH-STA-L50-L02-ACPO01	mgmt0	Access Point	ch-sta-l50	TRUE	1000	UP	UP-L02-AP01	11	9	ok
CH-STA-L50-L02-ACCE01::10	1000base-t	L03-ACPO01	CH-STA-L50-L03-ACPO01	mgmt0	Access Point	ch-sta-l50	TRUE	1000	UP	UP-L03-AP01	11	9	ok
CH-STA-L50-L02-ACCE01::11	1000base-t	L03-ACPO02	CH-STA-L50-L03-ACPO02	mgmt0	Access Point	ch-sta-l50	TRUE	1000	UP	UP-L03-AP02	11	9	ok
CH-STA-L50-L02-ACCE01::12	1000base-t	L02-ACPO10	CH-STA-L50-L02-ACPO10	mgmt0	Access Point	ch-sta-l50	TRUE	1000	UP	UP-L02-AP10	11	9	ok
CH-STA-L50-L02-ACCE01::2	1000base-t	L02-ACPO02	CH-STA-L50-L02-ACPO02	mgmt0	Access Point	ch-sta-l50	TRUE	1000	UP	UP-L02-AP02	11	9	ok
CH-STA-L50-L02-ACCE01::24	1000base-t	L02-DIST01	CH-STA-L50-L02-DIST01	1	Switch Dist	ch-sta-l50	FALSE	1000	USW	USW-1G-L02-DI01_P1	18	2	ok
CH-STA-L50-L02-ACCE01::3	1000base-t	L02-ACPO03	CH-STA-L50-L02-ACPO03	mgmt0	Access Point	ch-sta-l50	TRUE	1000	UP	UP-L02-AP03	11	9	ok
CH-STA-L50-L02-ACCE01::4	1000base-t	L02-ACPO04	CH-STA-L50-L02-ACPO04	mgmt0	Access Point	ch-sta-l50	TRUE	1000	UP	UP-L02-AP04	11	9	ok
CH-STA-L50-L02-ACCE01::5	1000base-t	L02-ACPO05	CH-STA-L50-L02-ACPO05	mgmt0	Access Point	ch-sta-l50	TRUE	1000	UP	UP-L02-AP05	11	9	ok
CH-STA-L50-L02-ACCE01::6	1000base-t	L02-ACPO06	CH-STA-L50-L02-ACPO06	mgmt0	Access Point	ch-sta-l50	TRUE	1000	UP	UP-L02-AP06	11	9	ok
CH-STA-L50-L02-ACCE01::7	1000base-t	L02-ACPO07	CH-STA-L50-L02-ACPO07	mgmt0	Access Point	ch-sta-l50	TRUE	1000	UP	UP-L02-AP07	11	9	ok
CH-STA-L50-L02-ACCE01::8	1000base-t	L02-ACPO08	CH-STA-L50-L02-ACPO08	mgmt0	Access Point	ch-sta-l50	TRUE	1000	UP	UP-L02-AP08	11	9	ok
CH-STA-L50-L02-ACCE01::9	1000base-t	L02-ACPO09	CH-STA-L50-L02-ACPO09	mgmt0	Access Point	ch-sta-l50	TRUE	1000	UP	UP-L02-AP09	11	9	ok
CH-STA-L50-L02-ACCE02::48	1000base-t	L02-DIST01	CH-STA-L50-L02-DIST01	2	Switch Dist	ch-sta-l50	FALSE	1000	USW	USW-1G-L02-DI01_P2	18	2	ok
CH-STA-L50-L02-ACCE03::24	1000base-t	L02-DIST01	CH-STA-L50-L02-DIST01	3	Switch Dist	ch-sta-l50	FALSE	1000	USW	USW-1G-L02-DI01_P3	18	2	ok
CH-STA-L50-L02-ACCE04::24	1000base-t	L02-DIST01	CH-STA-L50-L02-DIST01	4	Switch Dist	ch-sta-l50	FALSE	1000	USW	USW-1G-L02-DI01_P4	18	2	ok
CH-STA-L50-L02-ACCE05::24	1000base-t	L02-DIST01	CH-STA-L50-L02-DIST01	5	Switch Dist	ch-sta-l50	FALSE	1000	USW	USW-1G-L02-DI01_P5	18	2	ok
CH-STA-L50-L02-ACCE06::48	1000base-t	L02-DIST01	CH-STA-L50-L02-DIST01	6	Switch Dist	ch-sta-l50	FALSE	1000	USW	USW-1G-L02-DI01_P6	18	2	ok
CH-STA-L50-L02-ACCE07::24	1000base-t	L02-DIST01	CH-STA-L50-L02-DIST01	7	Switch Dist	ch-sta-l50	FALSE	1000	USW	USW-1G-L02-DI01_P7	18	2	ok
CH-STA-L50-L02-ACCE08::24	1000base-t	L02-DIST01	CH-STA-L50-L02-DIST01	8	Switch Dist	ch-sta-l50	FALSE	1000	USW	USW-1G-L02-DI01_P8	18	2	ok
CH-STA-L50-L02-ACCE09::24	1000base-t	L02-DIST01	CH-STA-L50-L02-DIST01	9	Switch Dist	ch-sta-l50	FALSE	1000	USW	USW-1G-L02-DI01_P9	18	2	ok
CH-STA-L50-L02-ACCE10::24	1000base-t	L02-DIST01	CH-STA-L50-L02-DIST01	10	Switch Dist	ch-sta-l50	FALSE	1000	USW	USW-1G-DI01_P10	15	5	ok
CH-STA-L50-L02-ACCE11::24	1000base-t	L02-DIST01	CH-STA-L50-L02-DIST01	11	Switch Dist	ch-sta-l50	FALSE	1000	USW	USW-1G-DI01_P11	15	5	ok
CH-STA-L50-L02-ACCE12::24	1000base-t	L02-DIST01	CH-STA-L50-L02-DIST01	12	Switch Dist	ch-sta-l50	FALSE	1000	USW	USW-1G-DI01_P12	15	5	ok
CH-STA-L50-L02-ACCE13::24	1000base-t	L02-DIST01	CH-STA-L50-L02-DIST01	13	Switch Dist	ch-sta-l50	FALSE	1000	USW	USW-1G-DI01_P13	15	5	ok
CH-STA-L50-L02-ACCE14::24	1000base-t	L02-DIST01	CH-STA-L50-L02-DIST01	14	Switch Dist	ch-sta-l50	FALSE	1000	USW	USW-1G-DI01_P14	15	5	ok
CH-STA-L50-L02-ACCE15::48	1000base-t	L02-DIST01	CH-STA-L50-L02-DIST01	15	Switch Dist	ch-sta-l50	FALSE	1000	USW	USW-1G-DI01_P15	15	5	ok
CH-STA-L50-L02-ACCE16::48	1000base-t	L02-DIST01	CH-STA-L50-L02-DIST01	16	Switch Dist	ch-sta-l50	FALSE	1000	USW	USW-1G-DI01_P16	15	5	ok
CH-STA-L50-L02-ACCE17::24	1000base-t	L02-DIST01	CH-STA-L50-L02-DIST01	17	Switch Dist	ch-sta-l50	FALSE	1000	USW	USW-1G-DI01_P17	15	5	ok
CH-STA-L50-L02-ACCE18::24	1000base-t	L02-DIST01	CH-STA-L50-L02-DIST01	18	Switch Dist	ch-sta-l50	FALSE	1000	USW	USW-1G-DI01_P18	15	5	ok
CH-STA-L50-L02-ACCE19::24	1000base-t	L02-DIST01	CH-STA-L50-L02-DIST01	19	Switch Dist	ch-sta-l50	FALSE	1000	USW	USW-1G-DI01_P19	15	5	ok
CH-STA-L50-L02-ACCE20::24	1000base-t	L02-DIST01	CH-STA-L50-L02-DIST01	20	Switch Dist	ch-sta-l50	FALSE	1000	USW	USW-1G-DI01_P20	15	5	ok
CH-STA-L50-L02-ACCE21::24	1000base-t	L02-DIST01	CH-STA-L50-L02-DIST01	21	Switch Dist	ch-sta-l50	FALSE	1000	USW	USW-1G-DI01_P21	15	5	ok
CH-STA-L50-L02-ACCE22::24	1000base-t	L02-DIST01	CH-STA-L50-L02-DIST01	22	Switch Dist	ch-sta-l50	FALSE	1000	USW	USW-1G-DI01_P22	15	5	ok
CH-STA-L50-L02-ACCE23::24	1000base-t	L02-DIST01	CH-STA-L50-L02-DIST01	23	Switch Dist	ch-sta-l50	FALSE	1000	USW	USW-1G-DI01_P23	15	5	ok
CH-STA-L50-L02-ACCE24::24	1000base-t	L02-DIST01	CH-STA-L50-L02-DIST01	24	Switch Dist	ch-sta-l50	FALSE	1000	USW	USW-1G-DI01_P24	15	5	ok
CH-STA-L50-L02-ACCE25::24	1000base-t	L02-DIST01_p25	CH-STA-L50-L02-DIST01	25	Switch Dist	ch-sta-l50	FALSE	1000	USW	USW-1G-DI01_P25	15	5	ok
CH-STA-L50-L02-ACCE26::24	1000base-t	L02-DIST01_p26	CH-STA-L50-L02-DIST01	26	Switch Dist	ch-sta-l50	FALSE	1000	USW	USW-1G-DI01_P26	15	5	ok
CH-STA-L50-L02-DIST01::1	1000base-t	L02-ACCE01_p24	CH-STA-L50-L02-ACCE01	24	Switch Access	ch-sta-l50	FALSE	1000	USW	USW-1G-AC01_P24	15	5	ok
CH-STA-L50-L02-DIST01::10	1000base-t	L02-ACCE10_p24	CH-STA-L50-L02-ACCE10	24	Switch Access	ch-sta-l50	FALSE	1000	USW	USW-1G-AC10_P24	15	5	ok
CH-STA-L50-L02-DIST01::11	1000base-t	L02-ACCE11_p24	CH-STA-L50-L02-ACCE11	24	Switch Access	ch-sta-l50	FALSE	1000	USW	USW-1G-AC11_P24	15	5	ok
CH-STA-L50-L02-DIST01::12	1000base-t	L02-ACCE12_p24	CH-STA-L50-L02-ACCE12	24	Switch Access	ch-sta-l50	FALSE	1000	USW	USW-1G-AC12_P24	15	5	ok
CH-STA-L50-L02-DIST01::13	1000base-t	L02-ACCE13_p24	CH-STA-L50-L02-ACCE13	24	Switch Access	ch-sta-l50	FALSE	1000	USW	USW-1G-AC13_P24	15	5	ok
CH-STA-L50-L02-DIST01::14	1000base-t	L02-ACCE14_p24	CH-STA-L50-L02-ACCE14	24	Switch Access	ch-sta-l50	FALSE	1000	USW	USW-1G-AC14_P24	15	5	ok
CH-STA-L50-L02-DIST01::15	1000base-t	L02-ACCE15_p48	CH-STA-L50-L02-ACCE15	48	Switch Access	ch-sta-l50	FALSE	1000	USW	USW-1G-AC15_P48	15	5	ok
CH-STA-L50-L02-DIST01::16	1000base-t	L02-ACCE16_p48	CH-STA-L50-L02-ACCE16	48	Switch Access	ch-sta-l50	FALSE	1000	USW	USW-1G-AC16_P48	15	5	ok
CH-STA-L50-L02-DIST01::17	1000base-t	L02-ACCE17_p24	CH-STA-L50-L02-ACCE17	24	Switch Access	ch-sta-l50	FALSE	1000	USW	USW-1G-AC17_P24	15	5	ok
CH-STA-L50-L02-DIST01::18	1000base-t	L02-ACCE18_p24	CH-STA-L50-L02-ACCE18	24	Switch Access	ch-sta-l50	FALSE	1000	USW	USW-1G-AC18_P24	15	5	ok
CH-STA-L50-L02-DIST01::19	1000base-t	L02-ACCE19_p24	CH-STA-L50-L02-ACCE19	24	Switch Access	ch-sta-l50	FALSE	1000	USW	USW-1G-AC19_P24	15	5	ok
CH-STA-L50-L02-DIST01::2	1000base-t	L02-ACCE02_p48	CH-STA-L50-L02-ACCE02	48	Switch Access	ch-sta-l50	FALSE	1000	USW	USW-1G-AC02_P48	15	5	ok
CH-STA-L50-L02-DIST01::20	1000base-t	L02-ACCE20_p24	CH-STA-L50-L02-ACCE20	24	Switch Access	ch-sta-l50	FALSE	1000	USW	USW-1G-AC20_P24	15	5	ok
CH-STA-L50-L02-DIST01::21	1000base-t	L02-ACCE21_p24	CH-STA-L50-L02-ACCE21	24	Switch Access	ch-sta-l50	FALSE	1000	USW	USW-1G-AC21_P24	15	5	ok
CH-STA-L50-L02-DIST01::22	1000base-t	L02-ACCE22_p24	CH-STA-L50-L02-ACCE22	24	Switch Access	ch-sta-l50	FALSE	1000	USW	USW-1G-AC22_P24	15	5	ok
CH-STA-L50-L02-DIST01::23	1000base-t	L02-ACCE23_p24	CH-STA-L50-L02-ACCE23	24	Switch Access	ch-sta-l50	FALSE	1000	USW	USW-1G-AC23_P24	15	5	ok
CH-STA-L50-L02-DIST01::24	1000base-t	L02-ACCE24_p24	CH-STA-L50-L02-ACCE24	24	Switch Access	ch-sta-l50	FALSE	1000	USW	USW-1G-AC24_P24	15	5	ok
CH-STA-L50-L02-DIST01::25	1000base-t	L02-ACCE25_p24	CH-STA-L50-L02-ACCE25	24	Switch Access	ch-sta-l50	FALSE	1000	USW	USW-1G-AC25_P24	15	5	ok
CH-STA-L50-L02-DIST01::26	1000base-t	L02-ACCE26	CH-STA-L50-L02-ACCE26	24	Switch Access	ch-sta-l50	FALSE	1000	USW	USW-1G-AC26_P24	15	5	ok
CH-STA-L50-L02-DIST01::3	1000base-t	L02-ACCE03_p24	CH-STA-L50-L02-ACCE03	24	Switch Access	ch-sta-l50	FALSE	1000	USW	USW-1G-AC03_P24	15	5	ok
CH-STA-L50-L02-DIST01::4	1000base-t	L02-ACCE04_p24	CH-STA-L50-L02-ACCE04	24	Switch Access	ch-sta-l50	FALSE	1000	USW	USW-1G-AC04_P24	15	5	ok
CH-STA-L50-L02-DIST01::5	1000base-t	L02-ACCE05_p24	CH-STA-L50-L02-ACCE05	24	Switch Access	ch-sta-l50	FALSE	1000	USW	USW-1G-AC05_P24	15	5	ok
CH-STA-L50-L02-DIST01::53	10gbase-x-sfpp	L01-CORE_tg.7.7	CH-STA-L50-L01-CORE02	Jan 21	Switch Core	ch-sta-l50	FALSE	10000	USW	USW-CO02_P1.21	14	6	ok
CH-STA-L50-L02-DIST01::54	10gbase-x-sfpp	L01-CORE_tg.3.7	CH-STA-L50-L01-CORE01	Jan 21	Switch Core	ch-sta-l50	FALSE	10000	USW	USW-CO01_P1.21	14	6	ok
CH-STA-L50-L02-DIST01::6	1000base-t	L02-ACCE06_p48	CH-STA-L50-L02-ACCE06	48	Switch Access	ch-sta-l50	FALSE	1000	USW	USW-1G-AC06_P48	15	5	ok
CH-STA-L50-L02-DIST01::7	1000base-t	L02-ACCE07_p24	CH-STA-L50-L02-ACCE07	24	Switch Access	ch-sta-l50	FALSE	1000	USW	USW-1G-AC07_P24	15	5	ok
CH-STA-L50-L02-DIST01::8	1000base-t	L02-ACCE08_p24	CH-STA-L50-L02-ACCE08	24	Switch Access	ch-sta-l50	FALSE	1000	USW	USW-1G-AC08_P24	15	5	ok
CH-STA-L50-L02-DIST01::9	1000base-t	L02-ACCE09_p24	CH-STA-L50-L02-ACCE09	24	Switch Access	ch-sta-l50	FALSE	1000	USW	USW-1G-AC09_P24	15	5	ok
CH-ZRH-ZH4-CORE01::1	10gbase-x-sfpp	ISC	CH-ZRH-ZH4-CORE02	1	Switch Core	ch-zrh-zh4	FALSE	10000	USW	USW-CO02_P1	11	9	ok
CH-ZRH-ZH4-CORE01::11	10gbase-x-sfpp	Alternative_ISC	CH-ZRH-ZH4-CORE02	11	Switch Core	ch-zrh-zh4	FALSE	10000	USW	USW-CO02_P11	12	8	ok
CH-ZRH-ZH4-CORE01::12	10gbase-x-sfpp	esx40_ct1_eth0	ch-zrh-zh4-esx40.sensirion.lokal	vmnic0	Server	ch-zrh-zh4	FALSE	10000	US	US-ES40_VMNIC0	14	6	ok
CH-ZRH-ZH4-CORE01::13	10gbase-x-sfpp	esx41_ct1_eth0	ch-zrh-zh4-esx41.sensirion.lokal	vmnic0	Server	ch-zrh-zh4	FALSE	10000	US	US-ES41_VMNIC0	14	6	ok
CH-ZRH-ZH4-CORE01::15	10gbase-x-sfpp	ZRH-FWGW01_x1	CH-ZRH-ZH4-FWGW01	x1	Firewall	ch-zrh-zh4	FALSE	10000	USW	USW-FW01_X1	11	9	ok
CH-ZRH-ZH4-CORE01::16	10gbase-x-sfpp	ZRH-FWGW01_x3	CH-ZRH-ZH4-FWGW01	x3	Firewall	ch-zrh-zh4	FALSE	10000	USW	USW-FW01_X3	11	9	ok
CH-ZRH-ZH4-CORE01::17	10gbase-x-sfpp	esx42_ct1_eth0	ch-zrh-zh4-esx42.sensirion.lokal	vmnic0	Server	ch-zrh-zh4	FALSE	10000	US	US-ES42_VMNIC0	14	6	ok
CH-ZRH-ZH4-CORE01::18	10gbase-x-sfpp	esx43_ct1_eth0	ch-zrh-zh4-esx43.sensirion.lokal	vmnic0	Server	ch-zrh-zh4	FALSE	10000	US	US-ES43_VMNIC0	14	6	ok
CH-ZRH-ZH4-CORE01::19	10gbase-x-sfpp	esx44_ct1_eth0	ch-zrh-zh4-esx44.sensirion.lokal	vmnic0	Server	ch-zrh-zh4	FALSE	10000	US	US-ES44_VMNIC0	14	6	ok
CH-ZRH-ZH4-CORE01::2	10gbase-x-sfpp	ISC	CH-ZRH-ZH4-CORE02	2	Switch Core	ch-zrh-zh4	FALSE	10000	USW	USW-CO02_P2	11	9	ok
CH-ZRH-ZH4-CORE01::22	10gbase-x-sfpp	esx47_ct1_eth0	ch-zrh-zh4-esx47.sensirion.lokal	vmnic0	Server	ch-zrh-dc	FALSE	10000	US	US-ES47_VMNIC0	14	6	ok
CH-ZRH-ZH4-CORE01::23	10gbase-x-sfpp	SAN02_ctl0_eth10	ch-zrh-zh4-san02	ct0.eth10	Storage	ch-zrh-zh4	FALSE	10000	US	US-SN02_CT0	11	9	ok
CH-ZRH-ZH4-CORE01::24	10gbase-x-sfpp	SAN02_ctl1_eth10	ch-zrh-zh4-san02	ct1.eth10	Storage	ch-zrh-zh4	FALSE	10000	US	US-SN02_CT1	11	9	ok
CH-ZRH-ZH4-CORE01::25	10gbase-x-sfpp	SAN02_ctl0_eth2	ch-zrh-zh4-san02	ct0.eth2	Storage	ch-zrh-zh4	FALSE	10000	US	US-SN02_CT0ETH2	15	5	ok
CH-ZRH-ZH4-CORE01::26	10gbase-x-sfpp	SAN02_ctl1_eth2	ch-zrh-zh4-san02	ct1.eth2	Storage	ch-zrh-zh4	FALSE	10000	US	US-SN02_CT1ETH2	15	5	ok
CH-ZRH-ZH4-CORE01::27	10gbase-x-sfpp	SAN02_ctl0_eth4	ch-zrh-zh4-san02	ct0.eth4	Storage	ch-zrh-zh4	FALSE	10000	US	US-SN02_CT0ETH4	15	5	ok
CH-ZRH-ZH4-CORE01::28	10gbase-x-sfpp	SAN02_ctl1_eth4	ch-zrh-zh4-san02	ct1.eth4	Storage	ch-zrh-zh4	FALSE	10000	US	US-SN02_CT1ETH4	15	5	ok
CH-ZRH-ZH4-CORE01::29	10gbase-x-sfpp	ZH4-SAN04-N01_CT	ch-zrh-zh4-san01	ct0.eth10	Storage	ch-zrh-zh4	FALSE	10000	US	US-SN01_CT0	11	9	ok
CH-ZRH-ZH4-CORE01::3	10gbase-x-sfpp	ISC	CH-ZRH-ZH4-CORE02	3	Switch Core	ch-zrh-zh4	FALSE	10000	USW	USW-CO02_P3	11	9	ok
CH-ZRH-ZH4-CORE01::30	10gbase-x-sfpp	ZH4-SAN04-N01_CT	ch-zrh-zh4-san01	ct1.eth10	Storage	ch-zrh-zh4	FALSE	10000	US	US-SN01_CT1	11	9	ok
CH-ZRH-ZH4-CORE01::32	10gbase-x-sfpp	esx40_ct1_eth2	ch-zrh-zh4-esx40.sensirion.lokal	vmnic2	Server	ch-zrh-zh4	FALSE	10000	US	US-ES40_VMNIC2	14	6	ok
CH-ZRH-ZH4-CORE01::33	10gbase-x-sfpp	esx41_ct1_eth2	ch-zrh-zh4-esx41.sensirion.lokal	vmnic2	Server	ch-zrh-zh4	FALSE	10000	US	US-ES41_VMNIC2	14	6	ok
CH-ZRH-ZH4-CORE01::37	10gbase-x-sfpp	esx42_ct1_eth2	ch-zrh-zh4-esx42.sensirion.lokal	vmnic2	Server	ch-zrh-zh4	FALSE	10000	US	US-ES42_VMNIC2	14	6	ok
CH-ZRH-ZH4-CORE01::38	10gbase-x-sfpp	esx43_ct1_eth2	ch-zrh-zh4-esx43.sensirion.lokal	vmnic2	Server	ch-zrh-zh4	FALSE	10000	US	US-ES43_VMNIC2	14	6	ok
CH-ZRH-ZH4-CORE01::39	10gbase-x-sfpp	esx44_ct1_eth2	ch-zrh-zh4-esx44.sensirion.lokal	vmnic2	Server	ch-zrh-zh4	FALSE	10000	US	US-ES44_VMNIC2	14	6	ok
CH-ZRH-ZH4-CORE01::4	10gbase-x-sfpp	ISC	CH-ZRH-ZH4-CORE02	4	Switch Core	ch-zrh-zh4	FALSE	10000	USW	USW-CO02_P4	11	9	ok
CH-ZRH-ZH4-CORE01::42	10gbase-x-sfpp	esx47_ct1_eth2	ch-zrh-zh4-esx47.sensirion.lokal	vmnic2	Server	ch-zrh-dc	FALSE	10000	US	US-ES47_VMNIC2	14	6	ok
CH-ZRH-ZH4-CORE01::46	10gbase-x-sfpp	ZH5-CORE01-P46	CH-ZRH-ZH5-CORE01	46	Switch Core	ch-zrh-zh5	FALSE	10000	USW	USW-CO01_P46	12	8	ok
CH-ZRH-ZH4-CORE01::5	10gbase-x-sfpp	MLAG_MGMT01_p51	CH-ZRH-ZH4-MGMT01-1	01:51	Switch Mgmt	ch-zrh-zh4	FALSE	10000	USW	USW-MG01-1	10	10	ok
CH-ZRH-ZH4-CORE01::6	10gbase-x-sfpp	MLAG_MGMT02_p51	CH-ZRH-ZH4-MGMT01-2	02:51	Switch Mgmt	ch-zrh-zh4	FALSE	10000	USW	USW-MG01-2	10	10	ok
CH-ZRH-ZH4-CORE02::1	10gbase-x-sfpp	ISC	CH-ZRH-ZH4-CORE01	1	Switch Core	ch-zrh-zh4	FALSE	10000	USW	USW-CO01_P1	11	9	ok
CH-ZRH-ZH4-CORE02::11	10gbase-x-sfpp	Alternative_ISC	CH-ZRH-ZH4-CORE01	11	Switch Core	ch-zrh-zh4	FALSE	10000	USW	USW-CO01_P11	12	8	ok
CH-ZRH-ZH4-CORE02::12	10gbase-x-sfpp	esx40_ct1_eth1	ch-zrh-zh4-esx40.sensirion.lokal	vmnic1	Server	ch-zrh-zh4	FALSE	10000	US	US-ES40_VMNIC1	14	6	ok
CH-ZRH-ZH4-CORE02::13	10gbase-x-sfpp	esx41_ct1_eth1	ch-zrh-zh4-esx41.sensirion.lokal	vmnic1	Server	ch-zrh-zh4	FALSE	10000	US	US-ES41_VMNIC1	14	6	ok
CH-ZRH-ZH4-CORE02::15	10gbase-x-sfpp	ZRH-FWGW01_x2	CH-ZRH-ZH4-FWGW01	x2	Firewall	ch-zrh-zh4	FALSE	10000	USW	USW-FW01_X2	11	9	ok
CH-ZRH-ZH4-CORE02::16	10gbase-x-sfpp	ZRH-FWGW01_x4	CH-ZRH-ZH4-FWGW01	x4	Firewall	ch-zrh-zh4	FALSE	10000	USW	USW-FW01_X4	11	9	ok
CH-ZRH-ZH4-CORE02::17	10gbase-x-sfpp	esx42_ct1_eth1	ch-zrh-zh4-esx42.sensirion.lokal	vmnic1	Server	ch-zrh-zh4	FALSE	10000	US	US-ES42_VMNIC1	14	6	ok
CH-ZRH-ZH4-CORE02::18	10gbase-x-sfpp	esx43_ct1_eth1	ch-zrh-zh4-esx43.sensirion.lokal	vmnic1	Server	ch-zrh-zh4	FALSE	10000	US	US-ES43_VMNIC1	14	6	ok
CH-ZRH-ZH4-CORE02::19	10gbase-x-sfpp	esx44_ct1_eth1	ch-zrh-zh4-esx44.sensirion.lokal	vmnic1	Server	ch-zrh-zh4	FALSE	10000	US	US-ES44_VMNIC1	14	6	ok
CH-ZRH-ZH4-CORE02::2	10gbase-x-sfpp	ISC	CH-ZRH-ZH4-CORE01	2	Switch Core	ch-zrh-zh4	FALSE	10000	USW	USW-CO01_P2	11	9	ok
CH-ZRH-ZH4-CORE02::22	10gbase-x-sfpp	esx47_ct1_eth1	ch-zrh-zh4-esx47.sensirion.lokal	vmnic1	Server	ch-zrh-dc	FALSE	10000	US	US-ES47_VMNIC1	14	6	ok
CH-ZRH-ZH4-CORE02::23	10gbase-x-sfpp	SAN02_ctl0_eth11	ch-zrh-zh4-san02	ct0.eth11	Storage	ch-zrh-zh4	FALSE	10000	US	US-SN02_CT0	11	9	ok
CH-ZRH-ZH4-CORE02::24	10gbase-x-sfpp	SAN02_ctl1_eth11	ch-zrh-zh4-san02	ct1.eth11	Storage	ch-zrh-zh4	FALSE	10000	US	US-SN02_CT1	11	9	ok
CH-ZRH-ZH4-CORE02::25	10gbase-x-sfpp	SAN02_ctl0_eth3	ch-zrh-zh4-san02	ct0.eth3	Storage	ch-zrh-zh4	FALSE	10000	US	US-SN02_CT0ETH3	15	5	ok
CH-ZRH-ZH4-CORE02::26	10gbase-x-sfpp	SAN02_ctl1_eth3	ch-zrh-zh4-san02	ct1.eth3	Storage	ch-zrh-zh4	FALSE	10000	US	US-SN02_CT1ETH3	15	5	ok
CH-ZRH-ZH4-CORE02::27	10gbase-x-sfpp	SAN02_ctl0_eth5	ch-zrh-zh4-san02	ct0.eth5	Storage	ch-zrh-zh4	FALSE	10000	US	US-SN02_CT0ETH5	15	5	ok
CH-ZRH-ZH4-CORE02::28	10gbase-x-sfpp	SAN02_ctl1_eth5	ch-zrh-zh4-san02	ct1.eth5	Storage	ch-zrh-zh4	FALSE	10000	US	US-SN02_CT1ETH5	15	5	ok
CH-ZRH-ZH4-CORE02::29	10gbase-x-sfpp	ZH4-SAN04-N01_CT	ch-zrh-zh4-san01	ct0.eth11	Storage	ch-zrh-zh4	FALSE	10000	US	US-SN01_CT0	11	9	ok
CH-ZRH-ZH4-CORE02::3	10gbase-x-sfpp	ISC	CH-ZRH-ZH4-CORE01	3	Switch Core	ch-zrh-zh4	FALSE	10000	USW	USW-CO01_P3	11	9	ok
CH-ZRH-ZH4-CORE02::30	10gbase-x-sfpp	ZH4-SAN04-N01_CT	ch-zrh-zh4-san01	ct1.eth11	Storage	ch-zrh-zh4	FALSE	10000	US	US-SN01_CT1	11	9	ok
CH-ZRH-ZH4-CORE02::32	10gbase-x-sfpp	esx40_ct1_eth3	ch-zrh-zh4-esx40.sensirion.lokal	vmnic3	Server	ch-zrh-zh4	FALSE	10000	US	US-ES40_VMNIC3	14	6	ok
CH-ZRH-ZH4-CORE02::33	10gbase-x-sfpp	esx41_ct1_eth3	ch-zrh-zh4-esx41.sensirion.lokal	vmnic3	Server	ch-zrh-zh4	FALSE	10000	US	US-ES41_VMNIC3	14	6	ok
CH-ZRH-ZH4-CORE02::37	10gbase-x-sfpp	esx42_ct1_eth3	ch-zrh-zh4-esx42.sensirion.lokal	vmnic3	Server	ch-zrh-zh4	FALSE	10000	US	US-ES42_VMNIC3	14	6	ok
CH-ZRH-ZH4-CORE02::38	10gbase-x-sfpp	esx43_ct1_eth3	ch-zrh-zh4-esx43.sensirion.lokal	vmnic3	Server	ch-zrh-zh4	FALSE	10000	US	US-ES43_VMNIC3	14	6	ok
CH-ZRH-ZH4-CORE02::39	10gbase-x-sfpp	esx44_ct1_eth3	ch-zrh-zh4-esx44.sensirion.lokal	vmnic3	Server	ch-zrh-zh4	FALSE	10000	US	US-ES44_VMNIC3	14	6	ok
CH-ZRH-ZH4-CORE02::4	10gbase-x-sfpp	ISC	CH-ZRH-ZH4-CORE01	4	Switch Core	ch-zrh-zh4	FALSE	10000	USW	USW-CO01_P4	11	9	ok
CH-ZRH-ZH4-CORE02::42	10gbase-x-sfpp	esx47_ct1_eth3	ch-zrh-zh4-esx47.sensirion.lokal	vmnic3	Server	ch-zrh-dc	FALSE	10000	US	US-ES47_VMNIC3	14	6	ok
CH-ZRH-ZH4-CORE02::46	10gbase-x-sfpp	ZH5-CORE02-P46	CH-ZRH-ZH5-CORE02	46	Switch Core	ch-zrh-zh5	FALSE	10000	USW	USW-CO02_P46	12	8	ok
CH-ZRH-ZH4-CORE02::5	10gbase-x-sfpp	MLAG_MGMT01_p52	CH-ZRH-ZH4-MGMT01-1	01:52	Switch Mgmt	ch-zrh-zh4	FALSE	10000	USW	USW-MG01-1	10	10	ok
CH-ZRH-ZH4-CORE02::6	10gbase-x-sfpp	MLAG_MGMT02_p52	CH-ZRH-ZH4-MGMT01-2	02:52	Switch Mgmt	ch-zrh-zh4	FALSE	10000	USW	USW-MG01-2	10	10	ok
CH-ZRH-ZH4-MGMT01-1::1:1	1000base-t	s-fwgw01:13_HA	CH-ZRH-ZH4-FWGW01	ha	Firewall	ch-zrh-zh4	FALSE	1000	USW	USW-1G-FW01_HA	14	6	ok
CH-ZRH-ZH4-MGMT01-1::1:15	1000base-t	ZH4-SAN04-N01_CT	ch-zrh-zh4-san01	ct1.eth4	Storage	ch-zrh-zh4	TRUE	1000	MON	MON-SN01_CT1	12	8	ok
CH-ZRH-ZH4-MGMT01-1::1:16	1000base-t	esx40_ct0_ilo	ch-zrh-zh4-esx40.sensirion.lokal	iDRAC 10 (NIC.1)	Server	ch-zrh-zh4	TRUE	1000	MON	MON-ES40	8	12	ok
CH-ZRH-ZH4-MGMT01-1::1:17	1000base-t	esx41_ct0_ilo	ch-zrh-zh4-esx41.sensirion.lokal	iDRAC 10 (NIC.1)	Server	ch-zrh-zh4	TRUE	1000	MON	MON-ES41	8	12	ok
CH-ZRH-ZH4-MGMT01-1::1:18	1000base-t	esx42_ct0_ilo	ch-zrh-zh4-esx42.sensirion.lokal	iDRAC 10 (NIC.1)	Server	ch-zrh-zh4	TRUE	1000	MON	MON-ES42	8	12	ok
CH-ZRH-ZH4-MGMT01-1::1:19	1000base-t	esx43_ct0_ilo	ch-zrh-zh4-esx43.sensirion.lokal	iDRAC 10 (NIC.1)	Server	ch-zrh-zh4	TRUE	1000	MON	MON-ES43	8	12	ok
CH-ZRH-ZH4-MGMT01-1::1:21	1000base-t	esx40_ct0_eth0	ch-zrh-zh4-esx40.sensirion.lokal	vmnic4	Server	ch-zrh-zh4	FALSE	1000	US	US-1G-ES40_VMNIC4	17	3	ok
CH-ZRH-ZH4-MGMT01-1::1:22	1000base-t	esx41_ct0_eth0	ch-zrh-zh4-esx41.sensirion.lokal	vmnic4	Server	ch-zrh-zh4	FALSE	1000	US	US-1G-ES41_VMNIC4	17	3	ok
CH-ZRH-ZH4-MGMT01-1::1:23	1000base-t	esx42_ct0_eth0	ch-zrh-zh4-esx42.sensirion.lokal	vmnic4	Server	ch-zrh-zh4	FALSE	1000	US	US-1G-ES42_VMNIC4	17	3	ok
CH-ZRH-ZH4-MGMT01-1::1:24	1000base-t	esx43_ct0_eth0	ch-zrh-zh4-esx43.sensirion.lokal	vmnic4	Server	ch-zrh-zh4	FALSE	1000	US	US-1G-ES43_VMNIC4	17	3	ok
CH-ZRH-ZH4-MGMT01-1::1:25	1000base-t	SAN02_ctl0_mgmt	ch-zrh-zh4-san02	ct0.eth0	Storage	ch-zrh-zh4	TRUE	1000	MON	MON-SN02_CT0	12	8	ok
CH-ZRH-ZH4-MGMT01-1::1:26	1000base-t	esx44_ct0_eth0	ch-zrh-zh4-esx44.sensirion.lokal	vmnic4	Server	ch-zrh-zh4	FALSE	1000	US	US-1G-ES44_VMNIC4	17	3	ok
CH-ZRH-ZH4-MGMT01-1::1:29	1000base-t	esx47_ct0_eth0	ch-zrh-zh4-esx47.sensirion.lokal	vmnic4	Server	ch-zrh-dc	FALSE	1000	US	US-1G-ES47_VMNIC4	17	3	ok
CH-ZRH-ZH4-MGMT01-1::1:31	1000base-t	s-fwgw01:lag.0.2	CH-ZRH-ZH4-FWGW01	port1	Firewall	ch-zrh-zh4	FALSE	1000	USW	USW-1G-FW01_P1	14	6	ok
CH-ZRH-ZH4-MGMT01-1::1:32	1000base-t	s-fwgw01:lag.0.2	CH-ZRH-ZH4-FWGW01	port3	Firewall	ch-zrh-zh4	FALSE	1000	USW	USW-1G-FW01_P3	14	6	ok
CH-ZRH-ZH4-MGMT01-1::1:33	1000base-t	s-fwgw01:lag.0.3	CH-ZRH-ZH4-FWGW01	port13	Firewall	ch-zrh-zh4	FALSE	1000	USW	USW-1G-FW01_P13	15	5	ok
CH-ZRH-ZH4-MGMT01-1::1:34	1000base-t	s-fwgw01:lag.0.4	CH-ZRH-ZH4-FWGW01	port9	Firewall	ch-zrh-zh4	FALSE	1000	USW	USW-1G-FW01_P9	14	6	ok
CH-ZRH-ZH4-MGMT01-1::1:49	extreme-summitstack	STACKING_PORT	CH-ZRH-ZH4-MGMT01-2	02:50	Switch Mgmt	ch-zrh-zh4	FALSE		USW	USW-MG01-2	10	10	ok
CH-ZRH-ZH4-MGMT01-1::1:5	1000base-t	S-fwgw01:mgmt1	CH-ZRH-ZH4-FWGW01	mgmt	Firewall	ch-zrh-zh4	TRUE	1000	USW	USW-1G-FW01_MGMT	16	4	ok
CH-ZRH-ZH4-MGMT01-1::1:50	extreme-summitstack	STACKING_PORT	CH-ZRH-ZH4-MGMT01-2	02:49	Switch Mgmt	ch-zrh-zh4	FALSE		USW	USW-MG01-2	10	10	ok
CH-ZRH-ZH4-MGMT01-1::1:51	10gbase-x-sfpp	MLAG_CORE01_p5	CH-ZRH-ZH4-CORE01	5	Switch Core	ch-zrh-zh4	FALSE	10000	USW	USW-CO01_P5	11	9	ok
CH-ZRH-ZH4-MGMT01-1::1:52	10gbase-x-sfpp	MLAG_CORE02_p5	CH-ZRH-ZH4-CORE02	5	Switch Core	ch-zrh-zh4	FALSE	10000	USW	USW-CO02_P5	11	9	ok
CH-ZRH-ZH4-MGMT01-2::2:1	1000base-t	s-fwgw01:29_HA	CH-ZRH-ZH4-FWGW01	port15	Firewall	ch-zrh-zh4	FALSE	1000	USW	USW-1G-FW01_P15	15	5	ok
CH-ZRH-ZH4-MGMT01-2::2:15	1000base-t	ZH4-SAN04-N01_CT	ch-zrh-zh4-san01	ct0.eth4	Storage	ch-zrh-zh4	TRUE	1000	MON	MON-SN01_CT0	12	8	ok
CH-ZRH-ZH4-MGMT01-2::2:16	1000base-t	esx44_ct0_ilo	ch-zrh-zh4-esx44.sensirion.lokal	iDRAC 10 (NIC.1)	Server	ch-zrh-zh4	TRUE	1000	MON	MON-ES44	8	12	ok
CH-ZRH-ZH4-MGMT01-2::2:19	1000base-t	esx47_ct0_ilo	ch-zrh-zh4-esx47.sensirion.lokal	iDRAC 10 (NIC.1)	Server	ch-zrh-dc	TRUE	1000	MON	MON-DC-ES47	11	9	ok
CH-ZRH-ZH4-MGMT01-2::2:21	1000base-t	esx40_ct0_eth1	ch-zrh-zh4-esx40.sensirion.lokal	vmnic5	Server	ch-zrh-zh4	FALSE	1000	US	US-1G-ES40_VMNIC5	17	3	ok
CH-ZRH-ZH4-MGMT01-2::2:22	1000base-t	esx41_ct0_eth1	ch-zrh-zh4-esx41.sensirion.lokal	vmnic5	Server	ch-zrh-zh4	FALSE	1000	US	US-1G-ES41_VMNIC5	17	3	ok
CH-ZRH-ZH4-MGMT01-2::2:23	1000base-t	esx42_ct0_eth1	ch-zrh-zh4-esx42.sensirion.lokal	vmnic5	Server	ch-zrh-zh4	FALSE	1000	US	US-1G-ES42_VMNIC5	17	3	ok
CH-ZRH-ZH4-MGMT01-2::2:24	1000base-t	esx43_ct0_eth1	ch-zrh-zh4-esx43.sensirion.lokal	vmnic5	Server	ch-zrh-zh4	FALSE	1000	US	US-1G-ES43_VMNIC5	17	3	ok
CH-ZRH-ZH4-MGMT01-2::2:25	1000base-t	SAN02_ctl1_mgmt	ch-zrh-zh4-san02	ct1.eth0	Storage	ch-zrh-zh4	TRUE	1000	MON	MON-SN02_CT1	12	8	ok
CH-ZRH-ZH4-MGMT01-2::2:26	1000base-t	esx44_ct0_eth1	ch-zrh-zh4-esx44.sensirion.lokal	vmnic5	Server	ch-zrh-zh4	FALSE	1000	US	US-1G-ES44_VMNIC5	17	3	ok
CH-ZRH-ZH4-MGMT01-2::2:29	1000base-t	esx47_ct0_eth1	ch-zrh-zh4-esx47.sensirion.lokal	vmnic5	Server	ch-zrh-dc	FALSE	1000	US	US-1G-ES47_VMNIC5	17	3	ok
CH-ZRH-ZH4-MGMT01-2::2:31	1000base-t	s-fwgw01:lag.0.2	CH-ZRH-ZH4-FWGW01	port2	Firewall	ch-zrh-zh4	FALSE	1000	USW	USW-1G-FW01_P2	14	6	ok
CH-ZRH-ZH4-MGMT01-2::2:32	1000base-t	s-fwgw01:lag.0.2	CH-ZRH-ZH4-FWGW01	port4	Firewall	ch-zrh-zh4	FALSE	1000	USW	USW-1G-FW01_P4	14	6	ok
CH-ZRH-ZH4-MGMT01-2::2:33	1000base-t	s-fwgw01:lag.0.3	CH-ZRH-ZH4-FWGW01	port14	Firewall	ch-zrh-zh4	FALSE	1000	USW	USW-1G-FW01_P14	15	5	ok
CH-ZRH-ZH4-MGMT01-2::2:34	1000base-t	s-fwgw01:lag.0.4	CH-ZRH-ZH4-FWGW01	port10	Firewall	ch-zrh-zh4	FALSE	1000	USW	USW-1G-FW01_P10	15	5	ok
CH-ZRH-ZH4-MGMT01-2::2:49	extreme-summitstack	STACKING_PORT	CH-ZRH-ZH4-MGMT01-1	01:50	Switch Mgmt	ch-zrh-zh4	FALSE		USW	USW-MG01-1	10	10	ok
CH-ZRH-ZH4-MGMT01-2::2:5	1000base-t	S-fwgw01:mgmt2	CH-ZRH-ZH4-FWGW01	port16	Firewall	ch-zrh-zh4	FALSE	1000	USW	USW-1G-FW01_P16	15	5	ok
CH-ZRH-ZH4-MGMT01-2::2:50	extreme-summitstack	STACKING_PORT	CH-ZRH-ZH4-MGMT01-1	01:49	Switch Mgmt	ch-zrh-zh4	FALSE		USW	USW-MG01-1	10	10	ok
CH-ZRH-ZH4-MGMT01-2::2:51	10gbase-x-sfpp	MLAG_CORE01_p6	CH-ZRH-ZH4-CORE01	6	Switch Core	ch-zrh-zh4	FALSE	10000	USW	USW-CO01_P6	11	9	ok
CH-ZRH-ZH4-MGMT01-2::2:52	10gbase-x-sfpp	MLAG_CORE02_p6	CH-ZRH-ZH4-CORE02	6	Switch Core	ch-zrh-zh4	FALSE	10000	USW	USW-CO02_P6	11	9	ok
CH-ZRH-ZH5-CORE01::1	10gbase-x-sfpp	CH-ZRH-ZH5-CORE0	CH-ZRH-ZH5-CORE02	1	Switch Core	ch-zrh-zh5	FALSE	10000	USW	USW-CO02_P1	11	9	ok
CH-ZRH-ZH5-CORE01::11	10gbase-x-sfpp	CH-ZRH-ZH5-CORE0	CH-ZRH-ZH5-CORE02	11	Switch Core	ch-zrh-zh5	FALSE	10000	USW	USW-CO02_P11	12	8	ok
CH-ZRH-ZH5-CORE01::12	10gbase-x-sfpp	esx50_ct1_eth0	ch-zrh-zh5-esx50.sensirion.lokal	vmnic0	Server	ch-zrh-zh5	FALSE	10000	US	US-ES50_VMNIC0	14	6	ok
CH-ZRH-ZH5-CORE01::13	10gbase-x-sfpp	esx51_ct1_eth0	ch-zrh-zh5-esx51.sensirion.lokal	vmnic0	Server	ch-zrh-zh5	FALSE	10000	US	US-ES51_VMNIC0	14	6	ok
CH-ZRH-ZH5-CORE01::15	10gbase-x-sfpp	ZRH-FWGW01_x1	CH-ZRH-ZH5-FWGW01	x1	Firewall	ch-zrh-zh5	FALSE	10000	USW	USW-FW01_X1	11	9	ok
CH-ZRH-ZH5-CORE01::16	10gbase-x-sfpp	ZRH-FWGW01_x4	CH-ZRH-ZH5-FWGW01	x4	Firewall	ch-zrh-zh5	FALSE	10000	USW	USW-FW01_X4	11	9	ok
CH-ZRH-ZH5-CORE01::17	10gbase-x-sfpp	esx52_ct1_eth0	ch-zrh-zh5-esx52.sensirion.lokal	vmnic0	Server	ch-zrh-zh5	FALSE	10000	US	US-ES52_VMNIC0	14	6	ok
CH-ZRH-ZH5-CORE01::18	10gbase-x-sfpp	esx53_ct1_eth0	ch-zrh-zh5-esx53.sensirion.lokal	vmnic0	Server	ch-zrh-zh5	FALSE	10000	US	US-ES53_VMNIC0	14	6	ok
CH-ZRH-ZH5-CORE01::19	10gbase-x-sfpp	esx54_ct1_eth0	ch-zrh-zh5-esx54.sensirion.lokal	vmnic0	Server	ch-zrh-zh5	FALSE	10000	US	US-ES54_VMNIC0	14	6	ok
CH-ZRH-ZH5-CORE01::2	10gbase-x-sfpp	CH-ZRH-ZH5-CORE0	CH-ZRH-ZH5-CORE02	2	Switch Core	ch-zrh-zh5	FALSE	10000	USW	USW-CO02_P2	11	9	ok
CH-ZRH-ZH5-CORE01::20	10gbase-x-sfpp	esx55_ct1_eth0	ch-zrh-zh5-esx55.sensirion.lokal	vmnic2	Server	ch-zrh-zh5	FALSE	10000	US	US-ES55_VMNIC2	14	6	ok
CH-ZRH-ZH5-CORE01::21	10gbase-x-sfpp	esx56_ct1_eth0	ch-zrh-zh5-esx56.sensirion.lokal	vmnic2	Server	ch-zrh-zh5	FALSE	10000	US	US-ES56_VMNIC2	14	6	ok
CH-ZRH-ZH5-CORE01::22	10gbase-x-sfpp	esx57_ct1_eth0	ch-zrh-zh5-esx57.sensirion.lokal	vmnic0	Server	ch-zrh-dc	FALSE	10000	US	US-ES57_VMNIC0	14	6	ok
CH-ZRH-ZH5-CORE01::23	10gbase-x-sfpp	SAN02_ctl0_eth10	ch-zrh-zh5-san02	ct0.eth10	Storage	ch-zrh-zh5	FALSE	10000	US	US-SN02_CT0	11	9	ok
CH-ZRH-ZH5-CORE01::24	10gbase-x-sfpp	SAN02_ctl1_eth10	ch-zrh-zh5-san02	ct1.eth10	Storage	ch-zrh-zh5	FALSE	10000	US	US-SN02_CT1	11	9	ok
CH-ZRH-ZH5-CORE01::25	10gbase-x-sfpp	SAN02_ctl0_eth2	ch-zrh-zh5-san02	ct0.eth2	Storage	ch-zrh-zh5	FALSE	10000	US	US-SN02_CT0ETH2	15	5	ok
CH-ZRH-ZH5-CORE01::26	10gbase-x-sfpp	SAN02_ctl1_eth2	ch-zrh-zh5-san02	ct1.eth2	Storage	ch-zrh-zh5	FALSE	10000	US	US-SN02_CT1ETH2	15	5	ok
CH-ZRH-ZH5-CORE01::27	10gbase-x-sfpp	SAN02_ctl0_eth4	ch-zrh-zh5-san02	ct0.eth4	Storage	ch-zrh-zh5	FALSE	10000	US	US-SN02_CT0ETH4	15	5	ok
CH-ZRH-ZH5-CORE01::28	10gbase-x-sfpp	SAN02_ctl1_eth4	ch-zrh-zh5-san02	ct1.eth4	Storage	ch-zrh-zh5	FALSE	10000	US	US-SN02_CT1ETH4	15	5	ok
CH-ZRH-ZH5-CORE01::29	10gbase-x-sfpp	ZH5-SAN04-N01_CT	ch-zrh-zh5-san01	ct0.eth10	Storage	ch-zrh-zh5	FALSE	10000	US	US-SN01_CT0	11	9	ok
CH-ZRH-ZH5-CORE01::3	10gbase-x-sfpp	CH-ZRH-ZH5-CORE0	CH-ZRH-ZH5-CORE02	3	Switch Core	ch-zrh-zh5	FALSE	10000	USW	USW-CO02_P3	11	9	ok
CH-ZRH-ZH5-CORE01::30	10gbase-x-sfpp	ZH5-SAN04-N01_CT	ch-zrh-zh5-san01	ct1.eth10	Storage	ch-zrh-zh5	FALSE	10000	US	US-SN01_CT1	11	9	ok
CH-ZRH-ZH5-CORE01::32	10gbase-x-sfpp	esx50_ct1_eth2	ch-zrh-zh5-esx50.sensirion.lokal	vmnic2	Server	ch-zrh-zh5	FALSE	10000	US	US-ES50_VMNIC2	14	6	ok
CH-ZRH-ZH5-CORE01::33	10gbase-x-sfpp	esx51_ct1_eth2	ch-zrh-zh5-esx51.sensirion.lokal	vmnic2	Server	ch-zrh-zh5	FALSE	10000	US	US-ES51_VMNIC2	14	6	ok
CH-ZRH-ZH5-CORE01::37	10gbase-x-sfpp	esx52_ct1_eth2	ch-zrh-zh5-esx52.sensirion.lokal	vmnic2	Server	ch-zrh-zh5	FALSE	10000	US	US-ES52_VMNIC2	14	6	ok
CH-ZRH-ZH5-CORE01::38	10gbase-x-sfpp	esx53_ct1_eth2	ch-zrh-zh5-esx53.sensirion.lokal	vmnic2	Server	ch-zrh-zh5	FALSE	10000	US	US-ES53_VMNIC2	14	6	ok
CH-ZRH-ZH5-CORE01::39	10gbase-x-sfpp	esx54_ct1_eth2	ch-zrh-zh5-esx54.sensirion.lokal	vmnic2	Server	ch-zrh-zh5	FALSE	10000	US	US-ES54_VMNIC2	14	6	ok
CH-ZRH-ZH5-CORE01::4	10gbase-x-sfpp	CH-ZRH-ZH5-CORE0	CH-ZRH-ZH5-CORE02	4	Switch Core	ch-zrh-zh5	FALSE	10000	USW	USW-CO02_P4	11	9	ok
CH-ZRH-ZH5-CORE01::40	10gbase-x-sfpp	esx55_ct1_eth2	ch-zrh-zh5-esx55.sensirion.lokal	vmnic4	Server	ch-zrh-zh5	FALSE	10000	US	US-ES55_VMNIC4	14	6	ok
CH-ZRH-ZH5-CORE01::41	10gbase-x-sfpp	esx56_ct1_eth2	ch-zrh-zh5-esx56.sensirion.lokal	vmnic4	Server	ch-zrh-zh5	FALSE	10000	US	US-ES56_VMNIC4	14	6	ok
CH-ZRH-ZH5-CORE01::42	10gbase-x-sfpp	esx57_ct1_eth2	ch-zrh-zh5-esx57.sensirion.lokal	vmnic2	Server	ch-zrh-dc	FALSE	10000	US	US-ES57_VMNIC2	14	6	ok
CH-ZRH-ZH5-CORE01::46	10gbase-x-sfpp	ZH4-CORE01-P46	CH-ZRH-ZH4-CORE01	46	Switch Core	ch-zrh-zh4	FALSE	10000	USW	USW-CO01_P46	12	8	ok
CH-ZRH-ZH5-CORE01::5	10gbase-x-sfpp	ZRH-ZH5-MGMT02-P	CH-ZRH-ZH5-MGMT01-1	01:51	Switch Mgmt	ch-zrh-zh5	FALSE	10000	USW	USW-MG01-1	10	10	ok
CH-ZRH-ZH5-CORE01::6	10gbase-x-sfpp	ZRH-ZH5-MGMT02-P	CH-ZRH-ZH5-MGMT01-1	01:52	Switch Mgmt	ch-zrh-zh5	FALSE	10000	USW	USW-MG01-1	10	10	ok
CH-ZRH-ZH5-CORE02::1	10gbase-x-sfpp	CH-ZRH-ZH5-CORE1	CH-ZRH-ZH5-CORE01	1	Switch Core	ch-zrh-zh5	FALSE	10000	USW	USW-CO01_P1	11	9	ok
CH-ZRH-ZH5-CORE02::11	10gbase-x-sfpp	CH-ZRH-ZH5-CORE1	CH-ZRH-ZH5-CORE01	11	Switch Core	ch-zrh-zh5	FALSE	10000	USW	USW-CO01_P11	12	8	ok
CH-ZRH-ZH5-CORE02::12	10gbase-x-sfpp	esx50_ct1_eth1	ch-zrh-zh5-esx50.sensirion.lokal	vmnic1	Server	ch-zrh-zh5	FALSE	10000	US	US-ES50_VMNIC1	14	6	ok
CH-ZRH-ZH5-CORE02::13	10gbase-x-sfpp	esx51_ct1_eth1	ch-zrh-zh5-esx51.sensirion.lokal	vmnic1	Server	ch-zrh-zh5	FALSE	10000	US	US-ES51_VMNIC1	14	6	ok
CH-ZRH-ZH5-CORE02::15	10gbase-x-sfpp	ZRH-FWGW01_x2	CH-ZRH-ZH5-FWGW01	x2	Firewall	ch-zrh-zh5	FALSE	10000	USW	USW-FW01_X2	11	9	ok
CH-ZRH-ZH5-CORE02::16	10gbase-x-sfpp	ZRH-FWGW01_x3	CH-ZRH-ZH5-FWGW01	x3	Firewall	ch-zrh-zh5	FALSE	10000	USW	USW-FW01_X3	11	9	ok
CH-ZRH-ZH5-CORE02::17	10gbase-x-sfpp	esx52_ct1_eth1	ch-zrh-zh5-esx52.sensirion.lokal	vmnic1	Server	ch-zrh-zh5	FALSE	10000	US	US-ES52_VMNIC1	14	6	ok
CH-ZRH-ZH5-CORE02::18	10gbase-x-sfpp	esx53_ct1_eth1	ch-zrh-zh5-esx53.sensirion.lokal	vmnic1	Server	ch-zrh-zh5	FALSE	10000	US	US-ES53_VMNIC1	14	6	ok
CH-ZRH-ZH5-CORE02::19	10gbase-x-sfpp	esx54_ct1_eth1	ch-zrh-zh5-esx54.sensirion.lokal	vmnic1	Server	ch-zrh-zh5	FALSE	10000	US	US-ES54_VMNIC1	14	6	ok
CH-ZRH-ZH5-CORE02::2	10gbase-x-sfpp	CH-ZRH-ZH5-CORE1	CH-ZRH-ZH5-CORE01	2	Switch Core	ch-zrh-zh5	FALSE	10000	USW	USW-CO01_P2	11	9	ok
CH-ZRH-ZH5-CORE02::20	10gbase-x-sfpp	esx55_ct1_eth1	ch-zrh-zh5-esx55.sensirion.lokal	vmnic3	Server	ch-zrh-zh5	FALSE	10000	US	US-ES55_VMNIC3	14	6	ok
CH-ZRH-ZH5-CORE02::21	10gbase-x-sfpp	esx56_ct1_eth1	ch-zrh-zh5-esx56.sensirion.lokal	vmnic3	Server	ch-zrh-zh5	FALSE	10000	US	US-ES56_VMNIC3	14	6	ok
CH-ZRH-ZH5-CORE02::22	10gbase-x-sfpp	esx57_ct1_eth1	ch-zrh-zh5-esx57.sensirion.lokal	vmnic1	Server	ch-zrh-dc	FALSE	10000	US	US-ES57_VMNIC1	14	6	ok
CH-ZRH-ZH5-CORE02::23	10gbase-x-sfpp	SAN02_ctl0_eth11	ch-zrh-zh5-san02	ct0.eth11	Storage	ch-zrh-zh5	FALSE	10000	US	US-SN02_CT0	11	9	ok
CH-ZRH-ZH5-CORE02::24	10gbase-x-sfpp	SAN02_ctl1_eth11	ch-zrh-zh5-san02	ct1.eth11	Storage	ch-zrh-zh5	FALSE	10000	US	US-SN02_CT1	11	9	ok
CH-ZRH-ZH5-CORE02::25	10gbase-x-sfpp	SAN02_ctl0_eth3	ch-zrh-zh5-san02	ct0.eth3	Storage	ch-zrh-zh5	FALSE	10000	US	US-SN02_CT0ETH3	15	5	ok
CH-ZRH-ZH5-CORE02::26	10gbase-x-sfpp	SAN02_ctl1_eth3	ch-zrh-zh5-san02	ct1.eth3	Storage	ch-zrh-zh5	FALSE	10000	US	US-SN02_CT1ETH3	15	5	ok
CH-ZRH-ZH5-CORE02::27	10gbase-x-sfpp	SAN02_ctl0_eth5	ch-zrh-zh5-san02	ct0.eth5	Storage	ch-zrh-zh5	FALSE	10000	US	US-SN02_CT0ETH5	15	5	ok
CH-ZRH-ZH5-CORE02::28	10gbase-x-sfpp	SAN02_ctl1_eth5	ch-zrh-zh5-san02	ct1.eth5	Storage	ch-zrh-zh5	FALSE	10000	US	US-SN02_CT1ETH5	15	5	ok
CH-ZRH-ZH5-CORE02::29	10gbase-x-sfpp	ZH5-SAN04-N01_CT	ch-zrh-zh5-san01	ct0.eth11	Storage	ch-zrh-zh5	FALSE	10000	US	US-SN01_CT0	11	9	ok
CH-ZRH-ZH5-CORE02::3	10gbase-x-sfpp	CH-ZRH-ZH5-CORE1	CH-ZRH-ZH5-CORE01	3	Switch Core	ch-zrh-zh5	FALSE	10000	USW	USW-CO01_P3	11	9	ok
CH-ZRH-ZH5-CORE02::30	10gbase-x-sfpp	ZH5-SAN04-N01_CT	ch-zrh-zh5-san01	ct1.eth11	Storage	ch-zrh-zh5	FALSE	10000	US	US-SN01_CT1	11	9	ok
CH-ZRH-ZH5-CORE02::32	10gbase-x-sfpp	esx50_ct1_eth3	ch-zrh-zh5-esx50.sensirion.lokal	vmnic3	Server	ch-zrh-zh5	FALSE	10000	US	US-ES50_VMNIC3	14	6	ok
CH-ZRH-ZH5-CORE02::33	10gbase-x-sfpp	esx51_ct1_eth3	ch-zrh-zh5-esx51.sensirion.lokal	vmnic3	Server	ch-zrh-zh5	FALSE	10000	US	US-ES51_VMNIC3	14	6	ok
CH-ZRH-ZH5-CORE02::37	10gbase-x-sfpp	esx52_ct1_eth3	ch-zrh-zh5-esx52.sensirion.lokal	vmnic3	Server	ch-zrh-zh5	FALSE	10000	US	US-ES52_VMNIC3	14	6	ok
CH-ZRH-ZH5-CORE02::38	10gbase-x-sfpp	esx53_ct1_eth3	ch-zrh-zh5-esx53.sensirion.lokal	vmnic3	Server	ch-zrh-zh5	FALSE	10000	US	US-ES53_VMNIC3	14	6	ok
CH-ZRH-ZH5-CORE02::39	10gbase-x-sfpp	esx54_ct1_eth3	ch-zrh-zh5-esx54.sensirion.lokal	vmnic3	Server	ch-zrh-zh5	FALSE	10000	US	US-ES54_VMNIC3	14	6	ok
CH-ZRH-ZH5-CORE02::4	10gbase-x-sfpp	CH-ZRH-ZH5-CORE1	CH-ZRH-ZH5-CORE01	4	Switch Core	ch-zrh-zh5	FALSE	10000	USW	USW-CO01_P4	11	9	ok
CH-ZRH-ZH5-CORE02::40	10gbase-x-sfpp	esx55_ct1_eth3	ch-zrh-zh5-esx55.sensirion.lokal	vmnic5	Server	ch-zrh-zh5	FALSE	10000	US	US-ES55_VMNIC5	14	6	ok
CH-ZRH-ZH5-CORE02::41	10gbase-x-sfpp	esx56_ct1_eth3	ch-zrh-zh5-esx56.sensirion.lokal	vmnic5	Server	ch-zrh-zh5	FALSE	10000	US	US-ES56_VMNIC5	14	6	ok
CH-ZRH-ZH5-CORE02::42	10gbase-x-sfpp	esx57_ct1_eth3	ch-zrh-zh5-esx57.sensirion.lokal	vmnic3	Server	ch-zrh-dc	FALSE	10000	US	US-ES57_VMNIC3	14	6	ok
CH-ZRH-ZH5-CORE02::46	10gbase-x-sfpp	ZH4-CORE02-P46	CH-ZRH-ZH4-CORE02	46	Switch Core	ch-zrh-zh4	FALSE	10000	USW	USW-CO02_P46	12	8	ok
CH-ZRH-ZH5-CORE02::5	10gbase-x-sfpp	ZRH-ZH5-MGMT01-P	CH-ZRH-ZH5-MGMT01-2	02:51	Switch Mgmt	ch-zrh-zh5	FALSE	10000	USW	USW-MG01-2	10	10	ok
CH-ZRH-ZH5-CORE02::6	10gbase-x-sfpp	ZRH-ZH5-MGMT01-P	CH-ZRH-ZH5-MGMT01-2	02:52	Switch Mgmt	ch-zrh-zh5	FALSE	10000	USW	USW-MG01-2	10	10	ok
CH-ZRH-ZH5-MGMT01-1::1:1	1000base-t	s-fwgw01:13_HA	CH-ZRH-ZH5-FWGW01	ha	Firewall	ch-zrh-zh5	FALSE	1000	USW	USW-1G-FW01_HA	14	6	ok
CH-ZRH-ZH5-MGMT01-1::1:15	1000base-t	SAN01_ctl0_mgmt	ch-zrh-zh5-san01	ct0.eth4	Storage	ch-zrh-zh5	TRUE	1000	MON	MON-SN01_CT0	12	8	ok
CH-ZRH-ZH5-MGMT01-1::1:16	1000base-t	esx50_ct0_ilo	ch-zrh-zh5-esx50.sensirion.lokal	iDRAC 10 (NIC.1)	Server	ch-zrh-zh5	TRUE	1000	MON	MON-ES50	8	12	ok
CH-ZRH-ZH5-MGMT01-1::1:17	1000base-t	esx51_ct0_ilo	ch-zrh-zh5-esx51.sensirion.lokal	iDRAC 10 (NIC.1)	Server	ch-zrh-zh5	TRUE	1000	MON	MON-ES51	8	12	ok
CH-ZRH-ZH5-MGMT01-1::1:18	1000base-t	esx52_ct0_ilo	ch-zrh-zh5-esx52.sensirion.lokal	iDRAC 10 (NIC.1)	Server	ch-zrh-zh5	TRUE	1000	MON	MON-ES52	8	12	ok
CH-ZRH-ZH5-MGMT01-1::1:19	1000base-t	esx53_ct0_ilo	ch-zrh-zh5-esx53.sensirion.lokal	iDRAC 10 (NIC.1)	Server	ch-zrh-zh5	TRUE	1000	MON	MON-ES53	8	12	ok
CH-ZRH-ZH5-MGMT01-1::1:25	1000base-t	SAN02_ctl0_mgmt	ch-zrh-zh5-san02	ct0.eth0	Storage	ch-zrh-zh5	TRUE	1000	MON	MON-SN02_CT0	12	8	ok
CH-ZRH-ZH5-MGMT01-1::1:29	1000base-t	esx57_ct0_eth0	ch-zrh-zh5-esx57.sensirion.lokal	vmnic4	Server	ch-zrh-dc	FALSE	1000	US	US-1G-ES57_VMNIC4	17	3	ok
CH-ZRH-ZH5-MGMT01-1::1:31	1000base-t	s-fwgw01:lag.0.2	CH-ZRH-ZH5-FWGW01	port1	Firewall	ch-zrh-zh5	FALSE	1000	USW	USW-1G-FW01_P1	14	6	ok
CH-ZRH-ZH5-MGMT01-1::1:32	1000base-t	s-fwgw01:lag.0.2	CH-ZRH-ZH5-FWGW01	port3	Firewall	ch-zrh-zh5	FALSE	1000	USW	USW-1G-FW01_P3	14	6	ok
CH-ZRH-ZH5-MGMT01-1::1:33	1000base-t	s-fwgw01:lag.0.3	CH-ZRH-ZH5-FWGW01	port13	Firewall	ch-zrh-zh5	FALSE	1000	USW	USW-1G-FW01_P13	15	5	ok
CH-ZRH-ZH5-MGMT01-1::1:34	1000base-t	s-fwgw01:lag.0.4	CH-ZRH-ZH5-FWGW01	port9	Firewall	ch-zrh-zh5	FALSE	1000	USW	USW-1G-FW01_P9	14	6	ok
CH-ZRH-ZH5-MGMT01-1::1:49	extreme-summitstack	STACKING_PORT	CH-ZRH-ZH5-MGMT01-2	02:50	Switch Mgmt	ch-zrh-zh5	FALSE		USW	USW-MG01-2	10	10	ok
CH-ZRH-ZH5-MGMT01-1::1:5	1000base-t	s-fwgw02:mgmt1	CH-ZRH-ZH5-FWGW01	mgmt	Firewall	ch-zrh-zh5	TRUE	1000	USW	USW-1G-FW01_MGMT	16	4	ok
CH-ZRH-ZH5-MGMT01-1::1:50	extreme-summitstack	STACKING_PORT	CH-ZRH-ZH5-MGMT01-2	02:49	Switch Mgmt	ch-zrh-zh5	FALSE		USW	USW-MG01-2	10	10	ok
CH-ZRH-ZH5-MGMT01-1::1:51	10gbase-x-sfpp	CH-ZRH-ZH5-CORE0	CH-ZRH-ZH5-CORE01	5	Switch Core	ch-zrh-zh5	FALSE	10000	USW	USW-CO01_P5	11	9	ok
CH-ZRH-ZH5-MGMT01-1::1:52	10gbase-x-sfpp	CH-ZRH-ZH5-CORE0	CH-ZRH-ZH5-CORE01	6	Switch Core	ch-zrh-zh5	FALSE	10000	USW	USW-CO01_P6	11	9	ok
CH-ZRH-ZH5-MGMT01-2::2:1	1000base-t	s-fwgw01:29_HA	CH-ZRH-ZH5-FWGW01	port15	Firewall	ch-zrh-zh5	FALSE	1000	USW	USW-1G-FW01_P15	15	5	ok
CH-ZRH-ZH5-MGMT01-2::2:15	1000base-t	SAN01_ctl1_mgmt	ch-zrh-zh5-san01	ct1.eth4	Storage	ch-zrh-zh5	TRUE	1000	MON	MON-SN01_CT1	12	8	ok
CH-ZRH-ZH5-MGMT01-2::2:16	1000base-t	esx54_ct0_ilo	ch-zrh-zh5-esx54.sensirion.lokal	iDRAC 10 (NIC.1)	Server	ch-zrh-zh5	TRUE	1000	MON	MON-ES54	8	12	ok
CH-ZRH-ZH5-MGMT01-2::2:17	1000base-t	esx55_ct0_ilo	ch-zrh-zh5-esx55.sensirion.lokal	iDRAC 10 (NIC.1)	Server	ch-zrh-zh5	TRUE	1000	MON	MON-ES55	8	12	ok
CH-ZRH-ZH5-MGMT01-2::2:18	1000base-t	esx56_ct0_ilo	ch-zrh-zh5-esx56.sensirion.lokal	iDRAC 10 (NIC.1)	Server	ch-zrh-zh5	TRUE	1000	MON	MON-ES56	8	12	ok
CH-ZRH-ZH5-MGMT01-2::2:19	1000base-t	esx57_ct0_ilo	ch-zrh-zh5-esx57.sensirion.lokal	iDRAC 10 (NIC.1)	Server	ch-zrh-dc	TRUE	1000	MON	MON-DC-ES57	11	9	ok
CH-ZRH-ZH5-MGMT01-2::2:25	1000base-t	SAN02_ctl1_mgmt	ch-zrh-zh5-san02	ct1.eth0	Storage	ch-zrh-zh5	TRUE	1000	MON	MON-SN02_CT1	12	8	ok
CH-ZRH-ZH5-MGMT01-2::2:29	1000base-t	esx57_ct0_eth1	ch-zrh-zh5-esx57.sensirion.lokal	vmnic5	Server	ch-zrh-dc	FALSE	1000	US	US-1G-ES57_VMNIC5	17	3	ok
CH-ZRH-ZH5-MGMT01-2::2:31	1000base-t	s-fwgw01:lag.0.2	CH-ZRH-ZH5-FWGW01	port2	Firewall	ch-zrh-zh5	FALSE	1000	USW	USW-1G-FW01_P2	14	6	ok
CH-ZRH-ZH5-MGMT01-2::2:32	1000base-t	s-fwgw01:lag.0.2	CH-ZRH-ZH5-FWGW01	port4	Firewall	ch-zrh-zh5	FALSE	1000	USW	USW-1G-FW01_P4	14	6	ok
CH-ZRH-ZH5-MGMT01-2::2:33	1000base-t	s-fwgw01:lag.0.3	CH-ZRH-ZH5-FWGW01	port14	Firewall	ch-zrh-zh5	FALSE	1000	USW	USW-1G-FW01_P14	15	5	ok
CH-ZRH-ZH5-MGMT01-2::2:34	1000base-t	s-fwgw01:lag.0.4	CH-ZRH-ZH5-FWGW01	port10	Firewall	ch-zrh-zh5	FALSE	1000	USW	USW-1G-FW01_P10	15	5	ok
CH-ZRH-ZH5-MGMT01-2::2:49	extreme-summitstack	STACKING_PORT	CH-ZRH-ZH5-MGMT01-1	01:50	Switch Mgmt	ch-zrh-zh5	FALSE		USW	USW-MG01-1	10	10	ok
CH-ZRH-ZH5-MGMT01-2::2:5	1000base-t	s-fwgw02:mgmt2	CH-ZRH-ZH5-FWGW01	port16	Firewall	ch-zrh-zh5	FALSE	1000	USW	USW-1G-FW01_P16	15	5	ok
CH-ZRH-ZH5-MGMT01-2::2:50	extreme-summitstack	STACKING_PORT	CH-ZRH-ZH5-MGMT01-1	01:49	Switch Mgmt	ch-zrh-zh5	FALSE		USW	USW-MG01-1	10	10	ok
CH-ZRH-ZH5-MGMT01-2::2:51	10gbase-x-sfpp	CH-ZRH-ZH5-CORE0	CH-ZRH-ZH5-CORE02	5	Switch Core	ch-zrh-zh5	FALSE	10000	USW	USW-CO02_P5	11	9	ok
CH-ZRH-ZH5-MGMT01-2::2:52	10gbase-x-sfpp	CH-ZRH-ZH5-CORE0	CH-ZRH-ZH5-CORE02	6	Switch Core	ch-zrh-zh5	FALSE	10000	USW	USW-CO02_P6	11	9	ok
CN-SHA-JIU-L02-ACCE01::1	1000base-t	L02-ACPO02	CN-SHA-JIU-L02-ACPO02	mgmt0	Access Point	cn-sha-jiu	TRUE	1000	UP	UP-L02-AP02	11	9	ok
CN-SHA-JIU-L02-ACCE01::12	1000base-t	L02-ACPO07	CN-SHA-JIU-L02-ACPO07	mgmt0	Access Point	cn-sha-jiu	TRUE	1000	UP	UP-L02-AP07	11	9	ok
CN-SHA-JIU-L02-ACCE01::17	1000base-t		CN-SHA-JIU-L02-ACPO01	mgmt0	Access Point	cn-sha-jiu	TRUE	1000	UP	UP-L02-AP01	11	9	ok
CN-SHA-JIU-L02-ACCE01::23	1000base-t	UPLINK	CN-SHA-JIU-L02-DIST01	1	Switch Dist	cn-sha-jiu	FALSE	1000	USW	USW-1G-L02-DI01_P1	18	2	ok
CN-SHA-JIU-L02-ACCE01::24	1000base-t	UPLINK	CN-SHA-JIU-L02-DIST02	1	Switch Dist	cn-sha-jiu	FALSE	1000	USW	USW-1G-L02-DI02_P1	18	2	ok
CN-SHA-JIU-L02-ACCE01::3	1000base-t	L02-ACPO04	CN-SHA-JIU-L02-ACPO04	mgmt0	Access Point	cn-sha-jiu	TRUE	1000	UP	UP-L02-AP04	11	9	ok
CN-SHA-JIU-L02-ACCE01::4	1000base-t	L02-ACPO05	CN-SHA-JIU-L02-ACPO05	mgmt0	Access Point	cn-sha-jiu	TRUE	1000	UP	UP-L02-AP05	11	9	ok
CN-SHA-JIU-L02-ACCE01::5	1000base-t	L02-ACPO03	CN-SHA-JIU-L02-ACPO03	mgmt0	Access Point	cn-sha-jiu	TRUE	1000	UP	UP-L02-AP03	11	9	ok
CN-SHA-JIU-L02-ACCE01::7	1000base-t	L02-ACPO06	CN-SHA-JIU-L02-ACPO06	mgmt0	Access Point	cn-sha-jiu	TRUE	1000	UP	UP-L02-AP06	11	9	ok
CN-SHA-JIU-L02-ACCE01::9	1000base-t	L02-ACPO08	CN-SHA-JIU-L02-ACPO08	mgmt0	Access Point	cn-sha-jiu	TRUE	1000	UP	UP-L02-AP08	11	9	ok
CN-SHA-JIU-L02-ACCE02::47	1000base-t	UPLINK	CN-SHA-JIU-L02-DIST01	2	Switch Dist	cn-sha-jiu	FALSE	1000	USW	USW-1G-L02-DI01_P2	18	2	ok
CN-SHA-JIU-L02-ACCE02::48	1000base-t	UPLINK	CN-SHA-JIU-L02-DIST02	2	Switch Dist	cn-sha-jiu	FALSE	1000	USW	USW-1G-L02-DI02_P2	18	2	ok
CN-SHA-JIU-L02-ACCE03::47	1000base-t		CN-SHA-JIU-L02-DIST01	3	Switch Dist	cn-sha-jiu	FALSE	1000	USW	USW-1G-L02-DI01_P3	18	2	ok
CN-SHA-JIU-L02-ACCE03::48	1000base-t		CN-SHA-JIU-L02-DIST02	3	Switch Dist	cn-sha-jiu	FALSE	1000	USW	USW-1G-L02-DI02_P3	18	2	ok
CN-SHA-JIU-L02-DIST01::1	1000base-t	L02-ACCE01_p23	CN-SHA-JIU-L02-ACCE01	23	Switch Access	cn-sha-jiu	FALSE	1000	USW	USW-1G-AC01_P23	15	5	ok
CN-SHA-JIU-L02-DIST01::2	1000base-t	L02-ACCE02_p47	CN-SHA-JIU-L02-ACCE02	47	Switch Access	cn-sha-jiu	FALSE	1000	USW	USW-1G-AC02_P47	15	5	ok
CN-SHA-JIU-L02-DIST01::25	10gbase-x-sfpp	ISC_DIST02_p25	CN-SHA-JIU-L02-DIST02	25	Switch Dist	cn-sha-jiu	FALSE	10000	USW	USW-DI02_P25	12	8	ok
CN-SHA-JIU-L02-DIST01::26	10gbase-x-sfpp	ISC_DIST02_p26	CN-SHA-JIU-L02-DIST02	26	Switch Dist	cn-sha-jiu	FALSE	10000	USW	USW-DI02_P26	12	8	ok
CN-SHA-JIU-L02-DIST01::27	10gbase-x-sfpp	UPLINK_CORE01_p2	CN-SHA-JIU-L03-CORE01-1	01:02	Switch Core	cn-sha-jiu	FALSE	10000	USW	USW-CO01-1_P1.2	15	5	ok
CN-SHA-JIU-L02-DIST01::28	10gbase-x-sfpp	UPLINK_CORE03_p2	CN-SHA-JIU-L03-CORE03-1	01:02	Switch Core	cn-sha-jiu	FALSE	10000	USW	USW-CO03-1_P1.2	15	5	ok
CN-SHA-JIU-L02-DIST01::3	1000base-t	L02-ACCE03_p47	CN-SHA-JIU-L02-ACCE03	47	Switch Access	cn-sha-jiu	FALSE	1000	USW	USW-1G-AC03_P47	15	5	ok
CN-SHA-JIU-L02-DIST02::1	1000base-t	L02-ACCE01_p24	CN-SHA-JIU-L02-ACCE01	24	Switch Access	cn-sha-jiu	FALSE	1000	USW	USW-1G-AC01_P24	15	5	ok
CN-SHA-JIU-L02-DIST02::2	1000base-t	L02-ACCE02_p48	CN-SHA-JIU-L02-ACCE02	48	Switch Access	cn-sha-jiu	FALSE	1000	USW	USW-1G-AC02_P48	15	5	ok
CN-SHA-JIU-L02-DIST02::25	10gbase-x-sfpp	ISC_DIST01_p25	CN-SHA-JIU-L02-DIST01	25	Switch Dist	cn-sha-jiu	FALSE	10000	USW	USW-DI01_P25	12	8	ok
CN-SHA-JIU-L02-DIST02::26	10gbase-x-sfpp	ISC_DIST01_p26	CN-SHA-JIU-L02-DIST01	26	Switch Dist	cn-sha-jiu	FALSE	10000	USW	USW-DI01_P26	12	8	ok
CN-SHA-JIU-L02-DIST02::27	10gbase-x-sfpp	UPLINK_CORE02_p2	CN-SHA-JIU-L03-CORE01-2	02:02	Switch Core	cn-sha-jiu	FALSE	10000	USW	USW-CO01-2_P2.2	15	5	ok
CN-SHA-JIU-L02-DIST02::28	10gbase-x-sfpp	UPLINK_CORE04_p2	CN-SHA-JIU-L03-CORE03-2	02:02	Switch Core	cn-sha-jiu	FALSE	10000	USW	USW-CO03-2_P2.2	15	5	ok
CN-SHA-JIU-L02-DIST02::3	1000base-t	L02-ACCE03_p48	CN-SHA-JIU-L02-ACCE03	48	Switch Access	cn-sha-jiu	FALSE	1000	USW	USW-1G-AC03_P48	15	5	ok
CN-SHA-JIU-L03-ACCE01::12	1000base-t	ACCESS_POINT	CN-SHA-JIU-L03-ACPO04	mgmt0	Access Point	cn-sha-jiu	TRUE	1000	UP	UP-L03-AP04	11	9	ok
CN-SHA-JIU-L03-ACCE01::17	1000base-t	ACCESS_POINT	CN-SHA-JIU-L03-ACPO03	mgmt0	Access Point	cn-sha-jiu	TRUE	1000	UP	UP-L03-AP03	11	9	ok
CN-SHA-JIU-L03-ACCE01::23	1000base-t	UPLINK	CN-SHA-JIU-L03-DIST01	1	Switch Dist	cn-sha-jiu	FALSE	1000	USW	USW-1G-L03-DI01_P1	18	2	ok
CN-SHA-JIU-L03-ACCE01::24	1000base-t	UPLINK	CN-SHA-JIU-L03-DIST02	1	Switch Dist	cn-sha-jiu	FALSE	1000	USW	USW-1G-L03-DI02_P1	18	2	ok
CN-SHA-JIU-L03-ACCE01::3	1000base-t		CN-SHA-JIU-L03-ACPO02	mgmt0	Access Point	cn-sha-jiu	TRUE	1000	UP	UP-L03-AP02	11	9	ok
CN-SHA-JIU-L03-ACCE02::23	1000base-t	UPLINK	CN-SHA-JIU-L03-DIST01	2	Switch Dist	cn-sha-jiu	FALSE	1000	USW	USW-1G-L03-DI01_P2	18	2	ok
CN-SHA-JIU-L03-ACCE02::24	1000base-t	UPLINK	CN-SHA-JIU-L03-DIST02	2	Switch Dist	cn-sha-jiu	FALSE	1000	USW	USW-1G-L03-DI02_P2	18	2	ok
CN-SHA-JIU-L03-ACCE03::22	1000base-t	ACCESS_POINT	CN-SHA-JIU-L03-ACPO05	mgmt0	Access Point	cn-sha-jiu	TRUE	1000	UP	UP-L03-AP05	11	9	ok
CN-SHA-JIU-L03-ACCE03::23	1000base-t	UPLINK_DIST01_p5	CN-SHA-JIU-L03-DIST01	3	Switch Dist	cn-sha-jiu	FALSE	1000	USW	USW-1G-L03-DI01_P3	18	2	ok
CN-SHA-JIU-L03-ACCE03::24	1000base-t	UPLINK_DIST02_p5	CN-SHA-JIU-L03-DIST02	3	Switch Dist	cn-sha-jiu	FALSE	1000	USW	USW-1G-L03-DI02_P3	18	2	ok
CN-SHA-JIU-L03-ACCE04::23	1000base-t	UPLINK	CN-SHA-JIU-L03-DIST01	4	Switch Dist	cn-sha-jiu	FALSE	1000	USW	USW-1G-L03-DI01_P4	18	2	ok
CN-SHA-JIU-L03-ACCE04::24	1000base-t	UPLINK	CN-SHA-JIU-L03-DIST02	4	Switch Dist	cn-sha-jiu	FALSE	1000	USW	USW-1G-L03-DI02_P4	18	2	ok
CN-SHA-JIU-L03-ACCE05::22	1000base-t	ACPO05	CN-SHA-JIU-L03-ACPO06	mgmt0	Access Point	cn-sha-jiu	TRUE	1000	UP	UP-L03-AP06	11	9	ok
CN-SHA-JIU-L03-ACCE05::23	1000base-t	UPLINK	CN-SHA-JIU-L03-DIST03	1	Switch Dist	cn-sha-jiu	FALSE	1000	USW	USW-1G-L03-DI03_P1	18	2	ok
CN-SHA-JIU-L03-ACCE05::24	1000base-t	UPLINK	CN-SHA-JIU-L03-DIST04	1	Switch Dist	cn-sha-jiu	FALSE	1000	USW	USW-1G-L03-DI04_P1	18	2	ok
CN-SHA-JIU-L03-ACCE06::22	1000base-t	ACPO06	CN-SHA-JIU-L03-ACPO07	mgmt0	Access Point	cn-sha-jiu	TRUE	1000	UP	UP-L03-AP07	11	9	ok
CN-SHA-JIU-L03-ACCE06::23	1000base-t	UPLINK	CN-SHA-JIU-L03-DIST03	2	Switch Dist	cn-sha-jiu	FALSE	1000	USW	USW-1G-L03-DI03_P2	18	2	ok
CN-SHA-JIU-L03-ACCE06::24	1000base-t	UPLINK	CN-SHA-JIU-L03-DIST04	2	Switch Dist	cn-sha-jiu	FALSE	1000	USW	USW-1G-L03-DI04_P2	18	2	ok
CN-SHA-JIU-L03-ACCE06::4	1000base-t	ACPO09	CN-SHA-JIU-L03-ACPO09	mgmt0	Access Point	cn-sha-jiu	TRUE	1000	UP	UP-L03-AP09	11	9	ok
CN-SHA-JIU-L03-ACCE07::23	1000base-t	UPLINK	CN-SHA-JIU-L03-DIST03	3	Switch Dist	cn-sha-jiu	FALSE	1000	USW	USW-1G-L03-DI03_P3	18	2	ok
CN-SHA-JIU-L03-ACCE07::24	1000base-t	UPLINK	CN-SHA-JIU-L03-DIST04	3	Switch Dist	cn-sha-jiu	FALSE	1000	USW	USW-1G-L03-DI04_P3	18	2	ok
CN-SHA-JIU-L03-ACCE08::23	1000base-t	UPLINK	CN-SHA-JIU-L03-DIST03	4	Switch Dist	cn-sha-jiu	FALSE	1000	USW	USW-1G-L03-DI03_P4	18	2	ok
CN-SHA-JIU-L03-ACCE08::24	1000base-t	UPLINK	CN-SHA-JIU-L03-DIST04	4	Switch Dist	cn-sha-jiu	FALSE	1000	USW	USW-1G-L03-DI04_P4	18	2	ok
CN-SHA-JIU-L03-ACCE09::17	1000base-t		CN-SHA-JIU-L04-ACPO02	mgmt0	Access Point	cn-sha-jiu	TRUE	1000	UP	UP-L04-AP02	11	9	ok
CN-SHA-JIU-L03-ACCE09::23	1000base-t	UPLINK	CN-SHA-JIU-L03-DIST01	5	Switch Dist	cn-sha-jiu	FALSE	1000	USW	USW-1G-L03-DI01_P5	18	2	ok
CN-SHA-JIU-L03-ACCE09::24	1000base-t	UPLINK	CN-SHA-JIU-L03-DIST02	5	Switch Dist	cn-sha-jiu	FALSE	1000	USW	USW-1G-L03-DI02_P5	18	2	ok
CN-SHA-JIU-L03-ACCE10::19	1000base-t	ACPO08	CN-SHA-JIU-L03-ACPO08	mgmt0	Access Point	cn-sha-jiu	TRUE	1000	UP	UP-L03-AP08	11	9	ok
CN-SHA-JIU-L03-ACCE10::23	1000base-t	UPLINK	CN-SHA-JIU-L03-DIST03	5	Switch Dist	cn-sha-jiu	FALSE	1000	USW	USW-1G-L03-DI03_P5	18	2	ok
CN-SHA-JIU-L03-ACCE10::24	1000base-t	UPLINK	CN-SHA-JIU-L03-DIST04	5	Switch Dist	cn-sha-jiu	FALSE	1000	USW	USW-1G-L03-DI04_P5	18	2	ok
CN-SHA-JIU-L03-ACCE11::47	1000base-t		CN-SHA-JIU-L03-DIST01	6	Switch Dist	cn-sha-jiu	FALSE	1000	USW	USW-1G-L03-DI01_P6	18	2	ok
CN-SHA-JIU-L03-ACCE11::48	1000base-t		CN-SHA-JIU-L03-DIST02	6	Switch Dist	cn-sha-jiu	FALSE	1000	USW	USW-1G-L03-DI02_P6	18	2	ok
CN-SHA-JIU-L04-ACCE01::1	1000base-t	ACCESS_POINT	CN-SHA-JIU-L03-ACPO01	mgmt0	Access Point	cn-sha-jiu	TRUE	1000	UP	UP-L03-AP01	11	9	ok
CN-SHA-JIU-L04-ACCE01::19	1000base-t	ACCESS_POINT	CN-SHA-JIU-L04-ACPO01	mgmt0	Access Point	cn-sha-jiu	TRUE	1000	UP	UP-L04-AP01	11	9	ok
CN-SHA-JIU-L04-ACCE01::23	1000base-x-sfp	UPLINK	CN-SHA-JIU-L03-DIST01	45	Switch Dist	cn-sha-jiu	FALSE	1000	USW	USW-1G-DI01_P45	15	5	ok
CN-SHA-JIU-L04-ACCE01::24	1000base-x-sfp	UPLINK	CN-SHA-JIU-L03-DIST02	45	Switch Dist	cn-sha-jiu	FALSE	1000	USW	USW-1G-DI02_P45	15	5	ok
CN-SHA-JIU-L03-CORE01-1::1:10	10gbase-x-sfpp	ESX13_eth0	cn-sha-p-esx13.sensirion.lokal	vmnic2	Server	cn-sha-jiu	FALSE	10000	US	US-ES13_VMNIC2	14	6	ok
CN-SHA-JIU-L03-CORE01-1::1:11	10gbase-x-sfpp	p-stod01_ct1_p1	CN-SHA-P-STOD01	A0	Storage	cn-sha-jiu	FALSE	10000	US	US-P-SD01_A0	12	8	ok
CN-SHA-JIU-L03-CORE01-1::1:12	10gbase-x-sfpp	pure_ct0_eth4	cn-sha-san11	ct0.eth4	Storage	cn-sha-jiu	FALSE	10000	US	US-SN11_CT0ETH4	15	5	ok
CN-SHA-JIU-L03-CORE01-1::1:13	10gbase-x-sfpp	ISC_alt_CORE03_p	CN-SHA-JIU-L03-CORE03-1	01:13	Switch Core	cn-sha-jiu	FALSE	10000	USW	USW-L03-CO03-1	14	6	ok
CN-SHA-JIU-L03-CORE01-1::1:14	10gbase-x-sfpp	ISC_CORE03_p14	CN-SHA-JIU-L03-CORE03-1	01:14	Switch Core	cn-sha-jiu	FALSE	10000	USW	USW-L03-CO03-1	14	6	ok
CN-SHA-JIU-L03-CORE01-1::1:15	extreme-summitstack	STACK_CORE02_p16	CN-SHA-JIU-L03-CORE01-2	02:16	Switch Core	cn-sha-jiu	FALSE		USW	USW-L03-CO01-2	14	6	ok
CN-SHA-JIU-L03-CORE01-1::1:16	extreme-summitstack	STACK_CORE02_p15	CN-SHA-JIU-L03-CORE01-2	02:15	Switch Core	cn-sha-jiu	FALSE		USW	USW-L03-CO01-2	14	6	ok
CN-SHA-JIU-L03-CORE01-1::1:2	10gbase-x-sfpp	MLAG_L02-DIST01_	CN-SHA-JIU-L02-DIST01	27	Switch Dist	cn-sha-jiu	FALSE	10000	USW	USW-DI01_P27	12	8	ok
CN-SHA-JIU-L03-CORE01-1::1:4	10gbase-x-sfpp	MLAG_L03-DIST01_	CN-SHA-JIU-L03-DIST01	51	Switch Dist	cn-sha-jiu	FALSE	10000	USW	USW-DI01_P51	12	8	ok
CN-SHA-JIU-L03-CORE01-1::1:5	10gbase-x-sfpp	MLAG_L03-DIST03_	CN-SHA-JIU-L03-DIST03	27	Switch Dist	cn-sha-jiu	FALSE	10000	USW	USW-DI03_P27	12	8	ok
CN-SHA-JIU-L03-CORE01-1::1:6	10gbase-x-sfpp	CN-SHA-P-SNAS01_	CN-SHA-P-SNAS01	LAN5	Storage	cn-sha-jiu	FALSE	10000	US	US-P-NS01_LAN5	14	6	ok
CN-SHA-JIU-L03-CORE01-1::1:7	1000base-x-sfp	FWGW01_p15	CN-SHA-JIUX-L3-FWGW01	port15	Firewall	cn-sha-jiu	FALSE	1000	USW	USW-1G-L3-FW01_P15	18	2	ok
CN-SHA-JIU-L03-CORE01-1::1:8	10gbase-x-sfpp	ESX11_eth0	cn-sha-p-esx11.sensirion.lokal	vmnic2	Server	cn-sha-jiu	FALSE	10000	US	US-ES11_VMNIC2	14	6	ok
CN-SHA-JIU-L03-CORE01-1::1:9	10gbase-x-sfpp	ESX12_eth0	cn-sha-p-esx12.sensirion.lokal	vmnic2	Server	cn-sha-jiu	FALSE	10000	US	US-ES12_VMNIC2	14	6	ok
CN-SHA-JIU-L03-CORE01-2::2:10	10gbase-x-sfpp	ESX13_eth2	cn-sha-p-esx13.sensirion.lokal	vmnic4	Server	cn-sha-jiu	FALSE	10000	US	US-ES13_VMNIC4	14	6	ok
CN-SHA-JIU-L03-CORE01-2::2:11	10gbase-x-sfpp	p-stod01_ct2_p1	CN-SHA-P-STOD01	B0	Storage	cn-sha-jiu	FALSE	10000	US	US-P-SD01_B0	12	8	ok
CN-SHA-JIU-L03-CORE01-2::2:12	10gbase-x-sfpp	pure_ct1_eth4	cn-sha-san11	ct1.eth4	Storage	cn-sha-jiu	FALSE	10000	US	US-SN11_CT1ETH4	15	5	ok
CN-SHA-JIU-L03-CORE01-2::2:14	10gbase-x-sfpp	ISC_CORE04_p14	CN-SHA-JIU-L03-CORE03-2	02:14	Switch Core	cn-sha-jiu	FALSE	10000	USW	USW-L03-CO03-2	14	6	ok
CN-SHA-JIU-L03-CORE01-2::2:15	extreme-summitstack	STACK_CORE01_p16	CN-SHA-JIU-L03-CORE01-1	01:16	Switch Core	cn-sha-jiu	FALSE		USW	USW-L03-CO01-1	14	6	ok
CN-SHA-JIU-L03-CORE01-2::2:16	extreme-summitstack	STACK_CORE01_p15	CN-SHA-JIU-L03-CORE01-1	01:15	Switch Core	cn-sha-jiu	FALSE		USW	USW-L03-CO01-1	14	6	ok
CN-SHA-JIU-L03-CORE01-2::2:2	10gbase-x-sfpp	MLAG_L02-DIST02_	CN-SHA-JIU-L02-DIST02	27	Switch Dist	cn-sha-jiu	FALSE	10000	USW	USW-DI02_P27	12	8	ok
CN-SHA-JIU-L03-CORE01-2::2:4	10gbase-x-sfpp	MLAG_L03-DIST02_	CN-SHA-JIU-L03-DIST02	51	Switch Dist	cn-sha-jiu	FALSE	10000	USW	USW-DI02_P51	12	8	ok
CN-SHA-JIU-L03-CORE01-2::2:5	10gbase-x-sfpp	MLAG_L03-DIST04_	CN-SHA-JIU-L03-DIST04	27	Switch Dist	cn-sha-jiu	FALSE	10000	USW	USW-DI04_P27	12	8	ok
CN-SHA-JIU-L03-CORE01-2::2:7	1000base-x-sfp	FWGW02_p15	CN-SHA-JIUX-L3-FWGW01	port16	Firewall	cn-sha-jiu	FALSE	1000	USW	USW-1G-L3-FW01_P16	18	2	ok
CN-SHA-JIU-L03-CORE01-2::2:8	10gbase-x-sfpp	ESX11_eth2	cn-sha-p-esx11.sensirion.lokal	vmnic4	Server	cn-sha-jiu	FALSE	10000	US	US-ES11_VMNIC4	14	6	ok
CN-SHA-JIU-L03-CORE01-2::2:9	10gbase-x-sfpp	ESX12_eth2	cn-sha-p-esx12.sensirion.lokal	vmnic4	Server	cn-sha-jiu	FALSE	10000	US	US-ES12_VMNIC4	14	6	ok
CN-SHA-JIU-L03-CORE03-1::1:10	10gbase-x-sfpp	ESX13_eth1	cn-sha-p-esx13.sensirion.lokal	vmnic3	Server	cn-sha-jiu	FALSE	10000	US	US-ES13_VMNIC3	14	6	ok
CN-SHA-JIU-L03-CORE03-1::1:11	10gbase-x-sfpp	p-stod01_ct1_p2	CN-SHA-P-STOD01	A1	Storage	cn-sha-jiu	FALSE	10000	US	US-P-SD01_A1	12	8	ok
CN-SHA-JIU-L03-CORE03-1::1:12	10gbase-x-sfpp	pure_ct0_eth5	cn-sha-san11	ct0.eth5	Storage	cn-sha-jiu	FALSE	10000	US	US-SN11_CT0ETH5	15	5	ok
CN-SHA-JIU-L03-CORE03-1::1:13	10gbase-x-sfpp	ISC_alt_CORE01_p	CN-SHA-JIU-L03-CORE01-1	01:13	Switch Core	cn-sha-jiu	FALSE	10000	USW	USW-L03-CO01-1	14	6	ok
CN-SHA-JIU-L03-CORE03-1::1:14	10gbase-x-sfpp	ISC_CORE01_p14	CN-SHA-JIU-L03-CORE01-1	01:14	Switch Core	cn-sha-jiu	FALSE	10000	USW	USW-L03-CO01-1	14	6	ok
CN-SHA-JIU-L03-CORE03-1::1:15	extreme-summitstack	STACK_CORE04_p16	CN-SHA-JIU-L03-CORE03-2	02:16	Switch Core	cn-sha-jiu	FALSE		USW	USW-L03-CO03-2	14	6	ok
CN-SHA-JIU-L03-CORE03-1::1:16	extreme-summitstack	STACK_CORE04_p15	CN-SHA-JIU-L03-CORE03-2	02:15	Switch Core	cn-sha-jiu	FALSE		USW	USW-L03-CO03-2	14	6	ok
CN-SHA-JIU-L03-CORE03-1::1:2	10gbase-x-sfpp	MLAG_L02-DIST01_	CN-SHA-JIU-L02-DIST01	28	Switch Dist	cn-sha-jiu	FALSE	10000	USW	USW-DI01_P28	12	8	ok
CN-SHA-JIU-L03-CORE03-1::1:4	10gbase-x-sfpp	MLAG_L03-DIST01_	CN-SHA-JIU-L03-DIST01	52	Switch Dist	cn-sha-jiu	FALSE	10000	USW	USW-DI01_P52	12	8	ok
CN-SHA-JIU-L03-CORE03-1::1:5	10gbase-x-sfpp	MLAG_L03-DIST03_	CN-SHA-JIU-L03-DIST03	28	Switch Dist	cn-sha-jiu	FALSE	10000	USW	USW-DI03_P28	12	8	ok
CN-SHA-JIU-L03-CORE03-1::1:6	10gbase-x-sfpp	CN-SHA-P-SNAS01_	CN-SHA-P-SNAS01	LAN6	Storage	cn-sha-jiu	FALSE	10000	US	US-P-NS01_LAN6	14	6	ok
CN-SHA-JIU-L03-CORE03-1::1:7	1000base-x-sfp	FWGW01_p16	CN-SHA-JIUX-L3-FWGW02	port15	Firewall	cn-sha-jiu	FALSE	1000	USW	USW-1G-L3-FW02_P15	18	2	ok
CN-SHA-JIU-L03-CORE03-1::1:8	10gbase-x-sfpp	ESX11_eth1	cn-sha-p-esx11.sensirion.lokal	vmnic3	Server	cn-sha-jiu	FALSE	10000	US	US-ES11_VMNIC3	14	6	ok
CN-SHA-JIU-L03-CORE03-1::1:9	10gbase-x-sfpp	ESX12_eth1	cn-sha-p-esx12.sensirion.lokal	vmnic3	Server	cn-sha-jiu	FALSE	10000	US	US-ES12_VMNIC3	14	6	ok
CN-SHA-JIU-L03-CORE03-2::2:10	10gbase-x-sfpp	ESX13_eth3	cn-sha-p-esx13.sensirion.lokal	vmnic5	Server	cn-sha-jiu	FALSE	10000	US	US-ES13_VMNIC5	14	6	ok
CN-SHA-JIU-L03-CORE03-2::2:11	10gbase-x-sfpp	p-stod01_ct2_p2	CN-SHA-P-STOD01	B1	Storage	cn-sha-jiu	FALSE	10000	US	US-P-SD01_B1	12	8	ok
CN-SHA-JIU-L03-CORE03-2::2:12	10gbase-x-sfpp	pure_ct1_eth5	cn-sha-san11	ct1.eth5	Storage	cn-sha-jiu	FALSE	10000	US	US-SN11_CT1ETH5	15	5	ok
CN-SHA-JIU-L03-CORE03-2::2:14	10gbase-x-sfpp	ISC_CORE02_p14	CN-SHA-JIU-L03-CORE01-2	02:14	Switch Core	cn-sha-jiu	FALSE	10000	USW	USW-L03-CO01-2	14	6	ok
CN-SHA-JIU-L03-CORE03-2::2:15	extreme-summitstack	STACK_CORE03_p16	CN-SHA-JIU-L03-CORE03-1	01:16	Switch Core	cn-sha-jiu	FALSE		USW	USW-L03-CO03-1	14	6	ok
CN-SHA-JIU-L03-CORE03-2::2:16	extreme-summitstack	STACK_CORE03_p15	CN-SHA-JIU-L03-CORE03-1	01:15	Switch Core	cn-sha-jiu	FALSE		USW	USW-L03-CO03-1	14	6	ok
CN-SHA-JIU-L03-CORE03-2::2:2	10gbase-x-sfpp	MLAG_L02-DIST02_	CN-SHA-JIU-L02-DIST02	28	Switch Dist	cn-sha-jiu	FALSE	10000	USW	USW-DI02_P28	12	8	ok
CN-SHA-JIU-L03-CORE03-2::2:4	10gbase-x-sfpp	MLAG_L03-DIST02_	CN-SHA-JIU-L03-DIST02	52	Switch Dist	cn-sha-jiu	FALSE	10000	USW	USW-DI02_P52	12	8	ok
CN-SHA-JIU-L03-CORE03-2::2:5	10gbase-x-sfpp	MLAG_L03-DIST04_	CN-SHA-JIU-L03-DIST04	28	Switch Dist	cn-sha-jiu	FALSE	10000	USW	USW-DI04_P28	12	8	ok
CN-SHA-JIU-L03-CORE03-2::2:7	1000base-x-sfp	FWGW02_p16	CN-SHA-JIUX-L3-FWGW02	port16	Firewall	cn-sha-jiu	FALSE	1000	USW	USW-1G-L3-FW02_P16	18	2	ok
CN-SHA-JIU-L03-CORE03-2::2:8	10gbase-x-sfpp	ESX11_eth3	cn-sha-p-esx11.sensirion.lokal	vmnic5	Server	cn-sha-jiu	FALSE	10000	US	US-ES11_VMNIC5	14	6	ok
CN-SHA-JIU-L03-CORE03-2::2:9	10gbase-x-sfpp	ESX12_eth3	cn-sha-p-esx12.sensirion.lokal	vmnic5	Server	cn-sha-jiu	FALSE	10000	US	US-ES12_VMNIC5	14	6	ok
CN-SHA-JIU-L03-DIST01::1	1000base-t	MLAG_ACCE01_p23	CN-SHA-JIU-L03-ACCE01	23	Switch Access	cn-sha-jiu	FALSE	1000	USW	USW-1G-AC01_P23	15	5	ok
CN-SHA-JIU-L03-DIST01::2	1000base-t	MLAG_ACCE02_p23	CN-SHA-JIU-L03-ACCE02	23	Switch Access	cn-sha-jiu	FALSE	1000	USW	USW-1G-AC02_P23	15	5	ok
CN-SHA-JIU-L03-DIST01::22	1000base-t	p-stod01_mgmt1	CN-SHA-P-STOD01	A.Network	Storage	cn-sha-jiu	TRUE	1000	MON	MON-P-SD01_A	12	8	ok
CN-SHA-JIU-L03-DIST01::24	1000base-t	FWGW01_p14	CN-SHA-JIUX-L3-FWGW01	port14	Firewall	cn-sha-jiu	FALSE	1000	USW	USW-1G-L3-FW01_P14	18	2	ok
CN-SHA-JIU-L03-DIST01::25	1000base-t	FWGW01_p10	CN-SHA-JIUX-L3-FWGW01	port10	Firewall	cn-sha-jiu	FALSE	1000	USW	USW-1G-L3-FW01_P10	18	2	ok
CN-SHA-JIU-L03-DIST01::26	1000base-t	FWGW01_p13	CN-SHA-JIUX-L3-FWGW01	port13	Firewall	cn-sha-jiu	FALSE	1000	USW	USW-1G-L3-FW01_P13	18	2	ok
CN-SHA-JIU-L03-DIST01::29	1000base-t	fortigate-mgmt	CN-SHA-JIUX-L3-FWGW01	mgmt	Firewall	cn-sha-jiu	TRUE	1000	USW	USW-1G-FW01_MGMT	16	4	ok
CN-SHA-JIU-L03-DIST01::3	1000base-t	MLAG_ACCE03_p23	CN-SHA-JIU-L03-ACCE03	23	Switch Access	cn-sha-jiu	FALSE	1000	USW	USW-1G-AC03_P23	15	5	ok
CN-SHA-JIU-L03-DIST01::36	1000base-t	CN-SHA-P-SNAS01_	CN-SHA-P-SNAS01	LAN1	Storage	cn-sha-jiu	TRUE	1000	MON	MON-P-NS01_LAN1	15	5	ok
CN-SHA-JIU-L03-DIST01::37	1000base-t	CN-SHA-P-SNAS02_	CN-SHA-P-SNAS01	LAN3	Storage	cn-sha-jiu	TRUE	1000	MON	MON-P-NS01_LAN3	15	5	ok
CN-SHA-JIU-L03-DIST01::38	1000base-t		cn-sha-p-esx13.sensirion.lokal	iDRAC 9 (NIC.1)	Server	cn-sha-jiu	TRUE	1000	MON	MON-P-ES13	10	10	ok
CN-SHA-JIU-L03-DIST01::39	1000base-t		cn-sha-san11	ct0.eth0	Storage	cn-sha-jiu	TRUE	1000	MON	MON-SN11_CT0	12	8	ok
CN-SHA-JIU-L03-DIST01::4	1000base-t	MLAG_ACCE04_p23	CN-SHA-JIU-L03-ACCE04	23	Switch Access	cn-sha-jiu	FALSE	1000	USW	USW-1G-AC04_P23	15	5	ok
CN-SHA-JIU-L03-DIST01::45	1000base-x-sfp	MLAG_L4_ACCE01_P	CN-SHA-JIU-L04-ACCE01	23	Switch Access	cn-sha-jiu	FALSE	1000	USW	USW-1G-AC01_P23	15	5	ok
CN-SHA-JIU-L03-DIST01::49	10gbase-x-sfpp	ISC	CN-SHA-JIU-L03-DIST02	49	Switch Dist	cn-sha-jiu	FALSE	10000	USW	USW-DI02_P49	12	8	ok
CN-SHA-JIU-L03-DIST01::5	1000base-t	MLAG_ACCE09_p23	CN-SHA-JIU-L03-ACCE09	23	Switch Access	cn-sha-jiu	FALSE	1000	USW	USW-1G-AC09_P23	15	5	ok
CN-SHA-JIU-L03-DIST01::50	10gbase-x-sfpp	ISC	CN-SHA-JIU-L03-DIST02	50	Switch Dist	cn-sha-jiu	FALSE	10000	USW	USW-DI02_P50	12	8	ok
CN-SHA-JIU-L03-DIST01::51	10gbase-x-sfpp	UPLINK:CORE01_P1	CN-SHA-JIU-L03-CORE01-1	01:04	Switch Core	cn-sha-jiu	FALSE	10000	USW	USW-CO01-1_P1.4	15	5	ok
CN-SHA-JIU-L03-DIST01::52	10gbase-x-sfpp	UPLINK:CORE02_P1	CN-SHA-JIU-L03-CORE03-1	01:04	Switch Core	cn-sha-jiu	FALSE	10000	USW	USW-CO03-1_P1.4	15	5	ok
CN-SHA-JIU-L03-DIST01::6	1000base-t	MLAG_ACCE11_p47	CN-SHA-JIU-L03-ACCE11	47	Switch Access	cn-sha-jiu	FALSE	1000	USW	USW-1G-AC11_P47	15	5	ok
CN-SHA-JIU-L03-DIST02::1	1000base-t	MLAG_ACCE01_p24	CN-SHA-JIU-L03-ACCE01	24	Switch Access	cn-sha-jiu	FALSE	1000	USW	USW-1G-AC01_P24	15	5	ok
CN-SHA-JIU-L03-DIST02::2	1000base-t	MLAG_ACCE02_p24	CN-SHA-JIU-L03-ACCE02	24	Switch Access	cn-sha-jiu	FALSE	1000	USW	USW-1G-AC02_P24	15	5	ok
CN-SHA-JIU-L03-DIST02::22	1000base-t	p-stod01_mgmt2	CN-SHA-P-STOD01	B.Network	Storage	cn-sha-jiu	TRUE	1000	MON	MON-P-SD01_B	12	8	ok
CN-SHA-JIU-L03-DIST02::24	1000base-t	FWGW02_p14	CN-SHA-JIUX-L3-FWGW02	port14	Firewall	cn-sha-jiu	FALSE	1000	USW	USW-1G-L3-FW02_P14	18	2	ok
CN-SHA-JIU-L03-DIST02::25	1000base-t	FWGW02_p10	CN-SHA-JIUX-L3-FWGW02	port10	Firewall	cn-sha-jiu	FALSE	1000	USW	USW-1G-L3-FW02_P10	18	2	ok
CN-SHA-JIU-L03-DIST02::26	1000base-t	FWGW02_p13	CN-SHA-JIUX-L3-FWGW02	port13	Firewall	cn-sha-jiu	FALSE	1000	USW	USW-1G-L3-FW02_P13	18	2	ok
CN-SHA-JIU-L03-DIST02::29	1000base-t	fortigate-mgmt	CN-SHA-JIUX-L3-FWGW02	mgmt	Firewall	cn-sha-jiu	TRUE	1000	USW	USW-1G-FW02_MGMT	16	4	ok
CN-SHA-JIU-L03-DIST02::3	1000base-t	MLAG_ACCE03_p24	CN-SHA-JIU-L03-ACCE03	24	Switch Access	cn-sha-jiu	FALSE	1000	USW	USW-1G-AC03_P24	15	5	ok
CN-SHA-JIU-L03-DIST02::31	1000base-t		cn-sha-p-esx11.sensirion.lokal	iDRAC 9 (NIC.1)	Server	cn-sha-jiu	TRUE	1000	MON	MON-P-ES11	10	10	ok
CN-SHA-JIU-L03-DIST02::36	1000base-t	CN-SHA-P-SNAS01_	CN-SHA-P-SNAS01	LAN2	Storage	cn-sha-jiu	TRUE	1000	MON	MON-P-NS01_LAN2	15	5	ok
CN-SHA-JIU-L03-DIST02::37	1000base-t	CN-SHA-P-SNAS02_	CN-SHA-P-SNAS01	LAN4	Storage	cn-sha-jiu	TRUE	1000	MON	MON-P-NS01_LAN4	15	5	ok
CN-SHA-JIU-L03-DIST02::38	1000base-t		cn-sha-p-esx12.sensirion.lokal	iDRAC 9 (NIC.1)	Server	cn-sha-jiu	TRUE	1000	MON	MON-P-ES12	10	10	ok
CN-SHA-JIU-L03-DIST02::39	1000base-t		cn-sha-san11	ct1.eth0	Storage	cn-sha-jiu	TRUE	1000	MON	MON-SN11_CT1	12	8	ok
CN-SHA-JIU-L03-DIST02::4	1000base-t	MLAG_ACCE04_p24	CN-SHA-JIU-L03-ACCE04	24	Switch Access	cn-sha-jiu	FALSE	1000	USW	USW-1G-AC04_P24	15	5	ok
CN-SHA-JIU-L03-DIST02::45	1000base-x-sfp	MLAG_L4_ACCE01_P	CN-SHA-JIU-L04-ACCE01	24	Switch Access	cn-sha-jiu	FALSE	1000	USW	USW-1G-AC01_P24	15	5	ok
CN-SHA-JIU-L03-DIST02::49	10gbase-x-sfpp	ISC	CN-SHA-JIU-L03-DIST01	49	Switch Dist	cn-sha-jiu	FALSE	10000	USW	USW-DI01_P49	12	8	ok
CN-SHA-JIU-L03-DIST02::5	1000base-t	MLAG_ACCE09_p24	CN-SHA-JIU-L03-ACCE09	24	Switch Access	cn-sha-jiu	FALSE	1000	USW	USW-1G-AC09_P24	15	5	ok
CN-SHA-JIU-L03-DIST02::50	10gbase-x-sfpp	ISC	CN-SHA-JIU-L03-DIST01	50	Switch Dist	cn-sha-jiu	FALSE	10000	USW	USW-DI01_P50	12	8	ok
CN-SHA-JIU-L03-DIST02::51	10gbase-x-sfpp	UPLINK:CORE01_P2	CN-SHA-JIU-L03-CORE01-2	02:04	Switch Core	cn-sha-jiu	FALSE	10000	USW	USW-CO01-2_P2.4	15	5	ok
CN-SHA-JIU-L03-DIST02::52	10gbase-x-sfpp	UPLINK:CORE02_P2	CN-SHA-JIU-L03-CORE03-2	02:04	Switch Core	cn-sha-jiu	FALSE	10000	USW	USW-CO03-2_P2.4	15	5	ok
CN-SHA-JIU-L03-DIST02::6	1000base-t	MLAG_ACCE11_p48	CN-SHA-JIU-L03-ACCE11	48	Switch Access	cn-sha-jiu	FALSE	1000	USW	USW-1G-AC11_P48	15	5	ok
CN-SHA-JIU-L03-DIST03::1	1000base-t	MLAG_ACCE05_p23	CN-SHA-JIU-L03-ACCE05	23	Switch Access	cn-sha-jiu	FALSE	1000	USW	USW-1G-AC05_P23	15	5	ok
CN-SHA-JIU-L03-DIST03::2	1000base-t	MLAG_ACCE06_p23	CN-SHA-JIU-L03-ACCE06	23	Switch Access	cn-sha-jiu	FALSE	1000	USW	USW-1G-AC06_P23	15	5	ok
CN-SHA-JIU-L03-DIST03::25	10gbase-x-sfpp	ISC	CN-SHA-JIU-L03-DIST04	25	Switch Dist	cn-sha-jiu	FALSE	10000	USW	USW-DI04_P25	12	8	ok
CN-SHA-JIU-L03-DIST03::26	10gbase-x-sfpp	ISC	CN-SHA-JIU-L03-DIST04	26	Switch Dist	cn-sha-jiu	FALSE	10000	USW	USW-DI04_P26	12	8	ok
CN-SHA-JIU-L03-DIST03::27	10gbase-x-sfpp	UPLINK:CORE01_P3	CN-SHA-JIU-L03-CORE01-1	01:05	Switch Core	cn-sha-jiu	FALSE	10000	USW	USW-CO01-1_P1.5	15	5	ok
CN-SHA-JIU-L03-DIST03::28	10gbase-x-sfpp	UPLINK:CORE02_P3	CN-SHA-JIU-L03-CORE03-1	01:05	Switch Core	cn-sha-jiu	FALSE	10000	USW	USW-CO03-1_P1.5	15	5	ok
CN-SHA-JIU-L03-DIST03::3	1000base-t	MLAG_ACCE07_p23	CN-SHA-JIU-L03-ACCE07	23	Switch Access	cn-sha-jiu	FALSE	1000	USW	USW-1G-AC07_P23	15	5	ok
CN-SHA-JIU-L03-DIST03::4	1000base-t	MLAG_ACCE08_p23	CN-SHA-JIU-L03-ACCE08	23	Switch Access	cn-sha-jiu	FALSE	1000	USW	USW-1G-AC08_P23	15	5	ok
CN-SHA-JIU-L03-DIST03::5	1000base-t	MLAG_ACCE10_p23	CN-SHA-JIU-L03-ACCE10	23	Switch Access	cn-sha-jiu	FALSE	1000	USW	USW-1G-AC10_P23	15	5	ok
CN-SHA-JIU-L03-DIST04::1	1000base-t	MLAG_ACCE05_p24	CN-SHA-JIU-L03-ACCE05	24	Switch Access	cn-sha-jiu	FALSE	1000	USW	USW-1G-AC05_P24	15	5	ok
CN-SHA-JIU-L03-DIST04::2	1000base-t	MLAG_ACCE06_p24	CN-SHA-JIU-L03-ACCE06	24	Switch Access	cn-sha-jiu	FALSE	1000	USW	USW-1G-AC06_P24	15	5	ok
CN-SHA-JIU-L03-DIST04::25	10gbase-x-sfpp	ISC	CN-SHA-JIU-L03-DIST03	25	Switch Dist	cn-sha-jiu	FALSE	10000	USW	USW-DI03_P25	12	8	ok
CN-SHA-JIU-L03-DIST04::26	10gbase-x-sfpp	ISC	CN-SHA-JIU-L03-DIST03	26	Switch Dist	cn-sha-jiu	FALSE	10000	USW	USW-DI03_P26	12	8	ok
CN-SHA-JIU-L03-DIST04::27	10gbase-x-sfpp	UPLINK:CORE01_P4	CN-SHA-JIU-L03-CORE01-2	02:05	Switch Core	cn-sha-jiu	FALSE	10000	USW	USW-CO01-2_P2.5	15	5	ok
CN-SHA-JIU-L03-DIST04::28	10gbase-x-sfpp	UPLINK:CORE02_P4	CN-SHA-JIU-L03-CORE03-2	02:05	Switch Core	cn-sha-jiu	FALSE	10000	USW	USW-CO03-2_P2.5	15	5	ok
CN-SHA-JIU-L03-DIST04::3	1000base-t	MLAG_ACCE07_p24	CN-SHA-JIU-L03-ACCE07	24	Switch Access	cn-sha-jiu	FALSE	1000	USW	USW-1G-AC07_P24	15	5	ok
CN-SHA-JIU-L03-DIST04::4	1000base-t	MLAG_ACCE08_p24	CN-SHA-JIU-L03-ACCE08	24	Switch Access	cn-sha-jiu	FALSE	1000	USW	USW-1G-AC08_P24	15	5	ok
CN-SHA-JIU-L03-DIST04::5	1000base-t	MLAG_ACCE10_p24	CN-SHA-JIU-L03-ACCE10	24	Switch Access	cn-sha-jiu	FALSE	1000	USW	USW-1G-AC10_P24	15	5	ok
HU-DEB-NAG-CORE01::1	10gbase-x-sfpp	CORE02_p1	HU-DEB-NAG-CORE02	1	Switch Core	hu-deb-nag-a	FALSE	10000	USW	USW-NAG-CO02_P1	15	5	ok
HU-DEB-NAG-CORE01::11	10gbase-x-sfpp	CORE02_p11	HU-DEB-NAG-CORE02	11	Switch Core	hu-deb-nag-a	FALSE	10000	USW	USW-CO02_P11	12	8	ok
HU-DEB-NAG-CORE01::15	10gbase-x-sfpp	FWGW01_x1	HU-DEB-FWGW01	x1	Firewall	hu-deb-nag-a	FALSE	10000	USW	USW-DEB-FW01_X1	15	5	ok
HU-DEB-NAG-CORE01::16	10gbase-x-sfpp	FWGW01_x2	HU-DEB-FWGW01	x2	Firewall	hu-deb-nag-a	FALSE	10000	USW	USW-DEB-FW01_X2	15	5	ok
HU-DEB-NAG-CORE01::2	10gbase-x-sfpp	CORE02_p2	HU-DEB-NAG-CORE02	2	Switch Core	hu-deb-nag-a	FALSE	10000	USW	USW-NAG-CO02_P2	15	5	ok
HU-DEB-NAG-CORE01::25	10gbase-x-sfpp	SAN01-ctlA-p2	HU-DEB-SAN01	CTE0.A.P2	Storage	hu-deb-nag-a	FALSE	10000	US	US-SN01_CTE0AP2	15	5	ok
HU-DEB-NAG-CORE01::26	10gbase-x-sfpp	SAN01-ctlB-p2	HU-DEB-SAN01	CTE0.B.P2	Storage	hu-deb-nag-a	FALSE	10000	US	US-SN01_CTE0BP2	15	5	ok
HU-DEB-NAG-CORE01::3	10gbase-x-sfpp	CORE02_p3	HU-DEB-NAG-CORE02	3	Switch Core	hu-deb-nag-a	FALSE	10000	USW	USW-NAG-CO02_P3	15	5	ok
HU-DEB-NAG-CORE01::30	10gbase-x-sfpp	GFL-DIST01_p29	HU-DEB-NAG-GFL-DIST01	29	Switch Dist	hu-deb-nag-a	FALSE	10000	USW	USW-DI01_P29	12	8	ok
HU-DEB-NAG-CORE01::35	10gbase-x-sfpp	L01-DIST01_p29	HU-DEB-NAG-L01-DIST01	29	Switch Dist	hu-deb-nag-a	FALSE	10000	USW	USW-DI01_P29	12	8	ok
HU-DEB-NAG-CORE01::37	10gbase-x-sfpp	esx11_ct1_eth0	hu-deb-p-esx11.sensirion.lokal	vmnic2	Server	hu-deb-nag-a	FALSE	10000	US	US-ES11_VMNIC2	14	6	ok
HU-DEB-NAG-CORE01::39	10gbase-x-sfpp	esx13_ct1_eth0	hu-deb-p-esx13.sensirion.lokal	vmnic2	Server	hu-deb-nag-a	FALSE	10000	US	US-ES13_VMNIC2	14	6	ok
HU-DEB-NAG-CORE01::4	10gbase-x-sfpp	CORE02_p4	HU-DEB-NAG-CORE02	4	Switch Core	hu-deb-nag-a	FALSE	10000	USW	USW-NAG-CO02_P4	15	5	ok
HU-DEB-NAG-CORE01::41	10gbase-x-sfpp	esx11_ct1_eth2	hu-deb-p-esx11.sensirion.lokal	vmnic4	Server	hu-deb-nag-a	FALSE	10000	US	US-ES11_VMNIC4	14	6	ok
HU-DEB-NAG-CORE01::43	10gbase-x-sfpp	esx13_ct1_eth2	hu-deb-p-esx13.sensirion.lokal	vmnic4	Server	hu-deb-nag-a	FALSE	10000	US	US-ES13_VMNIC4	14	6	ok
HU-DEB-NAG-CORE01::45	10gbase-x-sfpp	san11_ct0_eth4	hu-deb-san11	ct0.eth4	Storage	hu-deb-nag-a	FALSE	10000	US	US-SN11_CT0ETH4	15	5	ok
HU-DEB-NAG-CORE01::46	10gbase-x-sfpp	san11_ct1_eth4	hu-deb-san11	ct1.eth4	Storage	hu-deb-nag-a	FALSE	10000	US	US-SN11_CT1ETH4	15	5	ok
HU-DEB-NAG-CORE01::48	10gbase-x-sfpp	HU-DEB-NAG-CORE0	HU-DEB-NAG-CORE03	36	Switch Core	hu-deb-nag-b	FALSE	10000	USW	USW-B-CO03_P36	14	6	ok
HU-DEB-NAG-CORE01::5	10gbase-x-sfpp	MGMT01_p30	HU-DEB-NAG-MGMT01-1	01:30	Switch Mgmt	hu-deb-nag-a	FALSE	10000	USW	USW-NAG-MG01-1	14	6	ok
HU-DEB-NAG-CORE02::1	10gbase-x-sfpp	CORE01_p1	HU-DEB-NAG-CORE01	1	Switch Core	hu-deb-nag-a	FALSE	10000	USW	USW-NAG-CO01_P1	15	5	ok
HU-DEB-NAG-CORE02::11	10gbase-x-sfpp	CORE01_p11	HU-DEB-NAG-CORE01	11	Switch Core	hu-deb-nag-a	FALSE	10000	USW	USW-CO01_P11	12	8	ok
HU-DEB-NAG-CORE02::2	10gbase-x-sfpp	CORE01_p2	HU-DEB-NAG-CORE01	2	Switch Core	hu-deb-nag-a	FALSE	10000	USW	USW-NAG-CO01_P2	15	5	ok
HU-DEB-NAG-CORE02::25	10gbase-x-sfpp	SAN01-ctlA-p3	HU-DEB-SAN01	CTE0.A.P3	Storage	hu-deb-nag-a	FALSE	10000	US	US-SN01_CTE0AP3	15	5	ok
HU-DEB-NAG-CORE02::26	10gbase-x-sfpp	SAN01-ctlB-p3	HU-DEB-SAN01	CTE0.B.P3	Storage	hu-deb-nag-a	FALSE	10000	US	US-SN01_CTE0BP3	15	5	ok
HU-DEB-NAG-CORE02::3	10gbase-x-sfpp	CORE01_p3	HU-DEB-NAG-CORE01	3	Switch Core	hu-deb-nag-a	FALSE	10000	USW	USW-NAG-CO01_P3	15	5	ok
HU-DEB-NAG-CORE02::30	10gbase-x-sfpp	GFL-DIST01_p30	HU-DEB-NAG-GFL-DIST01	30	Switch Dist	hu-deb-nag-a	FALSE	10000	USW	USW-DI01_P30	12	8	ok
HU-DEB-NAG-CORE02::35	10gbase-x-sfpp	L01-DIST01_p30	HU-DEB-NAG-L01-DIST01	30	Switch Dist	hu-deb-nag-a	FALSE	10000	USW	USW-DI01_P30	12	8	ok
HU-DEB-NAG-CORE02::37	10gbase-x-sfpp	esx11_ct1_eth1	hu-deb-p-esx11.sensirion.lokal	vmnic3	Server	hu-deb-nag-a	FALSE	10000	US	US-ES11_VMNIC3	14	6	ok
HU-DEB-NAG-CORE02::39	10gbase-x-sfpp	esx13_ct1_eth1	hu-deb-p-esx13.sensirion.lokal	vmnic3	Server	hu-deb-nag-a	FALSE	10000	US	US-ES13_VMNIC3	14	6	ok
HU-DEB-NAG-CORE02::4	10gbase-x-sfpp	CORE01_p4	HU-DEB-NAG-CORE01	4	Switch Core	hu-deb-nag-a	FALSE	10000	USW	USW-NAG-CO01_P4	15	5	ok
HU-DEB-NAG-CORE02::41	10gbase-x-sfpp	esx11_ct1_eth3	hu-deb-p-esx11.sensirion.lokal	vmnic5	Server	hu-deb-nag-a	FALSE	10000	US	US-ES11_VMNIC5	14	6	ok
HU-DEB-NAG-CORE02::43	10gbase-x-sfpp	esx13_ct1_eth3	hu-deb-p-esx13.sensirion.lokal	vmnic5	Server	hu-deb-nag-a	FALSE	10000	US	US-ES13_VMNIC5	14	6	ok
HU-DEB-NAG-CORE02::45	10gbase-x-sfpp	san11_ct0_eth5	hu-deb-san11	ct0.eth5	Storage	hu-deb-nag-a	FALSE	10000	US	US-SN11_CT0ETH5	15	5	ok
HU-DEB-NAG-CORE02::46	10gbase-x-sfpp	san11_ct1_eth5	hu-deb-san11	ct1.eth5	Storage	hu-deb-nag-a	FALSE	10000	US	US-SN11_CT1ETH5	15	5	ok
HU-DEB-NAG-CORE02::48	10gbase-x-sfpp	HU-DEB-NAG-CORE0	HU-DEB-NAG-CORE04	36	Switch Core	hu-deb-nag-b	FALSE	10000	USW	USW-B-CO04_P36	14	6	ok
HU-DEB-NAG-CORE02::5	10gbase-x-sfpp	L01-MGMT01_p2:23	HU-DEB-NAG-MGMT01-2	02:30	Switch Mgmt	hu-deb-nag-a	FALSE	10000	USW	USW-NAG-MG01-2	14	6	ok
HU-DEB-NAG-GFL-ACCE01::1	1000base-t		HU-DEB-NAG-GFL-ACPO05	mgmt0	Access Point	hu-deb-nag-a	TRUE	1000	UP	UP-GFL-AP05	11	9	ok
HU-DEB-NAG-GFL-ACCE01::2	1000base-t		HU-DEB-NAG-GFL-ACPO06	mgmt0	Access Point	hu-deb-nag-a	TRUE	1000	UP	UP-GFL-AP06	11	9	ok
HU-DEB-NAG-GFL-ACCE01::24	1000base-t	UPLINK_DIST_p1	HU-DEB-NAG-GFL-DIST01	1	Switch Dist	hu-deb-nag-a	FALSE	1000	USW	USW-1G-GFL-DI01_P1	18	2	ok
HU-DEB-NAG-GFL-ACCE01::3	1000base-t		HU-DEB-NAG-GFL-ACPO09	mgmt0	Access Point	hu-deb-nag-a	TRUE	1000	UP	UP-GFL-AP09	11	9	ok
HU-DEB-NAG-GFL-ACCE01::4	1000base-t		HU-DEB-NAG-GFL-ACPO04	mgmt0	Access Point	hu-deb-nag-a	TRUE	1000	UP	UP-GFL-AP04	11	9	ok
HU-DEB-NAG-GFL-ACCE01::5	1000base-t		HU-DEB-NAG-GFL-ACPO01	mgmt0	Access Point	hu-deb-nag-a	TRUE	1000	UP	UP-GFL-AP01	11	9	ok
HU-DEB-NAG-GFL-ACCE01::6	1000base-t		HU-DEB-NAG-GFL-ACPO03	mgmt0	Access Point	hu-deb-nag-a	TRUE	1000	UP	UP-GFL-AP03	11	9	ok
HU-DEB-NAG-GFL-ACCE01::7	1000base-t		HU-DEB-NAG-GFL-ACPO07	mgmt0	Access Point	hu-deb-nag-a	TRUE	1000	UP	UP-GFL-AP07	11	9	ok
HU-DEB-NAG-GFL-ACCE01::8	1000base-t		HU-DEB-NAG-GFL-ACPO10	mgmt0	Access Point	hu-deb-nag-a	TRUE	1000	UP	UP-GFL-AP10	11	9	ok
HU-DEB-NAG-GFL-ACCE01::9	1000base-t		HU-DEB-NAG-GFL-ACPO02	mgmt0	Access Point	hu-deb-nag-a	TRUE	1000	UP	UP-GFL-AP02	11	9	ok
HU-DEB-NAG-GFL-ACCE02::24	1000base-t	DIST01_p2	HU-DEB-NAG-GFL-DIST01	2	Switch Dist	hu-deb-nag-a	FALSE	1000	USW	USW-1G-GFL-DI01_P2	18	2	ok
HU-DEB-NAG-GFL-ACCE03::24	1000base-t	UPLINK	HU-DEB-NAG-GFL-DIST01	3	Switch Dist	hu-deb-nag-a	FALSE	1000	USW	USW-1G-GFL-DI01_P3	18	2	ok
HU-DEB-NAG-GFL-ACCE04::24	1000base-t		HU-DEB-NAG-GFL-DIST01	4	Switch Dist	hu-deb-nag-a	FALSE	1000	USW	USW-1G-GFL-DI01_P4	18	2	ok
HU-DEB-NAG-GFL-ACCE05::2	1000base-t		HU-DEB-NAG-GFL-ACPO11	mgmt0	Access Point	hu-deb-nag-a	TRUE	1000	UP	UP-GFL-AP11	11	9	ok
HU-DEB-NAG-GFL-ACCE05::24	1000base-t		HU-DEB-NAG-GFL-DIST01	5	Switch Dist	hu-deb-nag-a	FALSE	1000	USW	USW-1G-GFL-DI01_P5	18	2	ok
HU-DEB-NAG-GFL-ACCE06::18	1000base-t		HU-DEB-NAG-GFL-ACPO08	mgmt0	Access Point	hu-deb-nag-a	TRUE	1000	UP	UP-GFL-AP08	11	9	ok
HU-DEB-NAG-GFL-ACCE06::24	1000base-t		HU-DEB-NAG-GFL-DIST01	6	Switch Dist	hu-deb-nag-a	FALSE	1000	USW	USW-1G-GFL-DI01_P6	18	2	ok
HU-DEB-NAG-GFL-ACCE07::24	1000base-t	DIST01_p7	HU-DEB-NAG-GFL-DIST01	7	Switch Dist	hu-deb-nag-a	FALSE	1000	USW	USW-1G-GFL-DI01_P7	18	2	ok
HU-DEB-NAG-GFL-ACCE08::24	1000base-x-sfp		HU-DEB-NAG-L01-DIST01	27	Switch Dist	hu-deb-nag-a	FALSE	1000	USW	USW-1G-DI01_P27	15	5	ok
HU-DEB-NAG-GFL-ACCE09::24	1000base-t		HU-DEB-NAG-GFL-DIST01	10	Switch Dist	hu-deb-nag-a	FALSE	1000	USW	USW-1G-DI01_P10	15	5	ok
HU-DEB-NAG-GFL-ACCE10::24	1000base-t	GFL_DIST01_p8	HU-DEB-NAG-GFL-DIST01	8	Switch Dist	hu-deb-nag-a	FALSE	1000	USW	USW-1G-GFL-DI01_P8	18	2	ok
HU-DEB-NAG-GFL-ACCE11::18	1000base-x-sfp	GFL-DIST01_p21	HU-DEB-NAG-GFL-DIST01	27	Switch Dist	hu-deb-nag-a	FALSE	1000	USW	USW-1G-DI01_P27	15	5	ok
HU-DEB-NAG-GFL-ACCE40::24	1000base-t	UPLINK	HU-DEB-NAG-GFL-DIST30	9	Switch Dist	hu-deb-nag-b	FALSE	1000	USW	USW-1G-B-DI30_P9	16	4	ok
HU-DEB-NAG-GFL-DIST01::1	1000base-t	GFL_ACCE01_p24	HU-DEB-NAG-GFL-ACCE01	24	Switch Access	hu-deb-nag-a	FALSE	1000	USW	USW-1G-AC01_P24	15	5	ok
HU-DEB-NAG-GFL-DIST01::10	1000base-t	GFL_ACCE009_p24	HU-DEB-NAG-GFL-ACCE09	24	Switch Access	hu-deb-nag-a	FALSE	1000	USW	USW-1G-AC09_P24	15	5	ok
HU-DEB-NAG-GFL-DIST01::2	1000base-t	GFL_ACCE02_p24	HU-DEB-NAG-GFL-ACCE02	24	Switch Access	hu-deb-nag-a	FALSE	1000	USW	USW-1G-AC02_P24	15	5	ok
HU-DEB-NAG-GFL-DIST01::27	1000base-x-sfp	GFL-ACCE11_p24	HU-DEB-NAG-GFL-ACCE11	18	Switch Access	hu-deb-nag-a	FALSE	1000	USW	USW-1G-AC11_P18	15	5	ok
HU-DEB-NAG-GFL-DIST01::29	10gbase-x-sfpp	MLAG_CORE01_p30	HU-DEB-NAG-CORE01	30	Switch Core	hu-deb-nag-a	FALSE	10000	USW	USW-CO01_P30	12	8	ok
HU-DEB-NAG-GFL-DIST01::3	1000base-t	GFL_ACCE03_p24	HU-DEB-NAG-GFL-ACCE03	24	Switch Access	hu-deb-nag-a	FALSE	1000	USW	USW-1G-AC03_P24	15	5	ok
HU-DEB-NAG-GFL-DIST01::30	10gbase-x-sfpp	MLAG_CORE02_p30	HU-DEB-NAG-CORE02	30	Switch Core	hu-deb-nag-a	FALSE	10000	USW	USW-CO02_P30	12	8	ok
HU-DEB-NAG-GFL-DIST01::4	1000base-t	GFL_ACCE04_p24	HU-DEB-NAG-GFL-ACCE04	24	Switch Access	hu-deb-nag-a	FALSE	1000	USW	USW-1G-AC04_P24	15	5	ok
HU-DEB-NAG-GFL-DIST01::5	1000base-t	GFL_ACCE05_p24	HU-DEB-NAG-GFL-ACCE05	24	Switch Access	hu-deb-nag-a	FALSE	1000	USW	USW-1G-AC05_P24	15	5	ok
HU-DEB-NAG-GFL-DIST01::6	1000base-t	GFL_ACCE06_p24	HU-DEB-NAG-GFL-ACCE06	24	Switch Access	hu-deb-nag-a	FALSE	1000	USW	USW-1G-AC06_P24	15	5	ok
HU-DEB-NAG-GFL-DIST01::7	1000base-t	GFL_ACCE07_p24	HU-DEB-NAG-GFL-ACCE07	24	Switch Access	hu-deb-nag-a	FALSE	1000	USW	USW-1G-AC07_P24	15	5	ok
HU-DEB-NAG-GFL-DIST01::8	1000base-t	GFL_ACCE010_p24	HU-DEB-NAG-GFL-ACCE10	24	Switch Access	hu-deb-nag-a	FALSE	1000	USW	USW-1G-AC10_P24	15	5	ok
HU-DEB-NAG-L01-ACCE01::1	1000base-t		HU-DEB-NAG-L01-ACPO01	mgmt0	Access Point	hu-deb-nag-a	TRUE	1000	UP	UP-L01-AP01	11	9	ok
HU-DEB-NAG-L01-ACCE01::2	1000base-t		HU-DEB-NAG-L01-ACPO02	mgmt0	Access Point	hu-deb-nag-a	TRUE	1000	UP	UP-L01-AP02	11	9	ok
HU-DEB-NAG-L01-ACCE01::24	1000base-t		HU-DEB-NAG-L01-DIST01	1	Switch Dist	hu-deb-nag-a	FALSE	1000	USW	USW-1G-L01-DI01_P1	18	2	ok
HU-DEB-NAG-L01-ACCE01::3	1000base-t		HU-DEB-NAG-L01-ACPO03	mgmt0	Access Point	hu-deb-nag-a	TRUE	1000	UP	UP-L01-AP03	11	9	ok
HU-DEB-NAG-L01-ACCE01::4	1000base-t		HU-DEB-NAG-L01-ACPO04	mgmt0	Access Point	hu-deb-nag-a	TRUE	1000	UP	UP-L01-AP04	11	9	ok
HU-DEB-NAG-L01-ACCE01::5	1000base-t		HU-DEB-NAG-L01-ACPO05	mgmt0	Access Point	hu-deb-nag-a	TRUE	1000	UP	UP-L01-AP05	11	9	ok
HU-DEB-NAG-L01-ACCE01::6	1000base-t		HU-DEB-NAG-L01-ACPO06	mgmt0	Access Point	hu-deb-nag-a	TRUE	1000	UP	UP-L01-AP06	11	9	ok
HU-DEB-NAG-L01-ACCE01::7	1000base-t		HU-DEB-NAG-L01-ACPO07	mgmt0	Access Point	hu-deb-nag-a	TRUE	1000	UP	UP-L01-AP07	11	9	ok
HU-DEB-NAG-L01-ACCE02::24	1000base-t		HU-DEB-NAG-L01-DIST01	2	Switch Dist	hu-deb-nag-a	FALSE	1000	USW	USW-1G-L01-DI01_P2	18	2	ok
HU-DEB-NAG-L01-ACCE03::24	1000base-t		HU-DEB-NAG-L01-DIST01	3	Switch Dist	hu-deb-nag-a	FALSE	1000	USW	USW-1G-L01-DI01_P3	18	2	ok
HU-DEB-NAG-L01-ACCE04::24	1000base-t		HU-DEB-NAG-L01-DIST01	4	Switch Dist	hu-deb-nag-a	FALSE	1000	USW	USW-1G-L01-DI01_P4	18	2	ok
HU-DEB-NAG-L01-ACCE05::24	1000base-t	L01-DIST01_p5	HU-DEB-NAG-L01-DIST01	5	Switch Dist	hu-deb-nag-a	FALSE	1000	USW	USW-1G-L01-DI01_P5	18	2	ok
HU-DEB-NAG-L01-ACCE06::24	1000base-t		HU-DEB-NAG-L01-DIST01	6	Switch Dist	hu-deb-nag-a	FALSE	1000	USW	USW-1G-L01-DI01_P6	18	2	ok
HU-DEB-NAG-L01-ACCE07::24	1000base-t	L01-DIST01_p7	HU-DEB-NAG-L01-DIST01	7	Switch Dist	hu-deb-nag-a	FALSE	1000	USW	USW-1G-L01-DI01_P7	18	2	ok
HU-DEB-NAG-L01-ACCE08::24	1000base-t	L01-DIST01_p8	HU-DEB-NAG-L01-DIST01	8	Switch Dist	hu-deb-nag-a	FALSE	1000	USW	USW-1G-L01-DI01_P8	18	2	ok
HU-DEB-NAG-L01-DIST01::1	1000base-t	L01-ACCE01	HU-DEB-NAG-L01-ACCE01	24	Switch Access	hu-deb-nag-a	FALSE	1000	USW	USW-1G-AC01_P24	15	5	ok
HU-DEB-NAG-L01-DIST01::2	1000base-t	L01-ACCE02	HU-DEB-NAG-L01-ACCE02	24	Switch Access	hu-deb-nag-a	FALSE	1000	USW	USW-1G-AC02_P24	15	5	ok
HU-DEB-NAG-L01-DIST01::27	1000base-x-sfp	GFL-ACCE08_p24	HU-DEB-NAG-GFL-ACCE08	24	Switch Access	hu-deb-nag-a	FALSE	1000	USW	USW-1G-AC08_P24	15	5	ok
HU-DEB-NAG-L01-DIST01::29	10gbase-x-sfpp	MLAG_CORE01_p35	HU-DEB-NAG-CORE01	35	Switch Core	hu-deb-nag-a	FALSE	10000	USW	USW-CO01_P35	12	8	ok
HU-DEB-NAG-L01-DIST01::3	1000base-t	L01-ACCE03	HU-DEB-NAG-L01-ACCE03	24	Switch Access	hu-deb-nag-a	FALSE	1000	USW	USW-1G-AC03_P24	15	5	ok
HU-DEB-NAG-L01-DIST01::30	10gbase-x-sfpp	MLAG_CORE02_p35	HU-DEB-NAG-CORE02	35	Switch Core	hu-deb-nag-a	FALSE	10000	USW	USW-CO02_P35	12	8	ok
HU-DEB-NAG-L01-DIST01::4	1000base-t	L01-ACCE04	HU-DEB-NAG-L01-ACCE04	24	Switch Access	hu-deb-nag-a	FALSE	1000	USW	USW-1G-AC04_P24	15	5	ok
HU-DEB-NAG-L01-DIST01::5	1000base-t	L01-ACCE05	HU-DEB-NAG-L01-ACCE05	24	Switch Access	hu-deb-nag-a	FALSE	1000	USW	USW-1G-AC05_P24	15	5	ok
HU-DEB-NAG-L01-DIST01::6	1000base-t	L01-ACCE06	HU-DEB-NAG-L01-ACCE06	24	Switch Access	hu-deb-nag-a	FALSE	1000	USW	USW-1G-AC06_P24	15	5	ok
HU-DEB-NAG-L01-DIST01::7	1000base-t	L01-ACCE07	HU-DEB-NAG-L01-ACCE07	24	Switch Access	hu-deb-nag-a	FALSE	1000	USW	USW-1G-AC07_P24	15	5	ok
HU-DEB-NAG-L01-DIST01::8	1000base-t	L01-ACCE08	HU-DEB-NAG-L01-ACCE08	24	Switch Access	hu-deb-nag-a	FALSE	1000	USW	USW-1G-AC08_P24	15	5	ok
HU-DEB-NAG-MGMT01-1::1:12	1000base-t	SAN_ctrlA_LAN	HU-DEB-SAN01	CTE0.A.MGMT	Storage	hu-deb-nag-a	TRUE	1000	MON	MON-SN01_CTE0A	14	6	ok
HU-DEB-NAG-MGMT01-1::1:14	1000base-t	ESX11_ILO	hu-deb-p-esx11.sensirion.lokal	iDRAC 9 (NIC.1)	Server	hu-deb-nag-a	TRUE	1000	MON	MON-P-ES11	10	10	ok
HU-DEB-NAG-MGMT01-1::1:15	1000base-t	ESX13_ILO	hu-deb-p-esx13.sensirion.lokal	iDRAC 9 (NIC.1)	Server	hu-deb-nag-a	TRUE	1000	MON	MON-P-ES13	10	10	ok
HU-DEB-NAG-MGMT01-1::1:16	1000base-t	ESX11_ct0_eth0	hu-deb-p-esx11.sensirion.lokal	vmnic0	Server	hu-deb-nag-a	FALSE	1000	US	US-1G-ES11_VMNIC0	17	3	ok
HU-DEB-NAG-MGMT01-1::1:18	1000base-t	ESX13_et0_eth0	hu-deb-p-esx13.sensirion.lokal	vmnic0	Server	hu-deb-nag-a	FALSE	1000	US	US-1G-ES13_VMNIC0	17	3	ok
HU-DEB-NAG-MGMT01-1::1:20	1000base-t	SAN11_ct1_eth0	hu-deb-san11	ct0.eth0	Storage	hu-deb-nag-a	TRUE	1000	MON	MON-SN11_CT0	12	8	ok
HU-DEB-NAG-MGMT01-1::1:30	10gbase-x-sfpp	CORE01_p5	HU-DEB-NAG-CORE01	5	Switch Core	hu-deb-nag-a	FALSE	10000	USW	USW-NAG-CO01_P5	15	5	ok
HU-DEB-NAG-MGMT01-1::1:31	extreme-summitstack		HU-DEB-NAG-MGMT01-2	02:32	Switch Mgmt	hu-deb-nag-a	FALSE		USW	USW-NAG-MG01-2	14	6	ok
HU-DEB-NAG-MGMT01-1::1:32	extreme-summitstack		HU-DEB-NAG-MGMT01-2	02:31	Switch Mgmt	hu-deb-nag-a	FALSE		USW	USW-NAG-MG01-2	14	6	ok
HU-DEB-NAG-MGMT01-1::1:5	1000base-t	FWGW01_MGMT1	HU-DEB-FWGW01	mgmt	Firewall	hu-deb-nag-a	TRUE	1000	USW	USW-1G-FW01_MGMT	16	4	ok
HU-DEB-NAG-MGMT01-1::1:6	1000base-t	FWGW01_WAN1	HU-DEB-FWGW01	wan2	Firewall	hu-deb-nag-a	FALSE	1000	USW	USW-1G-FW01_WAN2	16	4	ok
HU-DEB-NAG-MGMT01-1::1:7	1000base-t	FWGW01_WAN2	HU-DEB-FWGW01	wan1	Firewall	hu-deb-nag-a	FALSE	1000	USW	USW-1G-FW01_WAN1	16	4	ok
HU-DEB-NAG-MGMT01-1::1:8	1000base-t	FWGW01_HA1	HU-DEB-FWGW01	ha1	Firewall	hu-deb-nag-a	FALSE	1000	USW	USW-1G-FW01_HA1	15	5	ok
HU-DEB-NAG-MGMT01-2::2:12	1000base-t	SAN_ctrlB_LAN	HU-DEB-SAN01	CTE0.B.MGMT	Storage	hu-deb-nag-a	TRUE	1000	MON	MON-SN01_CTE0B	14	6	ok
HU-DEB-NAG-MGMT01-2::2:16	1000base-t	ESX11_ct0_eth1	hu-deb-p-esx11.sensirion.lokal	vmnic1	Server	hu-deb-nag-a	FALSE	1000	US	US-1G-ES11_VMNIC1	17	3	ok
HU-DEB-NAG-MGMT01-2::2:18	1000base-t	ESX13_et0_eth1	hu-deb-p-esx13.sensirion.lokal	vmnic1	Server	hu-deb-nag-a	FALSE	1000	US	US-1G-ES13_VMNIC1	17	3	ok
HU-DEB-NAG-MGMT01-2::2:20	1000base-t	SAN11_ct0_eth0	hu-deb-san11	ct1.eth0	Storage	hu-deb-nag-a	TRUE	1000	MON	MON-SN11_CT1	12	8	ok
HU-DEB-NAG-MGMT01-2::2:30	10gbase-x-sfpp	CORE02_p5	HU-DEB-NAG-CORE02	5	Switch Core	hu-deb-nag-a	FALSE	10000	USW	USW-NAG-CO02_P5	15	5	ok
HU-DEB-NAG-MGMT01-2::2:31	extreme-summitstack		HU-DEB-NAG-MGMT01-1	01:32	Switch Mgmt	hu-deb-nag-a	FALSE		USW	USW-NAG-MG01-1	14	6	ok
HU-DEB-NAG-MGMT01-2::2:32	extreme-summitstack		HU-DEB-NAG-MGMT01-1	01:31	Switch Mgmt	hu-deb-nag-a	FALSE		USW	USW-NAG-MG01-1	14	6	ok
HU-DEB-NAG-MGMT01-2::2:8	1000base-t	FWGW01_HA2	HU-DEB-FWGW01	ha2	Firewall	hu-deb-nag-a	FALSE	1000	USW	USW-1G-FW01_HA2	15	5	ok
HU-DEB-NAG-CORE03::1	10gbase-x-sfpp	MGMT03_p1:30	HU-DEB-NAG-MGMT03-1	01:30	Switch Mgmt	hu-deb-nag-b	FALSE	10000	USW	USW-NAG-MG03-1	14	6	ok
HU-DEB-NAG-CORE03::10	10gbase-x-sfpp	esx12_ct1_eth0	hu-deb-p-esx12.sensirion.lokal	vmnic2	Server	hu-deb-nag-b	FALSE	10000	US	US-ES12_VMNIC2	14	6	ok
HU-DEB-NAG-CORE03::11	10gbase-x-sfpp	esx12_ct1_eth2	hu-deb-p-esx12.sensirion.lokal	vmnic4	Server	hu-deb-nag-b	FALSE	10000	US	US-ES12_VMNIC4	14	6	ok
HU-DEB-NAG-CORE03::12	10gbase-x-sfpp	esx14_ct1_eth0	hu-deb-p-esx14.sensirion.lokal	vmnic2	Server	hu-deb-nag-b	FALSE	10000	US	US-ES14_VMNIC2	14	6	ok
HU-DEB-NAG-CORE03::13	10gbase-x-sfpp	esx14_ct1_eth2	hu-deb-p-esx14.sensirion.lokal	vmnic4	Server	hu-deb-nag-b	FALSE	10000	US	US-ES14_VMNIC4	14	6	ok
HU-DEB-NAG-CORE03::24	10gbase-x-sfpp	SNAS01_p5	HU-DEB-P-SNAS01	LAN6	Storage	hu-deb-nag-b	FALSE	10000	US	US-P-NS01_LAN6	14	6	ok
HU-DEB-NAG-CORE03::25	40gbase-x-qsfpp	CORE04_ISC	HU-DEB-NAG-CORE04	25	Switch Core	hu-deb-nag-b	FALSE	40000	USW	USW-40G-CO04_P25	16	4	ok
HU-DEB-NAG-CORE03::29	40gbase-x-qsfpp	CORE04_ISC	HU-DEB-NAG-CORE04	29	Switch Core	hu-deb-nag-b	FALSE	40000	USW	USW-40G-CO04_P29	16	4	ok
HU-DEB-NAG-CORE03::3	10gbase-x-sfpp	GFL-DIST30_p30	HU-DEB-NAG-GFL-DIST30	30	Switch Dist	hu-deb-nag-b	FALSE	10000	USW	USW-DI30_P30	12	8	ok
HU-DEB-NAG-CORE03::33	10gbase-x-sfpp	CORE04_ISC_ALT	HU-DEB-NAG-CORE04	33	Switch Core	hu-deb-nag-b	FALSE	10000	USW	USW-CO04_P33	12	8	ok
HU-DEB-NAG-CORE03::36	10gbase-x-sfpp	CORE01_p48	HU-DEB-NAG-CORE01	48	Switch Core	hu-deb-nag-a	FALSE	10000	USW	USW-A-CO01_P48	14	6	ok
HU-DEB-NAG-CORE03::4	10gbase-x-sfpp	L01-DIST30_p30	HU-DEB-NAG-L01-DIST30	30	Switch Dist	hu-deb-nag-b	FALSE	10000	USW	USW-DI30_P30	12	8	ok
HU-DEB-NAG-CORE03::7	10gbase-x-sfpp	FWGW02_x1	HU-DEB-FWGW02	x1	Firewall	hu-deb-nag-b	FALSE	10000	USW	USW-DEB-FW02_X1	15	5	ok
HU-DEB-NAG-CORE04::1	10gbase-x-sfpp	MGMT03_p2:30	HU-DEB-NAG-MGMT03-2	02:30	Switch Mgmt	hu-deb-nag-b	FALSE	10000	USW	USW-NAG-MG03-2	14	6	ok
HU-DEB-NAG-CORE04::10	10gbase-x-sfpp	esx12_ct1_eth1	hu-deb-p-esx12.sensirion.lokal	vmnic3	Server	hu-deb-nag-b	FALSE	10000	US	US-ES12_VMNIC3	14	6	ok
HU-DEB-NAG-CORE04::11	10gbase-x-sfpp	esx12_ct1_eth3	hu-deb-p-esx12.sensirion.lokal	vmnic5	Server	hu-deb-nag-b	FALSE	10000	US	US-ES12_VMNIC5	14	6	ok
HU-DEB-NAG-CORE04::12	10gbase-x-sfpp	esx14_ct1_eth1	hu-deb-p-esx14.sensirion.lokal	vmnic3	Server	hu-deb-nag-b	FALSE	10000	US	US-ES14_VMNIC3	14	6	ok
HU-DEB-NAG-CORE04::13	10gbase-x-sfpp	esx14_ct1_eth3	hu-deb-p-esx14.sensirion.lokal	vmnic5	Server	hu-deb-nag-b	FALSE	10000	US	US-ES14_VMNIC5	14	6	ok
HU-DEB-NAG-CORE04::24	10gbase-x-sfpp	SNAS01_p6	HU-DEB-P-SNAS01	LAN5	Storage	hu-deb-nag-b	FALSE	10000	US	US-P-NS01_LAN5	14	6	ok
HU-DEB-NAG-CORE04::25	40gbase-x-qsfpp	CORE03_ISC	HU-DEB-NAG-CORE03	25	Switch Core	hu-deb-nag-b	FALSE	40000	USW	USW-40G-CO03_P25	16	4	ok
HU-DEB-NAG-CORE04::29	40gbase-x-qsfpp	CORE03_ISC	HU-DEB-NAG-CORE03	29	Switch Core	hu-deb-nag-b	FALSE	40000	USW	USW-40G-CO03_P29	16	4	ok
HU-DEB-NAG-CORE04::3	10gbase-x-sfpp	GFL-DIST30_p29	HU-DEB-NAG-GFL-DIST30	29	Switch Dist	hu-deb-nag-b	FALSE	10000	USW	USW-DI30_P29	12	8	ok
HU-DEB-NAG-CORE04::33	10gbase-x-sfpp	CORE03_ISC_ALT	HU-DEB-NAG-CORE03	33	Switch Core	hu-deb-nag-b	FALSE	10000	USW	USW-CO03_P33	12	8	ok
HU-DEB-NAG-CORE04::36	10gbase-x-sfpp	CORE02_p48	HU-DEB-NAG-CORE02	48	Switch Core	hu-deb-nag-a	FALSE	10000	USW	USW-A-CO02_P48	14	6	ok
HU-DEB-NAG-CORE04::4	10gbase-x-sfpp	L01-DIST30_p29	HU-DEB-NAG-L01-DIST30	29	Switch Dist	hu-deb-nag-b	FALSE	10000	USW	USW-DI30_P29	12	8	ok
HU-DEB-NAG-CORE04::7	10gbase-x-sfpp	FWGW02_x2	HU-DEB-FWGW02	x2	Firewall	hu-deb-nag-b	FALSE	10000	USW	USW-DEB-FW02_X2	15	5	ok
HU-DEB-NAG-GFL-ACCE30::24	1000base-t	UPLINK	HU-DEB-NAG-GFL-DIST30	1	Switch Dist	hu-deb-nag-b	FALSE	1000	USW	USW-1G-GFL-DI30_P1	18	2	ok
HU-DEB-NAG-GFL-ACCE31::1	1000base-t		HU-DEB-NAG-GFL-ACPO12	mgmt0	Access Point	hu-deb-nag-b	TRUE	1000	UP	UP-GFL-AP12	11	9	ok
HU-DEB-NAG-GFL-ACCE31::23	1000base-t		HU-DEB-NAG-GFL-ACPO15	mgmt0	Access Point	hu-deb-nag-b	TRUE	1000	UP	UP-GFL-AP15	11	9	ok
HU-DEB-NAG-GFL-ACCE31::24	1000base-t	UPLINK	HU-DEB-NAG-GFL-DIST30	2	Switch Dist	hu-deb-nag-b	FALSE	1000	USW	USW-1G-GFL-DI30_P2	18	2	ok
HU-DEB-NAG-GFL-ACCE31::3	1000base-t		HU-DEB-NAG-GFL-ACPO16	mgmt0	Access Point	hu-deb-nag-b	TRUE	1000	UP	UP-GFL-AP16	11	9	ok
HU-DEB-NAG-GFL-ACCE31::4	1000base-t		HU-DEB-NAG-GFL-ACPO17	mgmt0	Access Point	hu-deb-nag-b	TRUE	1000	UP	UP-GFL-AP17	11	9	ok
HU-DEB-NAG-GFL-ACCE31::5	1000base-t		HU-DEB-NAG-GFL-ACPO13	mgmt0	Access Point	hu-deb-nag-b	TRUE	1000	UP	UP-GFL-AP13	11	9	ok
HU-DEB-NAG-GFL-ACCE31::6	1000base-t		HU-DEB-NAG-GFL-ACPO14	mgmt0	Access Point	hu-deb-nag-b	TRUE	1000	UP	UP-GFL-AP14	11	9	ok
HU-DEB-NAG-GFL-ACCE31::7	1000base-t		HU-DEB-NAG-GFL-ACPO20	mgmt0	Access Point	hu-deb-nag-b	TRUE	1000	UP	UP-GFL-AP20	11	9	ok
HU-DEB-NAG-GFL-ACCE31::9	1000base-t		HU-DEB-NAG-GFL-ACPO18	mgmt0	Access Point	hu-deb-nag-b	TRUE	1000	UP	UP-GFL-AP18	11	9	ok
HU-DEB-NAG-GFL-ACCE32::1	1000base-t		HU-DEB-NAG-GWH-ACPO01	mgmt0	Access Point	hu-deb-nag-b	TRUE	1000	UP	UP-GWH-AP01	11	9	ok
HU-DEB-NAG-GFL-ACCE32::10	1000base-t		HU-DEB-NAG-GWH-ACPO17	mgmt0	Access Point	hu-deb-nag-b	TRUE	1000	UP	UP-GWH-AP17	11	9	ok
HU-DEB-NAG-GFL-ACCE32::11	1000base-t		HU-DEB-NAG-GWH-ACPO21	mgmt0	Access Point	hu-deb-nag-b	TRUE	1000	UP	UP-GWH-AP21	11	9	ok
HU-DEB-NAG-GFL-ACCE32::2	1000base-t		HU-DEB-NAG-GWH-ACPO03	mgmt0	Access Point	hu-deb-nag-b	TRUE	1000	UP	UP-GWH-AP03	11	9	ok
HU-DEB-NAG-GFL-ACCE32::3	1000base-t		HU-DEB-NAG-GWH-ACPO05	mgmt0	Access Point	hu-deb-nag-b	TRUE	1000	UP	UP-GWH-AP05	11	9	ok
HU-DEB-NAG-GFL-ACCE32::30	1000base-x-sfp	UPLINK	HU-DEB-NAG-L01-DIST30	25	Switch Dist	hu-deb-nag-b	FALSE	1000	USW	USW-1G-DI30_P25	15	5	ok
HU-DEB-NAG-GFL-ACCE32::4	1000base-t		HU-DEB-NAG-GWH-ACPO07	mgmt0	Access Point	hu-deb-nag-b	TRUE	1000	UP	UP-GWH-AP07	11	9	ok
HU-DEB-NAG-GFL-ACCE32::5	1000base-t		HU-DEB-NAG-GWH-ACPO09	mgmt0	Access Point	hu-deb-nag-b	TRUE	1000	UP	UP-GWH-AP09	11	9	ok
HU-DEB-NAG-GFL-ACCE32::6	1000base-t		HU-DEB-NAG-GWH-ACPO11	mgmt0	Access Point	hu-deb-nag-b	TRUE	1000	UP	UP-GWH-AP11	11	9	ok
HU-DEB-NAG-GFL-ACCE32::7	1000base-t		HU-DEB-NAG-GWH-ACPO13	mgmt0	Access Point	hu-deb-nag-b	TRUE	1000	UP	UP-GWH-AP13	11	9	ok
HU-DEB-NAG-GFL-ACCE32::8	1000base-t		HU-DEB-NAG-GWH-ACPO15	mgmt0	Access Point	hu-deb-nag-b	TRUE	1000	UP	UP-GWH-AP15	11	9	ok
HU-DEB-NAG-GFL-ACCE32::9	1000base-t		HU-DEB-NAG-GWH-ACPO19	mgmt0	Access Point	hu-deb-nag-b	TRUE	1000	UP	UP-GWH-AP19	11	9	ok
HU-DEB-NAG-GFL-ACCE33::1	1000base-t		HU-DEB-NAG-GWH-ACPO02	mgmt0	Access Point	hu-deb-nag-b	TRUE	1000	UP	UP-GWH-AP02	11	9	ok
HU-DEB-NAG-GFL-ACCE33::10	1000base-t		HU-DEB-NAG-GWH-ACPO22	mgmt0	Access Point	hu-deb-nag-b	TRUE	1000	UP	UP-GWH-AP22	11	9	ok
HU-DEB-NAG-GFL-ACCE33::11	1000base-t		HU-DEB-NAG-GWH-ACPO16	mgmt0	Access Point	hu-deb-nag-b	TRUE	1000	UP	UP-GWH-AP16	11	9	ok
HU-DEB-NAG-GFL-ACCE33::2	1000base-t		HU-DEB-NAG-GWH-ACPO04	mgmt0	Access Point	hu-deb-nag-b	TRUE	1000	UP	UP-GWH-AP04	11	9	ok
HU-DEB-NAG-GFL-ACCE33::3	1000base-t		HU-DEB-NAG-GWH-ACPO06	mgmt0	Access Point	hu-deb-nag-b	TRUE	1000	UP	UP-GWH-AP06	11	9	ok
HU-DEB-NAG-GFL-ACCE33::30	1000base-x-sfp	UPLINK	HU-DEB-NAG-L01-DIST30	26	Switch Dist	hu-deb-nag-b	FALSE	1000	USW	USW-1G-DI30_P26	15	5	ok
HU-DEB-NAG-GFL-ACCE33::4	1000base-t		HU-DEB-NAG-GWH-ACPO08	mgmt0	Access Point	hu-deb-nag-b	TRUE	1000	UP	UP-GWH-AP08	11	9	ok
HU-DEB-NAG-GFL-ACCE33::5	1000base-t		HU-DEB-NAG-GWH-ACPO10	mgmt0	Access Point	hu-deb-nag-b	TRUE	1000	UP	UP-GWH-AP10	11	9	ok
HU-DEB-NAG-GFL-ACCE33::6	1000base-t		HU-DEB-NAG-GWH-ACPO12	mgmt0	Access Point	hu-deb-nag-b	TRUE	1000	UP	UP-GWH-AP12	11	9	ok
HU-DEB-NAG-GFL-ACCE33::7	1000base-t		HU-DEB-NAG-GWH-ACPO14	mgmt0	Access Point	hu-deb-nag-b	TRUE	1000	UP	UP-GWH-AP14	11	9	ok
HU-DEB-NAG-GFL-ACCE33::8	1000base-t		HU-DEB-NAG-GWH-ACPO18	mgmt0	Access Point	hu-deb-nag-b	TRUE	1000	UP	UP-GWH-AP18	11	9	ok
HU-DEB-NAG-GFL-ACCE33::9	1000base-t		HU-DEB-NAG-GWH-ACPO20	mgmt0	Access Point	hu-deb-nag-b	TRUE	1000	UP	UP-GWH-AP20	11	9	ok
HU-DEB-NAG-GFL-ACCE34::24	1000base-t	UPLINK	HU-DEB-NAG-GFL-DIST30	6	Switch Dist	hu-deb-nag-b	FALSE	1000	USW	USW-1G-GFL-DI30_P6	18	2	ok
HU-DEB-NAG-GFL-ACCE35::24	1000base-t	UPLINK	HU-DEB-NAG-GFL-DIST30	3	Switch Dist	hu-deb-nag-b	FALSE	1000	USW	USW-1G-GFL-DI30_P3	18	2	ok
HU-DEB-NAG-GFL-ACCE36::24	1000base-t	UPLINK	HU-DEB-NAG-GFL-DIST30	4	Switch Dist	hu-deb-nag-b	FALSE	1000	USW	USW-1G-GFL-DI30_P4	18	2	ok
HU-DEB-NAG-GFL-ACCE37::24	1000base-t	UPLINK	HU-DEB-NAG-GFL-DIST30	5	Switch Dist	hu-deb-nag-b	FALSE	1000	USW	USW-1G-GFL-DI30_P5	18	2	ok
HU-DEB-NAG-GFL-ACCE38::24	1000base-t	UPLINK	HU-DEB-NAG-GFL-DIST30	7	Switch Dist	hu-deb-nag-b	FALSE	1000	USW	USW-1G-GFL-DI30_P7	18	2	ok
HU-DEB-NAG-GFL-ACCE39::1	1000base-t		HU-DEB-NAG-GFL-ACPO19	mgmt0	Access Point	hu-deb-nag-b	TRUE	1000	UP	UP-GFL-AP19	11	9	ok
HU-DEB-NAG-GFL-ACCE39::2	1000base-t		HU-DEB-NAG-GFL-ACPO21	mgmt0	Access Point	hu-deb-nag-b	TRUE	1000	UP	UP-GFL-AP21	11	9	ok
HU-DEB-NAG-GFL-ACCE39::24	1000base-t	UPLINK	HU-DEB-NAG-GFL-DIST30	8	Switch Dist	hu-deb-nag-b	FALSE	1000	USW	USW-1G-GFL-DI30_P8	18	2	ok
HU-DEB-NAG-GFL-DIST30::1	1000base-t	ACCE30_p24	HU-DEB-NAG-GFL-ACCE30	24	Switch Access	hu-deb-nag-b	FALSE	1000	USW	USW-1G-AC30_P24	15	5	ok
HU-DEB-NAG-GFL-DIST30::2	1000base-t	ACCE31_p24	HU-DEB-NAG-GFL-ACCE31	24	Switch Access	hu-deb-nag-b	FALSE	1000	USW	USW-1G-AC31_P24	15	5	ok
HU-DEB-NAG-GFL-DIST30::29	10gbase-x-sfpp	CORE01_p32	HU-DEB-NAG-CORE04	3	Switch Core	hu-deb-nag-b	FALSE	10000	USW	USW-NAG-CO04_P3	15	5	ok
HU-DEB-NAG-GFL-DIST30::3	1000base-t	ACCE35_p24	HU-DEB-NAG-GFL-ACCE35	24	Switch Access	hu-deb-nag-b	FALSE	1000	USW	USW-1G-AC35_P24	15	5	ok
HU-DEB-NAG-GFL-DIST30::30	10gbase-x-sfpp	CORE02_p32	HU-DEB-NAG-CORE03	3	Switch Core	hu-deb-nag-b	FALSE	10000	USW	USW-NAG-CO03_P3	15	5	ok
HU-DEB-NAG-GFL-DIST30::4	1000base-t	ACCE36_p24	HU-DEB-NAG-GFL-ACCE36	24	Switch Access	hu-deb-nag-b	FALSE	1000	USW	USW-1G-AC36_P24	15	5	ok
HU-DEB-NAG-GFL-DIST30::5	1000base-t	ACCE37_p24	HU-DEB-NAG-GFL-ACCE37	24	Switch Access	hu-deb-nag-b	FALSE	1000	USW	USW-1G-AC37_P24	15	5	ok
HU-DEB-NAG-GFL-DIST30::6	1000base-t	ACCE34_p24	HU-DEB-NAG-GFL-ACCE34	24	Switch Access	hu-deb-nag-b	FALSE	1000	USW	USW-1G-AC34_P24	15	5	ok
HU-DEB-NAG-GFL-DIST30::7	1000base-t	ACCE38_p24	HU-DEB-NAG-GFL-ACCE38	24	Switch Access	hu-deb-nag-b	FALSE	1000	USW	USW-1G-AC38_P24	15	5	ok
HU-DEB-NAG-GFL-DIST30::8	1000base-t	ACCE39_p24	HU-DEB-NAG-GFL-ACCE39	24	Switch Access	hu-deb-nag-b	FALSE	1000	USW	USW-1G-AC39_P24	15	5	ok
HU-DEB-NAG-GFL-DIST30::9	1000base-t	ACCE40_p24	HU-DEB-NAG-GFL-ACCE40	24	Switch Access	hu-deb-nag-a	FALSE	1000	USW	USW-1G-A-AC40_P24	17	3	ok
HU-DEB-NAG-L01-ACCE30::29	10gbase-x-sfpp		HU-DEB-NAG-L01-DIST30	27	Switch Dist	hu-deb-nag-b	FALSE	10000	USW	USW-DI30_P27	12	8	ok
HU-DEB-NAG-L01-ACCE30::30	10gbase-x-sfpp		HU-DEB-NAG-L01-DIST30	28	Switch Dist	hu-deb-nag-b	FALSE	10000	USW	USW-DI30_P28	12	8	ok
HU-DEB-NAG-L01-ACCE31::1	1000base-t	L01-ACPO09	HU-DEB-NAG-L01-ACPO09	mgmt0	Access Point	hu-deb-nag-b	TRUE	1000	UP	UP-L01-AP09	11	9	ok
HU-DEB-NAG-L01-ACCE31::10	1000base-t	L01-ACPO13	HU-DEB-NAG-L01-ACPO13	mgmt0	Access Point	hu-deb-nag-b	TRUE	1000	UP	UP-L01-AP13	11	9	ok
HU-DEB-NAG-L01-ACCE31::11	1000base-t	L01-ACPO14	HU-DEB-NAG-L01-ACPO14	mgmt0	Access Point	hu-deb-nag-b	TRUE	1000	UP	UP-L01-AP14	11	9	ok
HU-DEB-NAG-L01-ACCE31::12	1000base-t	L01-ACPO12	HU-DEB-NAG-L01-ACPO12	mgmt0	Access Point	hu-deb-nag-b	TRUE	1000	UP	UP-L01-AP12	11	9	ok
HU-DEB-NAG-L01-ACCE31::13	1000base-t	L01-ACPO15	HU-DEB-NAG-L01-ACPO15	mgmt0	Access Point	hu-deb-nag-b	TRUE	1000	UP	UP-L01-AP15	11	9	ok
HU-DEB-NAG-L01-ACCE31::14	1000base-t	L02-ACPO01	HU-DEB-NAG-L02-ACPO01	mgmt0	Access Point	hu-deb-nag-b	TRUE	1000	UP	UP-L02-AP01	11	9	ok
HU-DEB-NAG-L01-ACCE31::15	1000base-t	UPLINK	HU-DEB-NAG-L01-DIST30	4	Switch Dist	hu-deb-nag-b	FALSE	1000	USW	USW-1G-L01-DI30_P4	18	2	ok
HU-DEB-NAG-L01-ACCE31::16	1000base-t	UPLINK	HU-DEB-NAG-L01-DIST30	3	Switch Dist	hu-deb-nag-b	FALSE	1000	USW	USW-1G-L01-DI30_P3	18	2	ok
HU-DEB-NAG-L01-ACCE31::3	1000base-t	L01-ACPO08	HU-DEB-NAG-L01-ACPO08	mgmt0	Access Point	hu-deb-nag-b	TRUE	1000	UP	UP-L01-AP08	11	9	ok
HU-DEB-NAG-L01-ACCE31::8	1000base-t	L01-ACPO10	HU-DEB-NAG-L01-ACPO10	mgmt0	Access Point	hu-deb-nag-b	TRUE	1000	UP	UP-L01-AP10	11	9	ok
HU-DEB-NAG-L01-ACCE31::9	1000base-t	L01-ACPO11	HU-DEB-NAG-L01-ACPO11	mgmt0	Access Point	hu-deb-nag-b	TRUE	1000	UP	UP-L01-AP11	11	9	ok
HU-DEB-NAG-L01-ACCE32::23	1000base-t	L01-DIST01_p2	HU-DEB-NAG-L01-DIST30	2	Switch Dist	hu-deb-nag-b	FALSE	1000	USW	USW-1G-L01-DI30_P2	18	2	ok
HU-DEB-NAG-L01-ACCE32::24	1000base-t	L01-DIST01_p1	HU-DEB-NAG-L01-DIST30	1	Switch Dist	hu-deb-nag-b	FALSE	1000	USW	USW-1G-L01-DI30_P1	18	2	ok
HU-DEB-NAG-L01-ACCE33::1	1000base-t		HU-DEB-NAG-L01-ACPO16	mgmt0	Access Point	hu-deb-nag-b	TRUE	1000	UP	UP-L01-AP16	11	9	ok
HU-DEB-NAG-L01-ACCE33::24	1000base-t	UPLINK	HU-DEB-NAG-L01-DIST30	6	Switch Dist	hu-deb-nag-b	FALSE	1000	USW	USW-1G-L01-DI30_P6	18	2	ok
HU-DEB-NAG-L01-DIST30::1	1000base-t	L01-ACCE32_24	HU-DEB-NAG-L01-ACCE32	24	Switch Access	hu-deb-nag-b	FALSE	1000	USW	USW-1G-AC32_P24	15	5	ok
HU-DEB-NAG-L01-DIST30::2	1000base-t	L01-ACCE32_23	HU-DEB-NAG-L01-ACCE32	23	Switch Access	hu-deb-nag-b	FALSE	1000	USW	USW-1G-AC32_P23	15	5	ok
HU-DEB-NAG-L01-DIST30::25	1000base-x-sfp	L01-ACCE32_p30	HU-DEB-NAG-GFL-ACCE32	30	Switch Access	hu-deb-nag-b	FALSE	1000	USW	USW-1G-AC32_P30	15	5	ok
HU-DEB-NAG-L01-DIST30::26	1000base-x-sfp	L01-ACCE33_p30	HU-DEB-NAG-GFL-ACCE33	30	Switch Access	hu-deb-nag-b	FALSE	1000	USW	USW-1G-AC33_P30	15	5	ok
HU-DEB-NAG-L01-DIST30::27	10gbase-x-sfpp	L01-ACCE30_p29	HU-DEB-NAG-L01-ACCE30	29	Switch Access	hu-deb-nag-b	FALSE	10000	USW	USW-AC30_P29	12	8	ok
HU-DEB-NAG-L01-DIST30::28	10gbase-x-sfpp	L01-ACCE30_p30	HU-DEB-NAG-L01-ACCE30	30	Switch Access	hu-deb-nag-b	FALSE	10000	USW	USW-AC30_P30	12	8	ok
HU-DEB-NAG-L01-DIST30::29	10gbase-x-sfpp	CORE04_p4	HU-DEB-NAG-CORE04	4	Switch Core	hu-deb-nag-b	FALSE	10000	USW	USW-NAG-CO04_P4	15	5	ok
HU-DEB-NAG-L01-DIST30::3	1000base-t	L01-ACCE31_p16	HU-DEB-NAG-L01-ACCE31	16	Switch Access	hu-deb-nag-b	FALSE	1000	USW	USW-1G-AC31_P16	15	5	ok
HU-DEB-NAG-L01-DIST30::30	10gbase-x-sfpp	CORE03_p4	HU-DEB-NAG-CORE03	4	Switch Core	hu-deb-nag-b	FALSE	10000	USW	USW-NAG-CO03_P4	15	5	ok
HU-DEB-NAG-L01-DIST30::4	1000base-t	L01-ACCE31_p15	HU-DEB-NAG-L01-ACCE31	15	Switch Access	hu-deb-nag-b	FALSE	1000	USW	USW-1G-AC31_P15	15	5	ok
HU-DEB-NAG-L01-DIST30::6	1000base-t	L01-ACCE33_p24	HU-DEB-NAG-L01-ACCE33	24	Switch Access	hu-deb-nag-b	FALSE	1000	USW	USW-1G-AC33_P24	15	5	ok
HU-DEB-NAG-MGMT03-1::1:13	1000base-t	ESX12_ILO	hu-deb-p-esx12.sensirion.lokal	iDRAC 9 (NIC.1)	Server	hu-deb-nag-b	TRUE	1000	MON	MON-P-ES12	10	10	ok
HU-DEB-NAG-MGMT03-1::1:14	1000base-t	ESX14_ILO	hu-deb-p-esx14.sensirion.lokal	iDRAC	Server	hu-deb-nag-b	TRUE	1000	MON	MON-ES14_IDRAC	14	6	ok
HU-DEB-NAG-MGMT03-1::1:16	1000base-t	ESX12_ct0_eth0	hu-deb-p-esx12.sensirion.lokal	vmnic0	Server	hu-deb-nag-b	FALSE	1000	US	US-1G-ES12_VMNIC0	17	3	ok
HU-DEB-NAG-MGMT03-1::1:17	1000base-t	ESX14_ct0_eth0	hu-deb-p-esx14.sensirion.lokal	vmnic0	Server	hu-deb-nag-b	FALSE	1000	US	US-1G-ES14_VMNIC0	17	3	ok
HU-DEB-NAG-MGMT03-1::1:21	1000base-t	SNAS01_p1	HU-DEB-P-SNAS01	LAN1	Storage	hu-deb-nag-b	TRUE	1000	MON	MON-P-NS01_LAN1	15	5	ok
HU-DEB-NAG-MGMT03-1::1:22	1000base-t	SNAS01_p2	HU-DEB-P-SNAS01	LAN2	Storage	hu-deb-nag-b	TRUE	1000	MON	MON-P-NS01_LAN2	15	5	ok
HU-DEB-NAG-MGMT03-1::1:30	10gbase-x-sfpp	CORE03_p30	HU-DEB-NAG-CORE03	1	Switch Core	hu-deb-nag-b	FALSE	10000	USW	USW-NAG-CO03_P1	15	5	ok
HU-DEB-NAG-MGMT03-1::1:31	extreme-summitstack		HU-DEB-NAG-MGMT03-2	02:32	Switch Mgmt	hu-deb-nag-b	FALSE		USW	USW-NAG-MG03-2	14	6	ok
HU-DEB-NAG-MGMT03-1::1:32	extreme-summitstack		HU-DEB-NAG-MGMT03-2	02:31	Switch Mgmt	hu-deb-nag-b	FALSE		USW	USW-NAG-MG03-2	14	6	ok
HU-DEB-NAG-MGMT03-1::1:5	1000base-t	FWGW02_WAN1	HU-DEB-FWGW02	wan1	Firewall	hu-deb-nag-b	FALSE	1000	USW	USW-1G-FW02_WAN1	16	4	ok
HU-DEB-NAG-MGMT03-1::1:6	1000base-t	FWGW02_WAN2	HU-DEB-FWGW02	wan2	Firewall	hu-deb-nag-b	FALSE	1000	USW	USW-1G-FW02_WAN2	16	4	ok
HU-DEB-NAG-MGMT03-1::1:7	1000base-t	FWGW02_MGMT1	HU-DEB-FWGW02	mgmt	Firewall	hu-deb-nag-b	TRUE	1000	USW	USW-1G-FW02_MGMT	16	4	ok
HU-DEB-NAG-MGMT03-1::1:8	1000base-t	FWGW02_HA1	HU-DEB-FWGW02	ha1	Firewall	hu-deb-nag-b	FALSE	1000	USW	USW-1G-FW02_HA1	15	5	ok
HU-DEB-NAG-MGMT03-2::2:16	1000base-t	ESX12_ct0_eth1	hu-deb-p-esx12.sensirion.lokal	vmnic1	Server	hu-deb-nag-b	FALSE	1000	US	US-1G-ES12_VMNIC1	17	3	ok
HU-DEB-NAG-MGMT03-2::2:17	1000base-t	ESX14_ct0_eth1	hu-deb-p-esx14.sensirion.lokal	vmnic1	Server	hu-deb-nag-b	FALSE	1000	US	US-1G-ES14_VMNIC1	17	3	ok
HU-DEB-NAG-MGMT03-2::2:21	1000base-t	SNAS01_p3	HU-DEB-P-SNAS01	LAN3	Storage	hu-deb-nag-b	TRUE	1000	MON	MON-P-NS01_LAN3	15	5	ok
HU-DEB-NAG-MGMT03-2::2:22	1000base-t	SNAS01_p4	HU-DEB-P-SNAS01	LAN4	Storage	hu-deb-nag-b	TRUE	1000	MON	MON-P-NS01_LAN4	15	5	ok
HU-DEB-NAG-MGMT03-2::2:30	10gbase-x-sfpp	CORE04_p30	HU-DEB-NAG-CORE04	1	Switch Core	hu-deb-nag-b	FALSE	10000	USW	USW-NAG-CO04_P1	15	5	ok
HU-DEB-NAG-MGMT03-2::2:31	extreme-summitstack		HU-DEB-NAG-MGMT03-1	01:32	Switch Mgmt	hu-deb-nag-b	FALSE		USW	USW-NAG-MG03-1	14	6	ok
HU-DEB-NAG-MGMT03-2::2:32	extreme-summitstack		HU-DEB-NAG-MGMT03-1	01:31	Switch Mgmt	hu-deb-nag-b	FALSE		USW	USW-NAG-MG03-1	14	6	ok
HU-DEB-NAG-MGMT03-2::2:8	1000base-t	FWGW02_HA2	HU-DEB-FWGW02	ha2	Firewall	hu-deb-nag-b	FALSE	1000	USW	USW-1G-FW02_HA2	15	5	ok
CN-SZX-ECP-L17-ACCE01::11	1000base-x-sfp	CORE01_p48	CN-SZX-ECP-L17-CORE01-1	01:48	Switch Core	cn-szx-ecp	FALSE	1000	USW	USW-1G-L17-CO01-1	17	3	ok
CN-SZX-ECP-L17-ACCE01::12	1000base-x-sfp	CORE02_p48	CN-SZX-ECP-L17-CORE01-2	02:48	Switch Core	cn-szx-ecp	FALSE	1000	USW	USW-1G-L17-CO01-2	17	3	ok
CN-SZX-ECP-L17-ACCE01::2	1000base-t	L17_ACPO2	CN-SZX-ECP-L17-ACPO02	mgmt0	Access Point	cn-szx-ecp	TRUE	1000	UP	UP-L17-AP02	11	9	ok
CN-SZX-ECP-L17-ACCE01::3	1000base-t	L17_ACPO1	CN-SZX-ECP-L17-ACPO01	mgmt0	Access Point	cn-szx-ecp	TRUE	1000	UP	UP-L17-AP01	11	9	ok
CN-SZX-ECP-L17-CORE01-1::1:48	1000base-x-sfp	ACCE01_p11	CN-SZX-ECP-L17-ACCE01	11	Switch Access	cn-szx-ecp	FALSE	1000	USW	USW-1G-AC01_P11	15	5	ok
CN-SZX-ECP-L17-CORE01-1::1:49	extreme-summitstack	CORE02_p50	CN-SZX-ECP-L17-CORE01-2	02:50	Switch Core	cn-szx-ecp	FALSE		USW	USW-L17-CO01-2	14	6	ok
CN-SZX-ECP-L17-CORE01-1::1:50	extreme-summitstack	CORE02_p49	CN-SZX-ECP-L17-CORE01-2	02:49	Switch Core	cn-szx-ecp	FALSE		USW	USW-L17-CO01-2	14	6	ok
CN-SZX-ECP-L17-CORE01-2::2:48	1000base-x-sfp	ACCE01_p12	CN-SZX-ECP-L17-ACCE01	12	Switch Access	cn-szx-ecp	FALSE	1000	USW	USW-1G-AC01_P12	15	5	ok
CN-SZX-ECP-L17-CORE01-2::2:49	extreme-summitstack	CORE01_p50	CN-SZX-ECP-L17-CORE01-1	01:50	Switch Core	cn-szx-ecp	FALSE		USW	USW-L17-CO01-1	14	6	ok
CN-SZX-ECP-L17-CORE01-2::2:50	extreme-summitstack	CORE01_p49	CN-SZX-ECP-L17-CORE01-1	01:49	Switch Core	cn-szx-ecp	FALSE		USW	USW-L17-CO01-1	14	6	ok
JP-YOK-CHO-L06-ACCE01::1	1000base-t	ACPO01	JP-YOK-CHO-L06-ACPO01	mgmt0	Access Point	jp-yok-cho	TRUE	1000	UP	UP-L06-AP01	11	9	ok
JP-YOK-CHO-L06-ACCE01::2	1000base-t	ACPO02	JP-YOK-CHO-L06-ACPO02	mgmt0	Access Point	jp-yok-cho	TRUE	1000	UP	UP-L06-AP02	11	9	ok
JP-YOK-CHO-L06-ACCE01::3	1000base-t	ACPO03	JP-YOK-CHO-L06-ACPO03	mgmt0	Access Point	jp-yok-cho	TRUE	1000	UP	UP-L06-AP03	11	9	ok
JP-YOK-CHO-L06-ACCE01::7	1000base-t		JP-YOK-CHO-L06-CORE-1	01:48	Switch Core	jp-yok-cho	FALSE	1000	USW	USW-1G-CO-1_P1.48	17	3	ok
JP-YOK-CHO-L06-CORE-1::1:48	1000base-t	L06-ACCE01_p11	JP-YOK-CHO-L06-ACCE01	7	Switch Access	jp-yok-cho	FALSE	1000	USW	USW-1G-L06-AC01_P7	18	2	ok
JP-YOK-CHO-L06-CORE-1::1:49	extreme-summitstack	CORE02_p49	JP-YOK-CHO-L06-CORE-2	02:50	Switch Core	jp-yok-cho	FALSE		USW	USW-CO-2_P2.50	14	6	ok
JP-YOK-CHO-L06-CORE-1::1:50	extreme-summitstack	CORE02_p50	JP-YOK-CHO-L06-CORE-2	02:49	Switch Core	jp-yok-cho	FALSE		USW	USW-CO-2_P2.49	14	6	ok
JP-YOK-CHO-L06-CORE-2::2:49	extreme-summitstack	CORE01_p49	JP-YOK-CHO-L06-CORE-1	01:50	Switch Core	jp-yok-cho	FALSE		USW	USW-CO-1_P1.50	14	6	ok
JP-YOK-CHO-L06-CORE-2::2:50	extreme-summitstack	CORE01_p50	JP-YOK-CHO-L06-CORE-1	01:49	Switch Core	jp-yok-cho	FALSE		USW	USW-CO-1_P1.49	14	6	ok
KR-AYN-KEU-L18-ACCE01::1	1000base-t	L18-ACPO01	KR-AYN-KEU-L18-ACPO01	mgmt0	Access Point	kr-ayn-keu	TRUE	1000	UP	UP-L18-AP01	11	9	ok
KR-AYN-KEU-L18-ACCE01::11	1000base-x-sfp	L18-CORE01_p30	KR-AYN-KEU-L18-CORE01-1	01:30	Switch Core	kr-ayn-keu	FALSE	1000	USW	USW-1G-L18-CO01-1	17	3	ok
KR-AYN-KEU-L18-ACCE01::12	1000base-x-sfp	L18-CORE02_p30	KR-AYN-KEU-L18-CORE01-2	02:30	Switch Core	kr-ayn-keu	FALSE	1000	USW	USW-1G-L18-CO01-2	17	3	ok
KR-AYN-KEU-L18-ACCE01::2	1000base-t	L18-ACPO02	KR-AYN-KEU-L18-ACPO02	mgmt0	Access Point	kr-ayn-keu	TRUE	1000	UP	UP-L18-AP02	11	9	ok
KR-AYN-KEU-L18-CORE01-1::1:30	1000base-x-sfp	L18-ACCE01_p11	KR-AYN-KEU-L18-ACCE01	11	Switch Access	kr-ayn-keu	FALSE	1000	USW	USW-1G-AC01_P11	15	5	ok
KR-AYN-KEU-L18-CORE01-1::1:31	extreme-summitstack	CORE02_p32	KR-AYN-KEU-L18-CORE01-2	02:32	Switch Core	kr-ayn-keu	FALSE		USW	USW-L18-CO01-2	14	6	ok
KR-AYN-KEU-L18-CORE01-1::1:32	extreme-summitstack	CORE02_p31	KR-AYN-KEU-L18-CORE01-2	02:31	Switch Core	kr-ayn-keu	FALSE		USW	USW-L18-CO01-2	14	6	ok
KR-AYN-KEU-L18-CORE01-2::2:30	1000base-x-sfp	L18-ACCE01_p12	KR-AYN-KEU-L18-ACCE01	12	Switch Access	kr-ayn-keu	FALSE	1000	USW	USW-1G-AC01_P12	15	5	ok
KR-AYN-KEU-L18-CORE01-2::2:31	extreme-summitstack	CORE01_p32	KR-AYN-KEU-L18-CORE01-1	01:32	Switch Core	kr-ayn-keu	FALSE		USW	USW-L18-CO01-1	14	6	ok
KR-AYN-KEU-L18-CORE01-2::2:32	extreme-summitstack	CORE01_p31	KR-AYN-KEU-L18-CORE01-1	01:31	Switch Core	kr-ayn-keu	FALSE		USW	USW-L18-CO01-1	14	6	ok
KR-SEL-HAN-L14-ACCE01::23	1000base-t	UPLINK	KR-SEL-HAN-L14-DIST01	3	Switch Dist	kr-sel-han	FALSE	1000	USW	USW-1G-L14-DI01_P3	18	2	ok
KR-SEL-HAN-L14-ACCE01::24	1000base-t	UPLINK	KR-SEL-HAN-L14-DIST02	3	Switch Dist	kr-sel-han	FALSE	1000	USW	USW-1G-L14-DI02_P3	18	2	ok
KR-SEL-HAN-L14-ACCE02::19	1000base-t	L14-ACPO01	KR-SEL-HAN-L14-ACPO01	mgmt0	Access Point	kr-sel-han	TRUE	1000	UP	UP-L14-AP01	11	9	ok
KR-SEL-HAN-L14-ACCE02::23	1000base-t	UPLINK	KR-SEL-HAN-L14-DIST01	4	Switch Dist	kr-sel-han	FALSE	1000	USW	USW-1G-L14-DI01_P4	18	2	ok
KR-SEL-HAN-L14-ACCE02::24	1000base-t	UPLINK	KR-SEL-HAN-L14-DIST02	4	Switch Dist	kr-sel-han	FALSE	1000	USW	USW-1G-L14-DI02_P4	18	2	ok
KR-SEL-HAN-L14-ACCE03::21	1000base-t	L14-ACPO04	KR-SEL-HAN-L14-ACPO04	mgmt0	Access Point	kr-sel-han	TRUE	1000	UP	UP-L14-AP04	11	9	ok
KR-SEL-HAN-L14-ACCE03::22	1000base-t	L14-ACPO05	KR-SEL-HAN-L14-ACPO05	mgmt0	Access Point	kr-sel-han	TRUE	1000	UP	UP-L14-AP05	11	9	ok
KR-SEL-HAN-L14-ACCE03::23	1000base-t	UPLINK	KR-SEL-HAN-L14-DIST01	5	Switch Dist	kr-sel-han	FALSE	1000	USW	USW-1G-L14-DI01_P5	18	2	ok
KR-SEL-HAN-L14-ACCE03::24	1000base-t	UPLINK	KR-SEL-HAN-L14-DIST02	5	Switch Dist	kr-sel-han	FALSE	1000	USW	USW-1G-L14-DI02_P5	18	2	ok
KR-SEL-HAN-L14-ACCE04::23	1000base-t	UPLINK	KR-SEL-HAN-L14-DIST01	6	Switch Dist	kr-sel-han	FALSE	1000	USW	USW-1G-L14-DI01_P6	18	2	ok
KR-SEL-HAN-L14-ACCE04::24	1000base-t	UPLINK	KR-SEL-HAN-L14-DIST02	6	Switch Dist	kr-sel-han	FALSE	1000	USW	USW-1G-L14-DI02_P6	18	2	ok
KR-SEL-HAN-L14-ACCE05::16	1000base-t	L14-ACPO08	KR-SEL-HAN-L14-ACPO08	mgmt0	Access Point	kr-sel-han	TRUE	1000	UP	UP-L14-AP08	11	9	ok
KR-SEL-HAN-L14-ACCE05::17	1000base-t	L14-ACPO06	KR-SEL-HAN-L14-ACPO06	mgmt0	Access Point	kr-sel-han	TRUE	1000	UP	UP-L14-AP06	11	9	ok
KR-SEL-HAN-L14-ACCE05::19	1000base-t	L14-ACPO07	KR-SEL-HAN-L14-ACPO07	mgmt0	Access Point	kr-sel-han	TRUE	1000	UP	UP-L14-AP07	11	9	ok
KR-SEL-HAN-L14-ACCE05::21	1000base-t	L14-ACPO03	KR-SEL-HAN-L14-ACPO03	mgmt0	Access Point	kr-sel-han	TRUE	1000	UP	UP-L14-AP03	11	9	ok
KR-SEL-HAN-L14-ACCE05::23	1000base-t	UPLINK	KR-SEL-HAN-L14-DIST01	7	Switch Dist	kr-sel-han	FALSE	1000	USW	USW-1G-L14-DI01_P7	18	2	ok
KR-SEL-HAN-L14-ACCE05::24	1000base-t	UPLINK	KR-SEL-HAN-L14-DIST02	7	Switch Dist	kr-sel-han	FALSE	1000	USW	USW-1G-L14-DI02_P7	18	2	ok
KR-SEL-HAN-L14-ACCE06::23	1000base-t	UPLINK	KR-SEL-HAN-L14-DIST01	8	Switch Dist	kr-sel-han	FALSE	1000	USW	USW-1G-L14-DI01_P8	18	2	ok
KR-SEL-HAN-L14-ACCE06::24	1000base-t	UPLINK	KR-SEL-HAN-L14-DIST02	8	Switch Dist	kr-sel-han	FALSE	1000	USW	USW-1G-L14-DI02_P8	18	2	ok
KR-SEL-HAN-L14-ACCE07::22	1000base-t	L14-ACPO02	KR-SEL-HAN-L14-ACPO02	mgmt0	Access Point	kr-sel-han	TRUE	1000	UP	UP-L14-AP02	11	9	ok
KR-SEL-HAN-L14-ACCE07::23	1000base-t	UPLINK	KR-SEL-HAN-L14-DIST01	9	Switch Dist	kr-sel-han	FALSE	1000	USW	USW-1G-L14-DI01_P9	18	2	ok
KR-SEL-HAN-L14-ACCE07::24	1000base-t	UPLINK	KR-SEL-HAN-L14-DIST02	9	Switch Dist	kr-sel-han	FALSE	1000	USW	USW-1G-L14-DI02_P9	18	2	ok
KR-SEL-HAN-L14-ACCE08::23	1000base-t	L14-DIST01_p15	KR-SEL-HAN-L14-DIST01	15	Switch Dist	kr-sel-han	FALSE	1000	USW	USW-1G-DI01_P15	15	5	ok
KR-SEL-HAN-L14-ACCE08::24	1000base-t	L14-DIST02_p15	KR-SEL-HAN-L14-DIST02	15	Switch Dist	kr-sel-han	FALSE	1000	USW	USW-1G-DI02_P15	15	5	ok
KR-SEL-HAN-L14-CORE01::1	10gbase-x-sfpp	MLAG_DIST01_p27	KR-SEL-HAN-L14-DIST01	27	Switch Dist	kr-sel-han	FALSE	10000	USW	USW-DI01_P27	12	8	ok
KR-SEL-HAN-L14-CORE01::10	10gbase-x-sfpp	p-stod01_ct2_p1	KR-SEL-P-SNAS02	LAN5	Storage	kr-sel-han	FALSE	10000	US	US-P-NS02_LAN5	14	6	ok
KR-SEL-HAN-L14-CORE01::11	10gbase-x-sfpp	san11_ct0_eth4	kr-sel-san11	ct0.eth4	Storage	kr-sel-han	FALSE	10000	US	US-SN11_CT0ETH4	15	5	ok
KR-SEL-HAN-L14-CORE01::12	10gbase-x-sfpp	san11_ct0_eth5	kr-sel-san11	ct0.eth5	Storage	kr-sel-han	FALSE	10000	US	US-SN11_CT0ETH5	15	5	ok
KR-SEL-HAN-L14-CORE01::13	10gbase-x-sfpp	ISC	KR-SEL-HAN-L14-CORE02	13	Switch Core	kr-sel-han	FALSE	10000	USW	USW-CO02_P13	12	8	ok
KR-SEL-HAN-L14-CORE01::14	10gbase-x-sfpp	ISC	KR-SEL-HAN-L14-CORE02	14	Switch Core	kr-sel-han	FALSE	10000	USW	USW-CO02_P14	12	8	ok
KR-SEL-HAN-L14-CORE01::15	10gbase-x-sfpp	FWGW01_lag.0.1_x	KR-SEL-HAN-L14-FWGW01	x1	Firewall	kr-sel-han	FALSE	10000	USW	USW-L14-FW01_X1	15	5	ok
KR-SEL-HAN-L14-CORE01::16	10gbase-x-sfpp	FWGW02_lag.0.1_x	KR-SEL-HAN-L14-FWGW02	x1	Firewall	kr-sel-han	FALSE	10000	USW	USW-L14-FW02_X1	15	5	ok
KR-SEL-HAN-L14-CORE01::2	10gbase-x-sfpp	MLAG_DIST02_p27	KR-SEL-HAN-L14-DIST02	27	Switch Dist	kr-sel-han	FALSE	10000	USW	USW-DI02_P27	12	8	ok
KR-SEL-HAN-L14-CORE01::3	10gbase-x-sfpp	esx11_eth0	kr-sel-p-esx11.sensirion.lokal	vmnic2	Server	kr-sel-han	FALSE	10000	US	US-ES11_VMNIC2	14	6	ok
KR-SEL-HAN-L14-CORE01::4	10gbase-x-sfpp	esx12_eth0	kr-sel-p-esx12.sensirion.lokal	vmnic2	Server	kr-sel-han	FALSE	10000	US	US-ES12_VMNIC2	14	6	ok
KR-SEL-HAN-L14-CORE01::5	10gbase-x-sfpp	esx13_eth0	kr-sel-p-esx13.sensirion.lokal	vmnic2	Server	kr-sel-han	FALSE	10000	US	US-ES13_VMNIC2	14	6	ok
KR-SEL-HAN-L14-CORE01::7	10gbase-x-sfpp	esx11_eth2	kr-sel-p-esx11.sensirion.lokal	vmnic4	Server	kr-sel-han	FALSE	10000	US	US-ES11_VMNIC4	14	6	ok
KR-SEL-HAN-L14-CORE01::8	10gbase-x-sfpp	esx12_eth2	kr-sel-p-esx12.sensirion.lokal	vmnic4	Server	kr-sel-han	FALSE	10000	US	US-ES12_VMNIC4	14	6	ok
KR-SEL-HAN-L14-CORE01::9	10gbase-x-sfpp	esx13_eth2	kr-sel-p-esx13.sensirion.lokal	vmnic4	Server	kr-sel-han	FALSE	10000	US	US-ES13_VMNIC4	14	6	ok
KR-SEL-HAN-L14-CORE02::1	10gbase-x-sfpp	MLAG_DIST01_p28	KR-SEL-HAN-L14-DIST01	28	Switch Dist	kr-sel-han	FALSE	10000	USW	USW-DI01_P28	12	8	ok
KR-SEL-HAN-L14-CORE02::10	10gbase-x-sfpp	p-stod01_ct2_p2	KR-SEL-P-SNAS02	LAN6	Storage	kr-sel-han	FALSE	10000	US	US-P-NS02_LAN6	14	6	ok
KR-SEL-HAN-L14-CORE02::11	10gbase-x-sfpp	san11_ct1_eth4	kr-sel-san11	ct1.eth4	Storage	kr-sel-han	FALSE	10000	US	US-SN11_CT1ETH4	15	5	ok
KR-SEL-HAN-L14-CORE02::12	10gbase-x-sfpp	san11_ct1_eth5	kr-sel-san11	ct1.eth5	Storage	kr-sel-han	FALSE	10000	US	US-SN11_CT1ETH5	15	5	ok
KR-SEL-HAN-L14-CORE02::13	10gbase-x-sfpp	ISC	KR-SEL-HAN-L14-CORE01	13	Switch Core	kr-sel-han	FALSE	10000	USW	USW-CO01_P13	12	8	ok
KR-SEL-HAN-L14-CORE02::14	10gbase-x-sfpp	ISC	KR-SEL-HAN-L14-CORE01	14	Switch Core	kr-sel-han	FALSE	10000	USW	USW-CO01_P14	12	8	ok
KR-SEL-HAN-L14-CORE02::15	10gbase-x-sfpp	FWGW01_lag.0.1_x	KR-SEL-HAN-L14-FWGW01	x2	Firewall	kr-sel-han	FALSE	10000	USW	USW-L14-FW01_X2	15	5	ok
KR-SEL-HAN-L14-CORE02::16	10gbase-x-sfpp	FWGW02_lag.0.1_x	KR-SEL-HAN-L14-FWGW02	x2	Firewall	kr-sel-han	FALSE	10000	USW	USW-L14-FW02_X2	15	5	ok
KR-SEL-HAN-L14-CORE02::2	10gbase-x-sfpp	MLAG_DIST02_p28	KR-SEL-HAN-L14-DIST02	28	Switch Dist	kr-sel-han	FALSE	10000	USW	USW-DI02_P28	12	8	ok
KR-SEL-HAN-L14-CORE02::3	10gbase-x-sfpp	esx11_eth1	kr-sel-p-esx11.sensirion.lokal	vmnic3	Server	kr-sel-han	FALSE	10000	US	US-ES11_VMNIC3	14	6	ok
KR-SEL-HAN-L14-CORE02::4	10gbase-x-sfpp	esx12_eth1	kr-sel-p-esx12.sensirion.lokal	vmnic3	Server	kr-sel-han	FALSE	10000	US	US-ES12_VMNIC3	14	6	ok
KR-SEL-HAN-L14-CORE02::5	10gbase-x-sfpp	esx13_eth1	kr-sel-p-esx13.sensirion.lokal	vmnic3	Server	kr-sel-han	FALSE	10000	US	US-ES13_VMNIC3	14	6	ok
KR-SEL-HAN-L14-CORE02::7	10gbase-x-sfpp	esx11_eth3	kr-sel-p-esx11.sensirion.lokal	vmnic5	Server	kr-sel-han	FALSE	10000	US	US-ES11_VMNIC5	14	6	ok
KR-SEL-HAN-L14-CORE02::8	10gbase-x-sfpp	esx12_eth3	kr-sel-p-esx12.sensirion.lokal	vmnic5	Server	kr-sel-han	FALSE	10000	US	US-ES12_VMNIC5	14	6	ok
KR-SEL-HAN-L14-CORE02::9	10gbase-x-sfpp	esx13_eth3	kr-sel-p-esx13.sensirion.lokal	vmnic5	Server	kr-sel-han	FALSE	10000	US	US-ES13_VMNIC5	14	6	ok
KR-SEL-HAN-L14-DIST01::10	1000base-t	esx11_ILO	kr-sel-p-esx11.sensirion.lokal	iDRAC 9 (NIC.1)	Server	kr-sel-han	TRUE	1000	MON	MON-P-ES11	10	10	ok
KR-SEL-HAN-L14-DIST01::11	1000base-t	SCCM-Staging	kr-sel-p-esx13.sensirion.lokal	iDRAC 9 (NIC.1)	Server	kr-sel-han	TRUE	1000	MON	MON-P-ES13	10	10	ok
KR-SEL-HAN-L14-DIST01::12	1000base-t	esx11_CT0_eth0	kr-sel-p-esx11.sensirion.lokal	vmnic1	Server	kr-sel-han	FALSE	1000	US	US-1G-ES11_VMNIC1	17	3	ok
KR-SEL-HAN-L14-DIST01::13	1000base-t	esx12_CT0_eth0	kr-sel-p-esx12.sensirion.lokal	vmnic1	Server	kr-sel-han	FALSE	1000	US	US-1G-ES12_VMNIC1	17	3	ok
KR-SEL-HAN-L14-DIST01::14	1000base-t	esx13_CT0_eth0	kr-sel-p-esx13.sensirion.lokal	vmnic1	Server	kr-sel-han	FALSE	1000	US	US-1G-ES13_VMNIC1	17	3	ok
KR-SEL-HAN-L14-DIST01::15	1000base-t	MLAG_ACCE08_p23	KR-SEL-HAN-L14-ACCE08	23	Switch Access	kr-sel-han	FALSE	1000	USW	USW-1G-AC08_P23	15	5	ok
KR-SEL-HAN-L14-DIST01::17	1000base-t	KR-SEL-P-SNAS02_	KR-SEL-P-SNAS02	LAN3	Storage	kr-sel-han	TRUE	1000	MON	MON-P-NS02_LAN3	15	5	ok
KR-SEL-HAN-L14-DIST01::18	1000base-t	san11_CT0_eth0	kr-sel-san11	ct0.eth0	Storage	kr-sel-han	TRUE	1000	MON	MON-SN11_CT0	12	8	ok
KR-SEL-HAN-L14-DIST01::2	1000base-t	FWGW01_p10	KR-SEL-HAN-L14-FWGW01	port10	Firewall	kr-sel-han	FALSE	1000	USW	USW-1G-FW01_P10	15	5	ok
KR-SEL-HAN-L14-DIST01::20	1000base-t	KR-SEL-P-SNAS02_	KR-SEL-P-SNAS02	LAN1	Storage	kr-sel-han	TRUE	1000	MON	MON-P-NS02_LAN1	15	5	ok
KR-SEL-HAN-L14-DIST01::21	1000base-t	fortigate_mgmt	KR-SEL-HAN-L14-FWGW01	mgmt	Firewall	kr-sel-han	TRUE	1000	USW	USW-1G-FW01_MGMT	16	4	ok
KR-SEL-HAN-L14-DIST01::23	1000base-t	FWGW01_p11	KR-SEL-HAN-L14-FWGW01	port11	Firewall	kr-sel-han	FALSE	1000	USW	USW-1G-FW01_P11	15	5	ok
KR-SEL-HAN-L14-DIST01::25	10gbase-x-sfpp	ISC	KR-SEL-HAN-L14-DIST02	25	Switch Dist	kr-sel-han	FALSE	10000	USW	USW-DI02_P25	12	8	ok
KR-SEL-HAN-L14-DIST01::26	10gbase-x-sfpp	ISC	KR-SEL-HAN-L14-DIST02	26	Switch Dist	kr-sel-han	FALSE	10000	USW	USW-DI02_P26	12	8	ok
KR-SEL-HAN-L14-DIST01::27	10gbase-x-sfpp	UPLINK:CORE01_P1	KR-SEL-HAN-L14-CORE01	1	Switch Core	kr-sel-han	FALSE	10000	USW	USW-L14-CO01_P1	15	5	ok
KR-SEL-HAN-L14-DIST01::28	10gbase-x-sfpp	UPLINK:CORE02_P1	KR-SEL-HAN-L14-CORE02	1	Switch Core	kr-sel-han	FALSE	10000	USW	USW-L14-CO02_P1	15	5	ok
KR-SEL-HAN-L14-DIST01::3	1000base-t	MLAG_ACCE01_p23	KR-SEL-HAN-L14-ACCE01	23	Switch Access	kr-sel-han	FALSE	1000	USW	USW-1G-AC01_P23	15	5	ok
KR-SEL-HAN-L14-DIST01::4	1000base-t	MLAG_ACCE02_p23	KR-SEL-HAN-L14-ACCE02	23	Switch Access	kr-sel-han	FALSE	1000	USW	USW-1G-AC02_P23	15	5	ok
KR-SEL-HAN-L14-DIST01::5	1000base-t	MLAG_ACCE03_p23	KR-SEL-HAN-L14-ACCE03	23	Switch Access	kr-sel-han	FALSE	1000	USW	USW-1G-AC03_P23	15	5	ok
KR-SEL-HAN-L14-DIST01::6	1000base-t	MLAG_ACCE04_p23	KR-SEL-HAN-L14-ACCE04	23	Switch Access	kr-sel-han	FALSE	1000	USW	USW-1G-AC04_P23	15	5	ok
KR-SEL-HAN-L14-DIST01::7	1000base-t	MLAG_ACCE05_p23	KR-SEL-HAN-L14-ACCE05	23	Switch Access	kr-sel-han	FALSE	1000	USW	USW-1G-AC05_P23	15	5	ok
KR-SEL-HAN-L14-DIST01::8	1000base-t	MLAG_ACCE06_p23	KR-SEL-HAN-L14-ACCE06	23	Switch Access	kr-sel-han	FALSE	1000	USW	USW-1G-AC06_P23	15	5	ok
KR-SEL-HAN-L14-DIST01::9	1000base-t	MLAG_ACCE07_p23	KR-SEL-HAN-L14-ACCE07	23	Switch Access	kr-sel-han	FALSE	1000	USW	USW-1G-AC07_P23	15	5	ok
KR-SEL-HAN-L14-DIST02::10	1000base-t	esx12_ILO	kr-sel-p-esx12.sensirion.lokal	iDRAC 9 (NIC.1)	Server	kr-sel-han	TRUE	1000	MON	MON-P-ES12	10	10	ok
KR-SEL-HAN-L14-DIST02::12	1000base-t	esx11_CT0_eth1	kr-sel-p-esx11.sensirion.lokal	vmnic0	Server	kr-sel-han	FALSE	1000	US	US-1G-ES11_VMNIC0	17	3	ok
KR-SEL-HAN-L14-DIST02::13	1000base-t	esx12_CT0_eth1	kr-sel-p-esx12.sensirion.lokal	vmnic0	Server	kr-sel-han	FALSE	1000	US	US-1G-ES12_VMNIC0	17	3	ok
KR-SEL-HAN-L14-DIST02::14	1000base-t	esx13_CT0_eth1	kr-sel-p-esx13.sensirion.lokal	vmnic0	Server	kr-sel-han	FALSE	1000	US	US-1G-ES13_VMNIC0	17	3	ok
KR-SEL-HAN-L14-DIST02::15	1000base-t	MLAG_ACCE08_p24	KR-SEL-HAN-L14-ACCE08	24	Switch Access	kr-sel-han	FALSE	1000	USW	USW-1G-AC08_P24	15	5	ok
KR-SEL-HAN-L14-DIST02::17	1000base-t	KR-SEL-P-SNAS02_	KR-SEL-P-SNAS02	LAN4	Storage	kr-sel-han	TRUE	1000	MON	MON-P-NS02_LAN4	15	5	ok
KR-SEL-HAN-L14-DIST02::18	1000base-t	san11_ct1_eth0	kr-sel-san11	ct1.eth0	Storage	kr-sel-han	TRUE	1000	MON	MON-SN11_CT1	12	8	ok
KR-SEL-HAN-L14-DIST02::2	1000base-t	FWGW02_p10	KR-SEL-HAN-L14-FWGW02	port10	Firewall	kr-sel-han	FALSE	1000	USW	USW-1G-FW02_P10	15	5	ok
KR-SEL-HAN-L14-DIST02::20	1000base-t	KR-SEL-P-SNAS02_	KR-SEL-P-SNAS02	LAN2	Storage	kr-sel-han	TRUE	1000	MON	MON-P-NS02_LAN2	15	5	ok
KR-SEL-HAN-L14-DIST02::21	1000base-t	fortigate_mgmt	KR-SEL-HAN-L14-FWGW02	mgmt	Firewall	kr-sel-han	TRUE	1000	USW	USW-1G-FW02_MGMT	16	4	ok
KR-SEL-HAN-L14-DIST02::23	1000base-t	FWGW01_p11	KR-SEL-HAN-L14-FWGW02	port11	Firewall	kr-sel-han	FALSE	1000	USW	USW-1G-FW02_P11	15	5	ok
KR-SEL-HAN-L14-DIST02::25	10gbase-x-sfpp	ISC	KR-SEL-HAN-L14-DIST01	25	Switch Dist	kr-sel-han	FALSE	10000	USW	USW-DI01_P25	12	8	ok
KR-SEL-HAN-L14-DIST02::26	10gbase-x-sfpp	ISC	KR-SEL-HAN-L14-DIST01	26	Switch Dist	kr-sel-han	FALSE	10000	USW	USW-DI01_P26	12	8	ok
KR-SEL-HAN-L14-DIST02::27	10gbase-x-sfpp	UPLINK:CORE01_P2	KR-SEL-HAN-L14-CORE01	2	Switch Core	kr-sel-han	FALSE	10000	USW	USW-L14-CO01_P2	15	5	ok
KR-SEL-HAN-L14-DIST02::28	10gbase-x-sfpp	UPLINK:CORE02_P2	KR-SEL-HAN-L14-CORE02	2	Switch Core	kr-sel-han	FALSE	10000	USW	USW-L14-CO02_P2	15	5	ok
KR-SEL-HAN-L14-DIST02::3	1000base-t	MLAG_ACCE01_p24	KR-SEL-HAN-L14-ACCE01	24	Switch Access	kr-sel-han	FALSE	1000	USW	USW-1G-AC01_P24	15	5	ok
KR-SEL-HAN-L14-DIST02::4	1000base-t	MLAG_ACCE02_p24	KR-SEL-HAN-L14-ACCE02	24	Switch Access	kr-sel-han	FALSE	1000	USW	USW-1G-AC02_P24	15	5	ok
KR-SEL-HAN-L14-DIST02::5	1000base-t	MLAG_ACCE03_p24	KR-SEL-HAN-L14-ACCE03	24	Switch Access	kr-sel-han	FALSE	1000	USW	USW-1G-AC03_P24	15	5	ok
KR-SEL-HAN-L14-DIST02::6	1000base-t	MLAG_ACCE04_p24	KR-SEL-HAN-L14-ACCE04	24	Switch Access	kr-sel-han	FALSE	1000	USW	USW-1G-AC04_P24	15	5	ok
KR-SEL-HAN-L14-DIST02::7	1000base-t	MLAG_ACCE05_p24	KR-SEL-HAN-L14-ACCE05	24	Switch Access	kr-sel-han	FALSE	1000	USW	USW-1G-AC05_P24	15	5	ok
KR-SEL-HAN-L14-DIST02::8	1000base-t	MLAG_ACCE06_p24	KR-SEL-HAN-L14-ACCE06	24	Switch Access	kr-sel-han	FALSE	1000	USW	USW-1G-AC06_P24	15	5	ok
KR-SEL-HAN-L14-DIST02::9	1000base-t	MLAG_ACCE07_p24	KR-SEL-HAN-L14-ACCE07	24	Switch Access	kr-sel-han	FALSE	1000	USW	USW-1G-AC07_P24	15	5	ok
NL-ENS-NEP-GFL-ACCE01::1	1000base-t		NL-ENS-NEP-L02-ACPO02	mgmt0	Access Point	nl-ens-nep	TRUE	1000	UP	UP-L02-AP02	11	9	ok
NL-ENS-NEP-GFL-ACCE01::11	1000base-x-sfp	MLAG_CORE01_p21	NL-ENS-NEP-GFL-CORE01-1	01:21	Switch Core	nl-ens-nep	FALSE	1000	USW	USW-1G-GFL-CO01-1	17	3	ok
NL-ENS-NEP-GFL-ACCE01::12	1000base-x-sfp	MLAG_CORE02_p21	NL-ENS-NEP-GFL-CORE01-2	02:21	Switch Core	nl-ens-nep	FALSE	1000	USW	USW-1G-GFL-CO01-2	17	3	ok
NL-ENS-NEP-GFL-ACCE01::2	1000base-t		NL-ENS-NEP-L02-ACPO01	mgmt0	Access Point	nl-ens-nep	TRUE	1000	UP	UP-L02-AP01	11	9	ok
NL-ENS-NEP-GFL-ACCE01::4	1000base-t		NL-ENS-NEP-L01-ACPO01	mgmt0	Access Point	nl-ens-nep	TRUE	1000	UP	UP-L01-AP01	11	9	ok
NL-ENS-NEP-GFL-ACCE01::5	1000base-t		NL-ENS-NEP-L01-ACPO03	mgmt0	Access Point	nl-ens-nep	TRUE	1000	UP	UP-L01-AP03	11	9	ok
NL-ENS-NEP-GFL-ACCE01::6	1000base-t		NL-ENS-NEP-GFL-ACPO01	mgmt0	Access Point	nl-ens-nep	TRUE	1000	UP	UP-GFL-AP01	11	9	ok
NL-ENS-NEP-GFL-ACCE01::7	1000base-t		NL-ENS-NEP-GFL-ACPO02	mgmt0	Access Point	nl-ens-nep	TRUE	1000	UP	UP-GFL-AP02	11	9	ok
NL-ENS-NEP-GFL-ACCE02::29	1000base-x-sfp	UPLINK	NL-ENS-NEP-GFL-CORE01-1	01:22	Switch Core	nl-ens-nep	FALSE	1000	USW	USW-1G-GFL-CO01-1	17	3	ok
NL-ENS-NEP-GFL-ACCE02::30	1000base-x-sfp	UPLINK	NL-ENS-NEP-GFL-CORE01-2	02:22	Switch Core	nl-ens-nep	FALSE	1000	USW	USW-1G-GFL-CO01-2	17	3	ok
NL-ENS-NEP-GFL-CORE01-1::1:1	1000base-t	L01-ACCE01_p23	NL-ENS-NEP-L01-ACCE01	24	Switch Access	nl-ens-nep	FALSE	1000	USW	USW-1G-AC01_P24	15	5	ok
NL-ENS-NEP-GFL-CORE01-1::1:11	1000base-t	SNAS01	NL-ENS-P-SNAS01	LAN1	Storage	nl-ens-nep	FALSE	1000	US	US-1G-P-NS01_LAN1	17	3	ok
NL-ENS-NEP-GFL-CORE01-1::1:12	1000base-t	SNAS01	NL-ENS-P-SNAS01	LAN2	Storage	nl-ens-nep	FALSE	1000	US	US-1G-P-NS01_LAN2	17	3	ok
NL-ENS-NEP-GFL-CORE01-1::1:19	1000base-t	FWGW01_p11	NL-ENS-FWGW01	port11	Firewall	nl-ens-nep	FALSE	1000	USW	USW-1G-FW01_P11	15	5	ok
NL-ENS-NEP-GFL-CORE01-1::1:2	1000base-t	L02-ACCE01_p23	NL-ENS-NEP-L02-ACCE01	23	Switch Access	nl-ens-nep	FALSE	1000	USW	USW-1G-AC01_P23	15	5	ok
NL-ENS-NEP-GFL-CORE01-1::1:20	1000base-t	FWGW01_p12	NL-ENS-FWGW01	port12	Firewall	nl-ens-nep	FALSE	1000	USW	USW-1G-FW01_P12	15	5	ok
NL-ENS-NEP-GFL-CORE01-1::1:21	1000base-x-sfp	GFL-ACCE01_p11	NL-ENS-NEP-GFL-ACCE01	11	Switch Access	nl-ens-nep	FALSE	1000	USW	USW-1G-AC01_P11	15	5	ok
NL-ENS-NEP-GFL-CORE01-1::1:22	1000base-x-sfp	GFL-ACCE02_p23	NL-ENS-NEP-GFL-ACCE02	29	Switch Access	nl-ens-nep	FALSE	1000	USW	USW-1G-AC02_P29	15	5	ok
NL-ENS-NEP-GFL-CORE01-1::1:23	1000base-x-sfp	FWGW01_p13	NL-ENS-FWGW01	port13	Firewall	nl-ens-nep	FALSE	1000	USW	USW-1G-FW01_P13	15	5	ok
NL-ENS-NEP-GFL-CORE01-1::1:24	1000base-x-sfp	FWGW01_p14	NL-ENS-FWGW01	port14	Firewall	nl-ens-nep	FALSE	1000	USW	USW-1G-FW01_P14	15	5	ok
NL-ENS-NEP-GFL-CORE01-1::1:27	extreme-summitstack	CORE02_p27	NL-ENS-NEP-GFL-CORE01-2	02:28	Switch Core	nl-ens-nep	FALSE		USW	USW-GFL-CO01-2	14	6	ok
NL-ENS-NEP-GFL-CORE01-1::1:28	extreme-summitstack	CORE02_p28	NL-ENS-NEP-GFL-CORE01-2	02:27	Switch Core	nl-ens-nep	FALSE		USW	USW-GFL-CO01-2	14	6	ok
NL-ENS-NEP-GFL-CORE01-1::1:4	1000base-t	FWGW01_WAN2	NL-ENS-FWGW01	wan2	Firewall	nl-ens-nep	FALSE	1000	USW	USW-1G-FW01_WAN2	16	4	ok
NL-ENS-NEP-GFL-CORE01-1::1:5	1000base-t	FWGW02_p1	NL-ENS-FWGW01	port1	Firewall	nl-ens-nep	FALSE	1000	USW	USW-1G-ENS-FW01_P1	18	2	ok
NL-ENS-NEP-GFL-CORE01-1::1:6	1000base-t	FWGW01_MGMT	NL-ENS-FWGW01	mgmt	Firewall	nl-ens-nep	TRUE	1000	USW	USW-1G-FW01_MGMT	16	4	ok
NL-ENS-NEP-GFL-CORE01-2::2:1	1000base-t	L01-ACCE01_p24	NL-ENS-NEP-L01-ACCE01	23	Switch Access	nl-ens-nep	FALSE	1000	USW	USW-1G-AC01_P23	15	5	ok
NL-ENS-NEP-GFL-CORE01-2::2:19	1000base-t	FWGW02_p11	NL-ENS-FWGW02	port11	Firewall	nl-ens-nep	FALSE	1000	USW	USW-1G-FW02_P11	15	5	ok
NL-ENS-NEP-GFL-CORE01-2::2:2	1000base-t	L02-ACCE01_p24	NL-ENS-NEP-L02-ACCE01	24	Switch Access	nl-ens-nep	FALSE	1000	USW	USW-1G-AC01_P24	15	5	ok
NL-ENS-NEP-GFL-CORE01-2::2:20	1000base-t	FWGW02_p12	NL-ENS-FWGW02	port12	Firewall	nl-ens-nep	FALSE	1000	USW	USW-1G-FW02_P12	15	5	ok
NL-ENS-NEP-GFL-CORE01-2::2:21	1000base-x-sfp	GFL-ACCE01_p12	NL-ENS-NEP-GFL-ACCE01	12	Switch Access	nl-ens-nep	FALSE	1000	USW	USW-1G-AC01_P12	15	5	ok
NL-ENS-NEP-GFL-CORE01-2::2:22	1000base-x-sfp	GFL-ACCE02_p24	NL-ENS-NEP-GFL-ACCE02	30	Switch Access	nl-ens-nep	FALSE	1000	USW	USW-1G-AC02_P30	15	5	ok
NL-ENS-NEP-GFL-CORE01-2::2:23	1000base-x-sfp	FWGW02_p13	NL-ENS-FWGW02	port13	Firewall	nl-ens-nep	FALSE	1000	USW	USW-1G-FW02_P13	15	5	ok
NL-ENS-NEP-GFL-CORE01-2::2:24	1000base-x-sfp	FWGW02_p14	NL-ENS-FWGW02	port14	Firewall	nl-ens-nep	FALSE	1000	USW	USW-1G-FW02_P14	15	5	ok
NL-ENS-NEP-GFL-CORE01-2::2:27	extreme-summitstack	CORE01_p27	NL-ENS-NEP-GFL-CORE01-1	01:28	Switch Core	nl-ens-nep	FALSE		USW	USW-GFL-CO01-1	14	6	ok
NL-ENS-NEP-GFL-CORE01-2::2:28	extreme-summitstack	CORE01_p28	NL-ENS-NEP-GFL-CORE01-1	01:27	Switch Core	nl-ens-nep	FALSE		USW	USW-GFL-CO01-1	14	6	ok
NL-ENS-NEP-GFL-CORE01-2::2:4	1000base-t	FWGW02_WAN2	NL-ENS-FWGW02	wan2	Firewall	nl-ens-nep	FALSE	1000	USW	USW-1G-FW02_WAN2	16	4	ok
NL-ENS-NEP-GFL-CORE01-2::2:5	1000base-t	FWGW01_p1	NL-ENS-FWGW02	port1	Firewall	nl-ens-nep	FALSE	1000	USW	USW-1G-ENS-FW02_P1	18	2	ok
NL-ENS-NEP-GFL-CORE01-2::2:6	1000base-t	FWGW02_MGMT	NL-ENS-FWGW02	mgmt	Firewall	nl-ens-nep	TRUE	1000	USW	USW-1G-FW02_MGMT	16	4	ok
NL-ENS-NEP-L01-ACCE01::23	1000base-t	LAG-CORE01_p1	NL-ENS-NEP-GFL-CORE01-2	02:01	Switch Core	nl-ens-nep	FALSE	1000	USW	USW-1G-CO01-2_P2.1	18	2	ok
NL-ENS-NEP-L01-ACCE01::24	1000base-t	LAG-COREE2_p1	NL-ENS-NEP-GFL-CORE01-1	01:01	Switch Core	nl-ens-nep	FALSE	1000	USW	USW-1G-CO01-1_P1.1	18	2	ok
NL-ENS-NEP-L02-ACCE01::23	1000base-t	LAG-CORE01_p2	NL-ENS-NEP-GFL-CORE01-1	01:02	Switch Core	nl-ens-nep	FALSE	1000	USW	USW-1G-CO01-1_P1.2	18	2	ok
NL-ENS-NEP-L02-ACCE01::24	1000base-t	LAG-CORE02_p2	NL-ENS-NEP-GFL-CORE01-2	02:02	Switch Core	nl-ens-nep	FALSE	1000	USW	USW-1G-CO01-2_P2.2	18	2	ok
US-CHI-EAD-L02-ACCE01::1	1000base-t		US-CHI-EAD-L02-ACPO01	mgmt0	Access Point	us-chi-ead	TRUE	1000	UP	UP-L02-AP01	11	9	ok
US-CHI-EAD-L02-ACCE01::11	1000base-x-sfp	CORE01_p30	US-CHI-EAD-L02-CORE01-1	01:30	Switch Core	us-chi-ead	FALSE	1000	USW	USW-1G-L02-CO01-1	17	3	ok
US-CHI-EAD-L02-ACCE01::12	1000base-x-sfp	CORE02_p30	US-CHI-EAD-L02-CORE01-2	02:30	Switch Core	us-chi-ead	FALSE	1000	USW	USW-1G-L02-CO01-2	17	3	ok
US-CHI-EAD-L02-ACCE01::2	1000base-t		US-CHI-EAD-L02-ACPO02	mgmt0	Access Point	us-chi-ead	TRUE	1000	UP	UP-L02-AP02	11	9	ok
US-CHI-EAD-L02-CORE01-1::1:30	1000base-x-sfp	ACCE01_p11	US-CHI-EAD-L02-ACCE01	11	Switch Access	us-chi-ead	FALSE	1000	USW	USW-1G-AC01_P11	15	5	ok
US-CHI-EAD-L02-CORE01-1::1:31	extreme-summitstack	STACKING_PORT	US-CHI-EAD-L02-CORE01-2	02:32	Switch Core	us-chi-ead	FALSE		USW	USW-L02-CO01-2	14	6	ok
US-CHI-EAD-L02-CORE01-1::1:32	extreme-summitstack	STACKING_PORT	US-CHI-EAD-L02-CORE01-2	02:31	Switch Core	us-chi-ead	FALSE		USW	USW-L02-CO01-2	14	6	ok
US-CHI-EAD-L02-CORE01-2::2:30	1000base-x-sfp	ACCE01_p12	US-CHI-EAD-L02-ACCE01	12	Switch Access	us-chi-ead	FALSE	1000	USW	USW-1G-AC01_P12	15	5	ok
US-CHI-EAD-L02-CORE01-2::2:31	extreme-summitstack	STACKING_PORT	US-CHI-EAD-L02-CORE01-1	01:32	Switch Core	us-chi-ead	FALSE		USW	USW-L02-CO01-1	14	6	ok
US-CHI-EAD-L02-CORE01-2::2:32	extreme-summitstack	STACKING_PORT	US-CHI-EAD-L02-CORE01-1	01:31	Switch Core	us-chi-ead	FALSE		USW	USW-L02-CO01-1	14	6	ok
