site	device	port	iftype	netbox_description	far_device	far_port	far_role	class	mbps	expected	len	note
CH-NKN-G08	CH-NKN-G08-GFL-ACCE01	17	1000base-t	GFL-ACPO01	CH-NKN-G08-GFL-ACPO01	mgmt0	Access Point	UP	1000	UP-GFL-AP01	11	
CH-NKN-G08	CH-NKN-G08-GFL-ACCE01	19	1000base-t	GFL-ACPO02	CH-NKN-G08-GFL-ACPO02	mgmt0	Access Point	UP	1000	UP-GFL-AP02	11	
CH-NKN-G08	CH-NKN-G08-GFL-ACCE01	21	1000base-t	GFL-ACPO04	CH-NKN-G08-GFL-ACPO04	mgmt0	Access Point	UP	1000	UP-GFL-AP04	11	
CH-NKN-G08	CH-NKN-G08-GFL-ACCE01	22	1000base-t	GFL-ACPO03	CH-NKN-G08-GFL-ACPO03	mgmt0	Access Point	UP	1000	UP-GFL-AP03	11	
CH-NKN-G08	CH-NKN-G08-GFL-ACCE01	23	1000base-t	GFL-DIST01_p1	CH-NKN-G08-GFL-DIST01	1	Switch Dist	USW	1000	USW-1G-GFL-D01_1	16	
CH-NKN-G08	CH-NKN-G08-GFL-ACCE01	24	1000base-t	GFL-DIST01_p2	CH-NKN-G08-GFL-DIST01	2	Switch Dist	USW	1000	USW-1G-GFL-D01_2	16	
CH-NKN-G08	CH-NKN-G08-GFL-ACCE02	23	1000base-t		CH-NKN-G08-GFL-DIST01	3	Switch Dist	USW	1000	USW-1G-GFL-D01_3	16	
CH-NKN-G08	CH-NKN-G08-GFL-ACCE02	24	1000base-t		CH-NKN-G08-GFL-DIST01	4	Switch Dist	USW	1000	USW-1G-GFL-D01_4	16	
CH-NKN-G08	CH-NKN-G08-GFL-DIST01	1	1000base-t	GFL-ACCE01_p23	CH-NKN-G08-GFL-ACCE01	23	Switch Access	USW	1000	USW-1G-GFL-A01_23	17	
CH-NKN-G08	CH-NKN-G08-GFL-DIST01	2	1000base-t	GFL-ACCE01_p24	CH-NKN-G08-GFL-ACCE01	24	Switch Access	USW	1000	USW-1G-GFL-A01_24	17	
CH-NKN-G08	CH-NKN-G08-GFL-DIST01	23	1000base-x-sfp	CH-NKN-CORE01_p1	CH-NKN-G08-L02-CORE01-1	01:01	Switch Core	USW	1000	USW-1G-L02-C01_1_1	18	
CH-NKN-G08	CH-NKN-G08-GFL-DIST01	24	1000base-x-sfp	CH-NKN-CORE02_p1	CH-NKN-G08-L02-CORE01-2	02:01	Switch Core	USW	1000	USW-1G-L02-C01_2_1	18	
CH-NKN-G08	CH-NKN-G08-GFL-DIST01	3	1000base-t	GFL-ACCE02_p23	CH-NKN-G08-GFL-ACCE02	23	Switch Access	USW	1000	USW-1G-GFL-A02_23	17	
CH-NKN-G08	CH-NKN-G08-GFL-DIST01	4	1000base-t	GFL-ACCE02_p24	CH-NKN-G08-GFL-ACCE02	24	Switch Access	USW	1000	USW-1G-GFL-A02_24	17	
CH-NKN-G08	CH-NKN-G08-L02-ACCE01	13	1000base-t	L02-ACPO12	CH-NKN-G08-L02-ACPO12	mgmt0	Access Point	UP	1000	UP-L02-AP12	11	
CH-NKN-G08	CH-NKN-G08-L02-ACCE01	17	1000base-t	L02-ACPO07	CH-NKN-G08-L02-ACPO07	mgmt0	Access Point	UP	1000	UP-L02-AP07	11	
CH-NKN-G08	CH-NKN-G08-L02-ACCE01	18	1000base-t	L02-ACPO09	CH-NKN-G08-L02-ACPO09	mgmt0	Access Point	UP	1000	UP-L02-AP09	11	
CH-NKN-G08	CH-NKN-G08-L02-ACCE01	19	1000base-t	L02-ACPO06	CH-NKN-G08-L02-ACPO06	mgmt0	Access Point	UP	1000	UP-L02-AP06	11	
CH-NKN-G08	CH-NKN-G08-L02-ACCE01	20	1000base-t	L02-ACPO01	CH-NKN-G08-L02-ACPO01	mgmt0	Access Point	UP	1000	UP-L02-AP01	11	
CH-NKN-G08	CH-NKN-G08-L02-ACCE01	23	1000base-x-sfp	CH-NKN-CORE01_p3	CH-NKN-G08-L02-CORE01-1	01:05	Switch Core	USW	1000	USW-1G-L02-C01_1_5	18	
CH-NKN-G08	CH-NKN-G08-L02-ACCE01	24	1000base-x-sfp	CH-NKN-CORE02_p3	CH-NKN-G08-L02-CORE01-2	02:05	Switch Core	USW	1000	USW-1G-L02-C01_2_5	18	
CH-NKN-G08	CH-NKN-G08-L02-ACCE02	19	1000base-t	L02-ACPO05	CH-NKN-G08-L02-ACPO05	mgmt0	Access Point	UP	1000	UP-L02-AP05	11	
CH-NKN-G08	CH-NKN-G08-L02-ACCE02	20	1000base-t	L02-ACPO02	CH-NKN-G08-L02-ACPO02	mgmt0	Access Point	UP	1000	UP-L02-AP02	11	
CH-NKN-G08	CH-NKN-G08-L02-ACCE02	23	1000base-x-sfp	CH-NKN-CORE01_p4	CH-NKN-G08-L02-CORE01-1	01:06	Switch Core	USW	1000	USW-1G-L02-C01_1_6	18	
CH-NKN-G08	CH-NKN-G08-L02-ACCE02	24	1000base-x-sfp	CH-NKN-CORE02_p4	CH-NKN-G08-L02-CORE01-2	02:06	Switch Core	USW	1000	USW-1G-L02-C01_2_6	18	
CH-NKN-G08	CH-NKN-G08-L02-ACCE03	21	1000base-t	L02-ACPO03	CH-NKN-G08-L02-ACPO03	mgmt0	Access Point	UP	1000	UP-L02-AP03	11	
CH-NKN-G08	CH-NKN-G08-L02-ACCE03	22	1000base-t	L02-ACPO04	CH-NKN-G08-L02-ACPO04	mgmt0	Access Point	UP	1000	UP-L02-AP04	11	
CH-NKN-G08	CH-NKN-G08-L02-ACCE03	23	1000base-t	CH-NKN-CORE01_p5	CH-NKN-G08-L02-CORE01-1	01:07	Switch Core	USW	1000	USW-1G-L02-C01_1_7	18	
CH-NKN-G08	CH-NKN-G08-L02-ACCE03	24	1000base-t	CH-NKN-CORE02_p5	CH-NKN-G08-L02-CORE01-2	02:07	Switch Core	USW	1000	USW-1G-L02-C01_2_7	18	
CH-NKN-G08	CH-NKN-G08-L02-ACCE04	14	1000base-t	L02-ACPO10	CH-NKN-G08-L02-ACPO10	mgmt0	Access Point	UP	1000	UP-L02-AP10	11	
CH-NKN-G08	CH-NKN-G08-L02-ACCE04	23	1000base-t	CH-NKN-CORE01_p6	CH-NKN-G08-L02-CORE01-1	01:08	Switch Core	USW	1000	USW-1G-L02-C01_1_8	18	
CH-NKN-G08	CH-NKN-G08-L02-ACCE04	24	1000base-t	CH-NKN-CORE02_p6	CH-NKN-G08-L02-CORE01-2	02:08	Switch Core	USW	1000	USW-1G-L02-C01_2_8	18	
CH-NKN-G08	CH-NKN-G08-L02-ACCE05	22	1000base-t	L02-ACPO08	CH-NKN-G08-L02-ACPO08	mgmt0	Access Point	UP	1000	UP-L02-AP08	11	
CH-NKN-G08	CH-NKN-G08-L02-ACCE05	23	1000base-t	L02-DIST01_p1	CH-NKN-G08-L02-DIST01	1	Switch Dist	USW	1000	USW-1G-L02-D01_1	16	
CH-NKN-G08	CH-NKN-G08-L02-ACCE05	24	1000base-t	L02-DIST01_p2	CH-NKN-G08-L02-DIST01	2	Switch Dist	USW	1000	USW-1G-L02-D01_2	16	
CH-NKN-G08	CH-NKN-G08-L02-ACCE06	1	1000base-t	L02-ACPO11	CH-NKN-G08-L02-ACPO11	mgmt0	Access Point	UP	1000	UP-L02-AP11	11	
CH-NKN-G08	CH-NKN-G08-L02-ACCE06	24	1000base-t	L02-DIST01_p4	CH-NKN-G08-L02-DIST01	3	Switch Dist	USW	1000	USW-1G-L02-D01_3	16	
CH-NKN-G08	CH-NKN-G08-L02-ACCE07	24	1000base-t	L02-DIST01_p4	CH-NKN-G08-L02-DIST01	6	Switch Dist	USW	1000	USW-1G-L02-D01_6	16	
CH-NKN-G08	CH-NKN-G08-L02-ACCE08	24	1000base-t	L02-DIST01_p4	CH-NKN-G08-L02-DIST01	8	Switch Dist	USW	1000	USW-1G-L02-D01_8	16	
CH-NKN-G08	CH-NKN-G08-L02-CORE01-1	1:1	1000base-x-sfp	GFL_DIST01_p23	CH-NKN-G08-GFL-DIST01	23	Switch Dist	USW	1000	USW-1G-GFL-D01_23	17	
CH-NKN-G08	CH-NKN-G08-L02-CORE01-1	1:15	extreme-summitstack	Stack-CORE02_p16	CH-NKN-G08-L02-CORE01-2	02:16	Switch Core	USW		USW-L02-C01_2_16	16	stack
CH-NKN-G08	CH-NKN-G08-L02-CORE01-1	1:16	extreme-summitstack	Stack-CORE02_p15	CH-NKN-G08-L02-CORE01-2	02:15	Switch Core	USW		USW-L02-C01_2_15	16	stack
CH-NKN-G08	CH-NKN-G08-L02-CORE01-1	1:3	1000base-x-sfp	L02-DIST01_p23	CH-NKN-G08-L02-DIST01	23	Switch Dist	USW	1000	USW-1G-L02-D01_23	17	
CH-NKN-G08	CH-NKN-G08-L02-CORE01-1	1:5	1000base-x-sfp	L02-ACCE01_p23	CH-NKN-G08-L02-ACCE01	23	Switch Access	USW	1000	USW-1G-L02-A01_23	17	
CH-NKN-G08	CH-NKN-G08-L02-CORE01-1	1:6	1000base-x-sfp	L02-ACCE02_p23	CH-NKN-G08-L02-ACCE02	23	Switch Access	USW	1000	USW-1G-L02-A02_23	17	
CH-NKN-G08	CH-NKN-G08-L02-CORE01-1	1:7	1000base-t	L02-ACCE03_p23	CH-NKN-G08-L02-ACCE03	23	Switch Access	USW	1000	USW-1G-L02-A03_23	17	
CH-NKN-G08	CH-NKN-G08-L02-CORE01-1	1:8	1000base-t	L02-ACCE04_p23	CH-NKN-G08-L02-ACCE04	23	Switch Access	USW	1000	USW-1G-L02-A04_23	17	
CH-NKN-G08	CH-NKN-G08-L02-CORE01-2	2:1	1000base-x-sfp	GFL_DIST01_p24	CH-NKN-G08-GFL-DIST01	24	Switch Dist	USW	1000	USW-1G-GFL-D01_24	17	
CH-NKN-G08	CH-NKN-G08-L02-CORE01-2	2:15	extreme-summitstack	Stack-CORE01_p16	CH-NKN-G08-L02-CORE01-1	01:16	Switch Core	USW		USW-L02-C01_1_16	16	stack
CH-NKN-G08	CH-NKN-G08-L02-CORE01-2	2:16	extreme-summitstack	Stack-CORE01_p15	CH-NKN-G08-L02-CORE01-1	01:15	Switch Core	USW		USW-L02-C01_1_15	16	stack
CH-NKN-G08	CH-NKN-G08-L02-CORE01-2	2:3	1000base-x-sfp	L02-DIST01_p24	CH-NKN-G08-L02-DIST01	24	Switch Dist	USW	1000	USW-1G-L02-D01_24	17	
CH-NKN-G08	CH-NKN-G08-L02-CORE01-2	2:5	1000base-x-sfp	L02-ACCE01_p24	CH-NKN-G08-L02-ACCE01	24	Switch Access	USW	1000	USW-1G-L02-A01_24	17	
CH-NKN-G08	CH-NKN-G08-L02-CORE01-2	2:6	1000base-x-sfp	L02-ACCE02_p24	CH-NKN-G08-L02-ACCE02	24	Switch Access	USW	1000	USW-1G-L02-A02_24	17	
CH-NKN-G08	CH-NKN-G08-L02-CORE01-2	2:7	1000base-t	L02-ACCE03_p24	CH-NKN-G08-L02-ACCE03	24	Switch Access	USW	1000	USW-1G-L02-A03_24	17	
CH-NKN-G08	CH-NKN-G08-L02-CORE01-2	2:8	1000base-t	L02-ACCE04_p24	CH-NKN-G08-L02-ACCE04	24	Switch Access	USW	1000	USW-1G-L02-A04_24	17	
CH-NKN-G08	CH-NKN-G08-L02-DIST01	1	1000base-t	L02-ACCE01_p23	CH-NKN-G08-L02-ACCE05	23	Switch Access	USW	1000	USW-1G-L02-A05_23	17	
CH-NKN-G08	CH-NKN-G08-L02-DIST01	2	1000base-t	L02-ACCE01_p24	CH-NKN-G08-L02-ACCE05	24	Switch Access	USW	1000	USW-1G-L02-A05_24	17	
CH-NKN-G08	CH-NKN-G08-L02-DIST01	23	1000base-t	CH-NKN-CORE02_p1	CH-NKN-G08-L02-CORE01-1	01:03	Switch Core	USW	1000	USW-1G-L02-C01_1_3	18	
CH-NKN-G08	CH-NKN-G08-L02-DIST01	24	1000base-x-sfp	CH-NKN-CORE02_p1	CH-NKN-G08-L02-CORE01-2	02:03	Switch Core	USW	1000	USW-1G-L02-C01_2_3	18	
CH-NKN-G08	CH-NKN-G08-L02-DIST01	3	1000base-t	L02-ACCE06	CH-NKN-G08-L02-ACCE06	24	Switch Access	USW	1000	USW-1G-L02-A06_24	17	
CH-NKN-G08	CH-NKN-G08-L02-DIST01	6	1000base-t	L02-ACCE07	CH-NKN-G08-L02-ACCE07	24	Switch Access	USW	1000	USW-1G-L02-A07_24	17	
CH-NKN-G08	CH-NKN-G08-L02-DIST01	8	1000base-t	L02-ACCE08	CH-NKN-G08-L02-ACCE08	24	Switch Access	USW	1000	USW-1G-L02-A08_24	17	
CH-STA-L26	CH-STA-L26-GFL-ACCE01	1	1000base-t		CH-STA-L26-L01-ACPO11	mgmt0	Access Point	UP	1000	UP-L01-AP11	11	
CH-STA-L26	CH-STA-L26-GFL-ACCE01	11	1000base-t		CH-STA-L26-L01-ACPO01	mgmt0	Access Point	UP	1000	UP-L01-AP01	11	
CH-STA-L26	CH-STA-L26-GFL-ACCE01	12	1000base-t		CH-STA-L26-L01-ACPO02	mgmt0	Access Point	UP	1000	UP-L01-AP02	11	
CH-STA-L26	CH-STA-L26-GFL-ACCE01	13	1000base-t		CH-STA-L26-L01-ACPO03	mgmt0	Access Point	UP	1000	UP-L01-AP03	11	
CH-STA-L26	CH-STA-L26-GFL-ACCE01	15	1000base-t		CH-STA-L26-L01-ACPO15	mgmt0	Access Point	UP	1000	UP-L01-AP15	11	
CH-STA-L26	CH-STA-L26-GFL-ACCE01	16	1000base-t		CH-STA-L26-GFL-ACPO11	mgmt0	Access Point	UP	1000	UP-GFL-AP11	11	
CH-STA-L26	CH-STA-L26-GFL-ACCE01	18	1000base-t		CH-STA-L26-L01-ACPO08	mgmt0	Access Point	UP	1000	UP-L01-AP08	11	
CH-STA-L26	CH-STA-L26-GFL-ACCE01	19	1000base-t		CH-STA-L26-GFL-ACPO12	mgmt0	Access Point	UP	1000	UP-GFL-AP12	11	
CH-STA-L26	CH-STA-L26-GFL-ACCE01	23	1000base-t		CH-STA-L26-GFL-ACPO13	mgmt0	Access Point	UP	1000	UP-GFL-AP13	11	
CH-STA-L26	CH-STA-L26-GFL-ACCE01	24	1000base-t	UPLINK	CH-STA-L26-GFL-DIST01	1	Switch Dist	USW	1000	USW-1G-GFL-D01_1	16	
CH-STA-L26	CH-STA-L26-GFL-ACCE01	3	1000base-t		CH-STA-L26-GFL-ACPO03	mgmt0	Access Point	UP	1000	UP-GFL-AP03	11	
CH-STA-L26	CH-STA-L26-GFL-ACCE01	5	1000base-t		CH-STA-L26-GFL-ACPO05	mgmt0	Access Point	UP	1000	UP-GFL-AP05	11	
CH-STA-L26	CH-STA-L26-GFL-ACCE01	6	1000base-t	GFL-ACPO16	CH-STA-L26-GFL-ACPO16	mgmt0	Access Point	UP	1000	UP-GFL-AP16	11	
CH-STA-L26	CH-STA-L26-GFL-ACCE01	7	1000base-t		CH-STA-L26-L01-ACPO10	mgmt0	Access Point	UP	1000	UP-L01-AP10	11	
CH-STA-L26	CH-STA-L26-GFL-ACCE01	8	1000base-t	GFL-ACPO15	CH-STA-L26-GFL-ACPO15	mgmt0	Access Point	UP	1000	UP-GFL-AP15	11	
CH-STA-L26	CH-STA-L26-GFL-ACCE01	9	1000base-t		CH-STA-L26-GFL-ACPO09	mgmt0	Access Point	UP	1000	UP-GFL-AP09	11	
CH-STA-L26	CH-STA-L26-GFL-ACCE02	1	1000base-t		CH-STA-L26-GFL-ACPO01	mgmt0	Access Point	UP	1000	UP-GFL-AP01	11	
CH-STA-L26	CH-STA-L26-GFL-ACCE02	10	1000base-t		CH-STA-L26-GFL-ACPO10	mgmt0	Access Point	UP	1000	UP-GFL-AP10	11	
CH-STA-L26	CH-STA-L26-GFL-ACCE02	12	1000base-t		CH-STA-L26-GFL-ACPO06	mgmt0	Access Point	UP	1000	UP-GFL-AP06	11	
CH-STA-L26	CH-STA-L26-GFL-ACCE02	14	1000base-t		CH-STA-L26-L01-ACPO04	mgmt0	Access Point	UP	1000	UP-L01-AP04	11	
CH-STA-L26	CH-STA-L26-GFL-ACCE02	15	1000base-t		CH-STA-L26-L01-ACPO05	mgmt0	Access Point	UP	1000	UP-L01-AP05	11	
CH-STA-L26	CH-STA-L26-GFL-ACCE02	19	1000base-t		CH-STA-L26-L01-ACPO09	mgmt0	Access Point	UP	1000	UP-L01-AP09	11	
CH-STA-L26	CH-STA-L26-GFL-ACCE02	2	1000base-t		CH-STA-L26-GFL-ACPO02	mgmt0	Access Point	UP	1000	UP-GFL-AP02	11	
CH-STA-L26	CH-STA-L26-GFL-ACCE02	20	1000base-t		CH-STA-L26-L01-ACPO06	mgmt0	Access Point	UP	1000	UP-L01-AP06	11	
CH-STA-L26	CH-STA-L26-GFL-ACCE02	24	1000base-t	UPLINK	CH-STA-L26-GFL-DIST02	2	Switch Dist	USW	1000	USW-1G-GFL-D02_2	16	
CH-STA-L26	CH-STA-L26-GFL-ACCE02	3	1000base-t		CH-STA-L26-L01-ACPO14	mgmt0	Access Point	UP	1000	UP-L01-AP14	11	
CH-STA-L26	CH-STA-L26-GFL-ACCE02	4	1000base-t		CH-STA-L26-L01-ACPO13	mgmt0	Access Point	UP	1000	UP-L01-AP13	11	
CH-STA-L26	CH-STA-L26-GFL-ACCE02	5	1000base-t		CH-STA-L26-L01-ACPO12	mgmt0	Access Point	UP	1000	UP-L01-AP12	11	
CH-STA-L26	CH-STA-L26-GFL-ACCE02	6	1000base-t		CH-STA-L26-GFL-ACPO14	mgmt0	Access Point	UP	1000	UP-GFL-AP14	11	
CH-STA-L26	CH-STA-L26-GFL-ACCE02	7	1000base-t		CH-STA-L26-GFL-ACPO07	mgmt0	Access Point	UP	1000	UP-GFL-AP07	11	
CH-STA-L26	CH-STA-L26-GFL-ACCE02	8	1000base-t		CH-STA-L26-GFL-ACPO08	mgmt0	Access Point	UP	1000	UP-GFL-AP08	11	
CH-STA-L26	CH-STA-L26-GFL-ACCE03	24	1000base-t	UPLINK	CH-STA-L26-GFL-DIST02	3	Switch Dist	USW	1000	USW-1G-GFL-D02_3	16	
CH-STA-L26	CH-STA-L26-GFL-ACCE04	24	1000base-t	UPLINK	CH-STA-L26-GFL-DIST02	4	Switch Dist	USW	1000	USW-1G-GFL-D02_4	16	
CH-STA-L26	CH-STA-L26-GFL-ACCE05	24	1000base-t	UPLINK	CH-STA-L26-GFL-DIST01	5	Switch Dist	USW	1000	USW-1G-GFL-D01_5	16	
CH-STA-L26	CH-STA-L26-GFL-ACCE06	24	1000base-t	UPLINK	CH-STA-L26-GFL-DIST01	6	Switch Dist	USW	1000	USW-1G-GFL-D01_6	16	
CH-STA-L26	CH-STA-L26-GFL-ACCE07	24	1000base-t	UPLINK	CH-STA-L26-GFL-DIST02	7	Switch Dist	USW	1000	USW-1G-GFL-D02_7	16	
CH-STA-L26	CH-STA-L26-GFL-ACCE08	24	1000base-t	UPLINK	CH-STA-L26-GFL-DIST02	8	Switch Dist	USW	1000	USW-1G-GFL-D02_8	16	
CH-STA-L26	CH-STA-L26-GFL-ACCE09	24	1000base-t	UPLINK	CH-STA-L26-GFL-DIST01	9	Switch Dist	USW	1000	USW-1G-GFL-D01_9	16	
CH-STA-L26	CH-STA-L26-GFL-ACCE10	24	1000base-t	UPLINK	CH-STA-L26-GFL-DIST01	10	Switch Dist	USW	1000	USW-1G-GFL-D01_10	17	
CH-STA-L26	CH-STA-L26-GFL-ACCE11	24	1000base-t	UPLINK	CH-STA-L26-GFL-DIST02	13	Switch Dist	USW	1000	USW-1G-GFL-D02_13	17	
CH-STA-L26	CH-STA-L26-GFL-ACCE12	48	1000base-t	UPLINK	CH-STA-L26-GFL-DIST02	12	Switch Dist	USW	1000	USW-1G-GFL-D02_12	17	
CH-STA-L26	CH-STA-L26-GFL-ACCE13	24	1000base-t	UPLINK	CH-STA-L26-GFL-DIST01	13	Switch Dist	USW	1000	USW-1G-GFL-D01_13	17	
CH-STA-L26	CH-STA-L26-GFL-ACCE14	48	1000base-t	UPLINK	CH-STA-L26-GFL-DIST02	14	Switch Dist	USW	1000	USW-1G-GFL-D02_14	17	
CH-STA-L26	CH-STA-L26-GFL-ACCE15	24	1000base-t	UPLINK	CH-STA-L26-GFL-DIST02	15	Switch Dist	USW	1000	USW-1G-GFL-D02_15	17	
CH-STA-L26	CH-STA-L26-GFL-ACCE16	24	1000base-t	UPLINK	CH-STA-L26-GFL-DIST02	16	Switch Dist	USW	1000	USW-1G-GFL-D02_16	17	
CH-STA-L26	CH-STA-L26-GFL-ACCE17	24	1000base-t	UPLINK	CH-STA-L26-GFL-DIST02	17	Switch Dist	USW	1000	USW-1G-GFL-D02_17	17	
CH-STA-L26	CH-STA-L26-GFL-ACCE18	24	1000base-t	UPLINK	CH-STA-L26-GFL-DIST02	18	Switch Dist	USW	1000	USW-1G-GFL-D02_18	17	
CH-STA-L26	CH-STA-L26-GFL-ACCE19	24	1000base-t	UPLINK	CH-STA-L26-GFL-DIST02	19	Switch Dist	USW	1000	USW-1G-GFL-D02_19	17	
CH-STA-L26	CH-STA-L26-GFL-ACCE20	24	1000base-t	GFL-DIST01_p20	CH-STA-L26-GFL-DIST01	20	Switch Dist	USW	1000	USW-1G-GFL-D01_20	17	
CH-STA-L26	CH-STA-L26-GFL-ACCE21	24	1000base-t		CH-STA-L26-GFL-DIST01	21	Switch Dist	USW	1000	USW-1G-GFL-D01_21	17	
CH-STA-L26	CH-STA-L26-GFL-ACCE22	24	1000base-t		CH-STA-L26-GFL-DIST01	22	Switch Dist	USW	1000	USW-1G-GFL-D01_22	17	
CH-STA-L26	CH-STA-L26-GFL-DIST01	1	1000base-t	GFL-ACCE01	CH-STA-L26-GFL-ACCE01	24	Switch Access	USW	1000	USW-1G-GFL-A01_24	17	
CH-STA-L26	CH-STA-L26-GFL-DIST01	10	1000base-t	GFL-ACCE10	CH-STA-L26-GFL-ACCE10	24	Switch Access	USW	1000	USW-1G-GFL-A10_24	17	
CH-STA-L26	CH-STA-L26-GFL-DIST01	13	1000base-t	GFL-ACCE13	CH-STA-L26-GFL-ACCE13	24	Switch Access	USW	1000	USW-1G-GFL-A13_24	17	
CH-STA-L26	CH-STA-L26-GFL-DIST01	20	1000base-t	GFL-ACCE20-Lumip	CH-STA-L26-GFL-ACCE20	24	Switch Access	USW	1000	USW-1G-GFL-A20_24	17	
CH-STA-L26	CH-STA-L26-GFL-DIST01	21	1000base-t	GFL-ACCE21-Lumip	CH-STA-L26-GFL-ACCE21	24	Switch Access	USW	1000	USW-1G-GFL-A21_24	17	
CH-STA-L26	CH-STA-L26-GFL-DIST01	22	1000base-t	GFL-ACCE22	CH-STA-L26-GFL-ACCE22	24	Switch Access	USW	1000	USW-1G-GFL-A22_24	17	
CH-STA-L26	CH-STA-L26-GFL-DIST01	29	10gbase-x-sfpp	L02-CORE_tg.3.5	CH-STA-L26-L02-CORE01	1:19	Switch Core	USW	10000	USW-L02-C01_1_19	16	
CH-STA-L26	CH-STA-L26-GFL-DIST01	30	10gbase-x-sfpp	L02-CORE_tg.7.5	CH-STA-L26-L02-CORE02	1:19	Switch Core	USW	10000	USW-L02-C02_1_19	16	
CH-STA-L26	CH-STA-L26-GFL-DIST01	5	1000base-t	GFL-ACCE05	CH-STA-L26-GFL-ACCE05	24	Switch Access	USW	1000	USW-1G-GFL-A05_24	17	
CH-STA-L26	CH-STA-L26-GFL-DIST01	6	1000base-t	GFL-ACCE06	CH-STA-L26-GFL-ACCE06	24	Switch Access	USW	1000	USW-1G-GFL-A06_24	17	
CH-STA-L26	CH-STA-L26-GFL-DIST01	9	1000base-t	GFL-ACCE09	CH-STA-L26-GFL-ACCE09	24	Switch Access	USW	1000	USW-1G-GFL-A09_24	17	
CH-STA-L26	CH-STA-L26-GFL-DIST02	12	1000base-t	GFL-ACCE12	CH-STA-L26-GFL-ACCE12	48	Switch Access	USW	1000	USW-1G-GFL-A12_48	17	
CH-STA-L26	CH-STA-L26-GFL-DIST02	13	1000base-t	GFL-ACCE13	CH-STA-L26-GFL-ACCE11	24	Switch Access	USW	1000	USW-1G-GFL-A11_24	17	
CH-STA-L26	CH-STA-L26-GFL-DIST02	14	1000base-t	ACCE14_p48	CH-STA-L26-GFL-ACCE14	48	Switch Access	USW	1000	USW-1G-GFL-A14_48	17	
CH-STA-L26	CH-STA-L26-GFL-DIST02	15	1000base-t	GFL-ACCE15	CH-STA-L26-GFL-ACCE15	24	Switch Access	USW	1000	USW-1G-GFL-A15_24	17	
CH-STA-L26	CH-STA-L26-GFL-DIST02	16	1000base-t	GFL-ACCE16	CH-STA-L26-GFL-ACCE16	24	Switch Access	USW	1000	USW-1G-GFL-A16_24	17	
CH-STA-L26	CH-STA-L26-GFL-DIST02	17	1000base-t	GFL-ACCE17	CH-STA-L26-GFL-ACCE17	24	Switch Access	USW	1000	USW-1G-GFL-A17_24	17	
CH-STA-L26	CH-STA-L26-GFL-DIST02	18	1000base-t	GFL-ACCE18	CH-STA-L26-GFL-ACCE18	24	Switch Access	USW	1000	USW-1G-GFL-A18_24	17	
CH-STA-L26	CH-STA-L26-GFL-DIST02	19	1000base-t	GFL-ACCE19	CH-STA-L26-GFL-ACCE19	24	Switch Access	USW	1000	USW-1G-GFL-A19_24	17	
CH-STA-L26	CH-STA-L26-GFL-DIST02	2	1000base-t	GFL-ACCE02	CH-STA-L26-GFL-ACCE02	24	Switch Access	USW	1000	USW-1G-GFL-A02_24	17	
CH-STA-L26	CH-STA-L26-GFL-DIST02	29	10gbase-x-sfpp	L02-CORE_tg.3.4	CH-STA-L26-L02-CORE01	1:20	Switch Core	USW	10000	USW-L02-C01_1_20	16	
CH-STA-L26	CH-STA-L26-GFL-DIST02	3	1000base-t	GFL-ACCE03	CH-STA-L26-GFL-ACCE03	24	Switch Access	USW	1000	USW-1G-GFL-A03_24	17	
CH-STA-L26	CH-STA-L26-GFL-DIST02	30	10gbase-x-sfpp	L02-CORE_tg.7.4	CH-STA-L26-L02-CORE02	1:20	Switch Core	USW	10000	USW-L02-C02_1_20	16	
CH-STA-L26	CH-STA-L26-GFL-DIST02	4	1000base-t	GFL-ACCE04	CH-STA-L26-GFL-ACCE04	24	Switch Access	USW	1000	USW-1G-GFL-A04_24	17	
CH-STA-L26	CH-STA-L26-GFL-DIST02	7	1000base-t	GFL-ACCE07	CH-STA-L26-GFL-ACCE07	24	Switch Access	USW	1000	USW-1G-GFL-A07_24	17	
CH-STA-L26	CH-STA-L26-GFL-DIST02	8	1000base-t	GFL-ACCE08	CH-STA-L26-GFL-ACCE08	24	Switch Access	USW	1000	USW-1G-GFL-A08_24	17	
CH-STA-L26	CH-STA-L26-L01-ACCE01	24	1000base-t	UPLINK	CH-STA-L26-L01-DIST01	1	Switch Dist	USW	1000	USW-1G-L01-D01_1	16	
CH-STA-L26	CH-STA-L26-L01-ACCE02	24	1000base-t	UPLINK	CH-STA-L26-L01-DIST02	2	Switch Dist	USW	1000	USW-1G-L01-D02_2	16	
CH-STA-L26	CH-STA-L26-L01-ACCE03	24	1000base-t	UPLINK	CH-STA-L26-L01-DIST02	3	Switch Dist	USW	1000	USW-1G-L01-D02_3	16	
CH-STA-L26	CH-STA-L26-L01-ACCE08	24	1000base-t	UPLINK	CH-STA-L26-L01-DIST02	8	Switch Dist	USW	1000	USW-1G-L01-D02_8	16	
CH-STA-L26	CH-STA-L26-L01-ACCE09	48	1000base-t	UPLINK	CH-STA-L26-L01-DIST02	9	Switch Dist	USW	1000	USW-1G-L01-D02_9	16	
CH-STA-L26	CH-STA-L26-L01-ACCE10	24	1000base-t	UPLINK	CH-STA-L26-L01-DIST02	10	Switch Dist	USW	1000	USW-1G-L01-D02_10	17	
CH-STA-L26	CH-STA-L26-L01-ACCE11	24	1000base-t	UPLINK	CH-STA-L26-L01-DIST02	11	Switch Dist	USW	1000	USW-1G-L01-D02_11	17	
CH-STA-L26	CH-STA-L26-L01-ACCE12	24	1000base-t	UPLINK	CH-STA-L26-L01-DIST02	12	Switch Dist	USW	1000	USW-1G-L01-D02_12	17	
CH-STA-L26	CH-STA-L26-L01-ACCE14	48	1000base-t	UPLINK	CH-STA-L26-L01-DIST01	4	Switch Dist	USW	1000	USW-1G-L01-D01_4	16	
CH-STA-L26	CH-STA-L26-L01-ACCE15	24	1000base-t	UPLINK	CH-STA-L26-L01-DIST01	5	Switch Dist	USW	1000	USW-1G-L01-D01_5	16	
CH-STA-L26	CH-STA-L26-L01-ACCE16	48	1000base-t	UPLINK	CH-STA-L26-L01-DIST01	6	Switch Dist	USW	1000	USW-1G-L01-D01_6	16	
CH-STA-L26	CH-STA-L26-L01-ACCE17	24	1000base-t	UPLINK	CH-STA-L26-L01-DIST01	7	Switch Dist	USW	1000	USW-1G-L01-D01_7	16	
CH-STA-L26	CH-STA-L26-L01-ACCE18	24	1000base-t	UPLINK	CH-STA-L26-L01-DIST01	8	Switch Dist	USW	1000	USW-1G-L01-D01_8	16	
CH-STA-L26	CH-STA-L26-L01-ACCE20	24	1000base-t	UPLINK	CH-STA-L26-L01-DIST01	10	Switch Dist	USW	1000	USW-1G-L01-D01_10	17	
CH-STA-L26	CH-STA-L26-L01-ACCE21	24	1000base-t	UPLINK	CH-STA-L26-L01-DIST02	21	Switch Dist	USW	1000	USW-1G-L01-D02_21	17	
CH-STA-L26	CH-STA-L26-L01-ACCE22	24	1000base-t	UPLINK	CH-STA-L26-L01-DIST02	22	Switch Dist	USW	1000	USW-1G-L01-D02_22	17	
CH-STA-L26	CH-STA-L26-L01-ACCE23	24	1000base-t	UPLINK	CH-STA-L26-L01-DIST01	13	Switch Dist	USW	1000	USW-1G-L01-D01_13	17	
CH-STA-L26	CH-STA-L26-L01-ACCE24	48	1000base-t	UPLINK	CH-STA-L26-L01-DIST01	14	Switch Dist	USW	1000	USW-1G-L01-D01_14	17	
CH-STA-L26	CH-STA-L26-L01-ACCE25	24	1000base-t	UPLINK	CH-STA-L26-L01-DIST02	15	Switch Dist	USW	1000	USW-1G-L01-D02_15	17	
CH-STA-L26	CH-STA-L26-L01-ACCE26	24	1000base-t	UPLINK	CH-STA-L26-L01-DIST02	16	Switch Dist	USW	1000	USW-1G-L01-D02_16	17	
CH-STA-L26	CH-STA-L26-L01-ACCE27	24	1000base-t	UPLINK	CH-STA-L26-L01-DIST01	17	Switch Dist	USW	1000	USW-1G-L01-D01_17	17	
CH-STA-L26	CH-STA-L26-L01-ACCE28	24	1000base-t	UPLINK	CH-STA-L26-L01-DIST01	18	Switch Dist	USW	1000	USW-1G-L01-D01_18	17	
CH-STA-L26	CH-STA-L26-L01-ACCE29	24	1000base-t	UPLINK	CH-STA-L26-L01-DIST01	19	Switch Dist	USW	1000	USW-1G-L01-D01_19	17	
CH-STA-L26	CH-STA-L26-L01-ACCE30	24	1000base-t	UPLINK	CH-STA-L26-L01-DIST01	20	Switch Dist	USW	1000	USW-1G-L01-D01_20	17	
CH-STA-L26	CH-STA-L26-L01-ACCE31	24	1000base-t	UPLINK	CH-STA-L26-L01-DIST01	21	Switch Dist	USW	1000	USW-1G-L01-D01_21	17	
CH-STA-L26	CH-STA-L26-L01-ACCE32	24	1000base-t	UPLINK	CH-STA-L26-L01-DIST01	22	Switch Dist	USW	1000	USW-1G-L01-D01_22	17	
CH-STA-L26	CH-STA-L26-L01-ACCE33	24	1000base-t	UPLINK	CH-STA-L26-L01-DIST01	23	Switch Dist	USW	1000	USW-1G-L01-D01_23	17	
CH-STA-L26	CH-STA-L26-L01-ACCE34	24	1000base-t		CH-STA-L26-L01-DIST02	13	Switch Dist	USW	1000	USW-1G-L01-D02_13	17	
CH-STA-L26	CH-STA-L26-L01-ACCE35	24	1000base-t		CH-STA-L26-L01-DIST02	17	Switch Dist	USW	1000	USW-1G-L01-D02_17	17	
CH-STA-L26	CH-STA-L26-L01-ACCE36	24	1000base-t	UPLINK	CH-STA-L26-L01-DIST02	24	Switch Dist	USW	1000	USW-1G-L01-D02_24	17	
CH-STA-L26	CH-STA-L26-L01-ACCE37	24	1000base-t		CH-STA-L26-L01-DIST02	23	Switch Dist	USW	1000	USW-1G-L01-D02_23	17	
CH-STA-L26	CH-STA-L26-L01-ACCE38	24	1000base-t	UPLINK	CH-STA-L26-L01-DIST01	9	Switch Dist	USW	1000	USW-1G-L01-D01_9	16	
CH-STA-L26	CH-STA-L26-L01-DIST01	1	1000base-t	L01-ACCE01	CH-STA-L26-L01-ACCE01	24	Switch Access	USW	1000	USW-1G-L01-A01_24	17	
CH-STA-L26	CH-STA-L26-L01-DIST01	10	1000base-t	L01-ACCE20	CH-STA-L26-L01-ACCE20	24	Switch Access	USW	1000	USW-1G-L01-A20_24	17	
CH-STA-L26	CH-STA-L26-L01-DIST01	13	1000base-t	L01-ACCE23	CH-STA-L26-L01-ACCE23	24	Switch Access	USW	1000	USW-1G-L01-A23_24	17	
CH-STA-L26	CH-STA-L26-L01-DIST01	14	1000base-t	L01-ACCE24	CH-STA-L26-L01-ACCE24	48	Switch Access	USW	1000	USW-1G-L01-A24_48	17	
CH-STA-L26	CH-STA-L26-L01-DIST01	17	1000base-t	L01-ACCE27	CH-STA-L26-L01-ACCE27	24	Switch Access	USW	1000	USW-1G-L01-A27_24	17	
CH-STA-L26	CH-STA-L26-L01-DIST01	18	1000base-t	L01-ACCE28	CH-STA-L26-L01-ACCE28	24	Switch Access	USW	1000	USW-1G-L01-A28_24	17	
CH-STA-L26	CH-STA-L26-L01-DIST01	19	1000base-t	L01-ACCE29	CH-STA-L26-L01-ACCE29	24	Switch Access	USW	1000	USW-1G-L01-A29_24	17	
CH-STA-L26	CH-STA-L26-L01-DIST01	20	1000base-t	L01-ACCE30	CH-STA-L26-L01-ACCE30	24	Switch Access	USW	1000	USW-1G-L01-A30_24	17	
CH-STA-L26	CH-STA-L26-L01-DIST01	21	1000base-t	L01-ACCE31	CH-STA-L26-L01-ACCE31	24	Switch Access	USW	1000	USW-1G-L01-A31_24	17	
CH-STA-L26	CH-STA-L26-L01-DIST01	22	1000base-t	L01-ACCE32	CH-STA-L26-L01-ACCE32	24	Switch Access	USW	1000	USW-1G-L01-A32_24	17	
CH-STA-L26	CH-STA-L26-L01-DIST01	23	1000base-t	L01-ACCE33	CH-STA-L26-L01-ACCE33	24	Switch Access	USW	1000	USW-1G-L01-A33_24	17	
CH-STA-L26	CH-STA-L26-L01-DIST01	29	10gbase-x-sfpp	L02-CORE_tg.3.6	CH-STA-L26-L02-CORE01	1:21	Switch Core	USW	10000	USW-L02-C01_1_21	16	
CH-STA-L26	CH-STA-L26-L01-DIST01	30	10gbase-x-sfpp	L02-CORE_tg.7.6	CH-STA-L26-L02-CORE02	1:21	Switch Core	USW	10000	USW-L02-C02_1_21	16	
CH-STA-L26	CH-STA-L26-L01-DIST01	4	1000base-t	L01-ACCE14	CH-STA-L26-L01-ACCE14	48	Switch Access	USW	1000	USW-1G-L01-A14_48	17	
CH-STA-L26	CH-STA-L26-L01-DIST01	5	1000base-t	L01-ACCE15	CH-STA-L26-L01-ACCE15	24	Switch Access	USW	1000	USW-1G-L01-A15_24	17	
CH-STA-L26	CH-STA-L26-L01-DIST01	6	1000base-t	L01-ACCE16	CH-STA-L26-L01-ACCE16	48	Switch Access	USW	1000	USW-1G-L01-A16_48	17	
CH-STA-L26	CH-STA-L26-L01-DIST01	7	1000base-t	L01-ACCE17	CH-STA-L26-L01-ACCE17	24	Switch Access	USW	1000	USW-1G-L01-A17_24	17	
CH-STA-L26	CH-STA-L26-L01-DIST01	8	1000base-t	L01-ACCE18	CH-STA-L26-L01-ACCE18	24	Switch Access	USW	1000	USW-1G-L01-A18_24	17	
CH-STA-L26	CH-STA-L26-L01-DIST01	9	1000base-t	L01-ACCE38	CH-STA-L26-L01-ACCE38	24	Switch Access	USW	1000	USW-1G-L01-A38_24	17	
CH-STA-L26	CH-STA-L26-L01-DIST02	10	1000base-t	L01-ACCE10	CH-STA-L26-L01-ACCE10	24	Switch Access	USW	1000	USW-1G-L01-A10_24	17	
CH-STA-L26	CH-STA-L26-L01-DIST02	11	1000base-t	L01-ACCE11	CH-STA-L26-L01-ACCE11	24	Switch Access	USW	1000	USW-1G-L01-A11_24	17	
CH-STA-L26	CH-STA-L26-L01-DIST02	12	1000base-t	L01-ACCE12	CH-STA-L26-L01-ACCE12	24	Switch Access	USW	1000	USW-1G-L01-A12_24	17	
CH-STA-L26	CH-STA-L26-L01-DIST02	13	1000base-t	L01-ACCE34	CH-STA-L26-L01-ACCE34	24	Switch Access	USW	1000	USW-1G-L01-A34_24	17	
CH-STA-L26	CH-STA-L26-L01-DIST02	15	1000base-t	L01-ACCE25	CH-STA-L26-L01-ACCE25	24	Switch Access	USW	1000	USW-1G-L01-A25_24	17	
CH-STA-L26	CH-STA-L26-L01-DIST02	16	1000base-t	L01-ACCE26	CH-STA-L26-L01-ACCE26	24	Switch Access	USW	1000	USW-1G-L01-A26_24	17	
CH-STA-L26	CH-STA-L26-L01-DIST02	17	1000base-t	L01-ACCE35	CH-STA-L26-L01-ACCE35	24	Switch Access	USW	1000	USW-1G-L01-A35_24	17	
CH-STA-L26	CH-STA-L26-L01-DIST02	2	1000base-t	L01-ACCE02	CH-STA-L26-L01-ACCE02	24	Switch Access	USW	1000	USW-1G-L01-A02_24	17	
CH-STA-L26	CH-STA-L26-L01-DIST02	21	1000base-t	L01-ACCE21	CH-STA-L26-L01-ACCE21	24	Switch Access	USW	1000	USW-1G-L01-A21_24	17	
CH-STA-L26	CH-STA-L26-L01-DIST02	22	1000base-t	L01-ACCE22	CH-STA-L26-L01-ACCE22	24	Switch Access	USW	1000	USW-1G-L01-A22_24	17	
CH-STA-L26	CH-STA-L26-L01-DIST02	23	1000base-t	L01-ACCE37	CH-STA-L26-L01-ACCE37	24	Switch Access	USW	1000	USW-1G-L01-A37_24	17	
CH-STA-L26	CH-STA-L26-L01-DIST02	24	1000base-t	L01-ACCE36	CH-STA-L26-L01-ACCE36	24	Switch Access	USW	1000	USW-1G-L01-A36_24	17	
CH-STA-L26	CH-STA-L26-L01-DIST02	29	10gbase-x-sfpp	L02-CORE_tg.3.7	CH-STA-L26-L02-CORE01	1:22	Switch Core	USW	10000	USW-L02-C01_1_22	16	
CH-STA-L26	CH-STA-L26-L01-DIST02	3	1000base-t	L01-ACCE03	CH-STA-L26-L01-ACCE03	24	Switch Access	USW	1000	USW-1G-L01-A03_24	17	
CH-STA-L26	CH-STA-L26-L01-DIST02	30	10gbase-x-sfpp	L02-CORE_tg.7.7	CH-STA-L26-L02-CORE02	1:22	Switch Core	USW	10000	USW-L02-C02_1_22	16	
CH-STA-L26	CH-STA-L26-L01-DIST02	8	1000base-t	L01-ACCE08	CH-STA-L26-L01-ACCE08	24	Switch Access	USW	1000	USW-1G-L01-A08_24	17	
CH-STA-L26	CH-STA-L26-L01-DIST02	9	1000base-t	L01-ACCE09	CH-STA-L26-L01-ACCE09	48	Switch Access	USW	1000	USW-1G-L01-A09_48	17	
CH-STA-L26	CH-STA-L26-L02-ACCE01	1	1000base-t		CH-STA-L26-L02-ACPO01	mgmt0	Access Point	UP	1000	UP-L02-AP01	11	
CH-STA-L26	CH-STA-L26-L02-ACCE01	2	1000base-t		CH-STA-L26-L02-ACPO02	mgmt0	Access Point	UP	1000	UP-L02-AP02	11	
CH-STA-L26	CH-STA-L26-L02-ACCE01	24	1000base-t	UPLINK	CH-STA-L26-L02-DIST01	1	Switch Dist	USW	1000	USW-1G-L02-D01_1	16	
CH-STA-L26	CH-STA-L26-L02-ACCE01	3	1000base-t		CH-STA-L26-L02-ACPO03	mgmt0	Access Point	UP	1000	UP-L02-AP03	11	
CH-STA-L26	CH-STA-L26-L02-ACCE01	4	1000base-t		CH-STA-L26-L02-ACPO04	mgmt0	Access Point	UP	1000	UP-L02-AP04	11	
CH-STA-L26	CH-STA-L26-L02-ACCE01	5	1000base-t		CH-STA-L26-L02-ACPO05	mgmt0	Access Point	UP	1000	UP-L02-AP05	11	
CH-STA-L26	CH-STA-L26-L02-ACCE01	6	1000base-t		CH-STA-L26-L02-ACPO06	mgmt0	Access Point	UP	1000	UP-L02-AP06	11	
CH-STA-L26	CH-STA-L26-L02-ACCE01	7	1000base-t		CH-STA-L26-L02-ACPO07	mgmt0	Access Point	UP	1000	UP-L02-AP07	11	
CH-STA-L26	CH-STA-L26-L02-ACCE01	8	1000base-t		CH-STA-L26-L02-ACPO08	mgmt0	Access Point	UP	1000	UP-L02-AP08	11	
CH-STA-L26	CH-STA-L26-L02-ACCE02	24	1000base-t	UPLINK	CH-STA-L26-L02-DIST01	2	Switch Dist	USW	1000	USW-1G-L02-D01_2	16	
CH-STA-L26	CH-STA-L26-L02-ACCE03	24	1000base-t	UPLINK	CH-STA-L26-L02-DIST01	3	Switch Dist	USW	1000	USW-1G-L02-D01_3	16	
CH-STA-L26	CH-STA-L26-L02-ACCE04	24	1000base-t	UPLINK	CH-STA-L26-L02-DIST01	4	Switch Dist	USW	1000	USW-1G-L02-D01_4	16	
CH-STA-L26	CH-STA-L26-L02-ACCE05	48	1000base-t	UPLINK	CH-STA-L26-L02-DIST01	5	Switch Dist	USW	1000	USW-1G-L02-D01_5	16	
CH-STA-L26	CH-STA-L26-L02-ACCE06	24	1000base-t	UPLINK	CH-STA-L26-L02-DIST01	6	Switch Dist	USW	1000	USW-1G-L02-D01_6	16	
CH-STA-L26	CH-STA-L26-L02-ACCE07	24	1000base-t	UPLINK	CH-STA-L26-L02-DIST01	7	Switch Dist	USW	1000	USW-1G-L02-D01_7	16	
CH-STA-L26	CH-STA-L26-L02-ACCE08	24	1000base-t	UPLINK	CH-STA-L26-L02-DIST01	8	Switch Dist	USW	1000	USW-1G-L02-D01_8	16	
CH-STA-L26	CH-STA-L26-L02-ACCE09	24	1000base-t	UPLINK	CH-STA-L26-L02-DIST01	9	Switch Dist	USW	1000	USW-1G-L02-D01_9	16	
CH-STA-L26	CH-STA-L26-L02-ACCE10	24	1000base-t	UPLINK	CH-STA-L26-L02-DIST01	10	Switch Dist	USW	1000	USW-1G-L02-D01_10	17	
CH-STA-L26	CH-STA-L26-L02-ACCE11	24	1000base-t	UPLINK	CH-STA-L26-L02-DIST01	11	Switch Dist	USW	1000	USW-1G-L02-D01_11	17	
CH-STA-L26	CH-STA-L26-L02-ACCE12	24	1000base-t	UPLINK	CH-STA-L26-L02-DIST01	12	Switch Dist	USW	1000	USW-1G-L02-D01_12	17	
CH-STA-L26	CH-STA-L26-L02-ACCE13	24	1000base-t	UPLINK	CH-STA-L26-L02-DIST01	13	Switch Dist	USW	1000	USW-1G-L02-D01_13	17	
CH-STA-L26	CH-STA-L26-L02-ACCE14	24	1000base-t	UPLINK	CH-STA-L26-L02-DIST01	14	Switch Dist	USW	1000	USW-1G-L02-D01_14	17	
CH-STA-L26	CH-STA-L26-L02-ACCE15	48	1000base-t	UPLINK	CH-STA-L26-L02-DIST01	15	Switch Dist	USW	1000	USW-1G-L02-D01_15	17	
CH-STA-L26	CH-STA-L26-L02-ACCE16	24	1000base-t	UPLINK	CH-STA-L26-L02-DIST01	20	Switch Dist	USW	1000	USW-1G-L02-D01_20	17	
CH-STA-L26	CH-STA-L26-L02-ACCE17	24	1000base-t	UPLINK	CH-STA-L26-L02-DIST01	17	Switch Dist	USW	1000	USW-1G-L02-D01_17	17	
CH-STA-L26	CH-STA-L26-L02-ACCE18	24	1000base-t	UPLINK	CH-STA-L26-L02-DIST01	18	Switch Dist	USW	1000	USW-1G-L02-D01_18	17	
CH-STA-L26	CH-STA-L26-L02-ACCE19	24	1000base-t		CH-STA-L26-L02-DIST01	19	Switch Dist	USW	1000	USW-1G-L02-D01_19	17	
CH-STA-L26	CH-STA-L26-L02-ACCE20	24	1000base-t	UPLINK	CH-STA-L26-L02-DIST01	16	Switch Dist	USW	1000	USW-1G-L02-D01_16	17	
CH-STA-L26	CH-STA-L26-L02-DIST01	1	1000base-t	ACCE01_p24	CH-STA-L26-L02-ACCE01	24	Switch Access	USW	1000	USW-1G-L02-A01_24	17	
CH-STA-L26	CH-STA-L26-L02-DIST01	10	1000base-t	ACCE10_p24	CH-STA-L26-L02-ACCE10	24	Switch Access	USW	1000	USW-1G-L02-A10_24	17	
CH-STA-L26	CH-STA-L26-L02-DIST01	11	1000base-t	ACCE11_p24	CH-STA-L26-L02-ACCE11	24	Switch Access	USW	1000	USW-1G-L02-A11_24	17	
CH-STA-L26	CH-STA-L26-L02-DIST01	12	1000base-t	ACCE12_p24	CH-STA-L26-L02-ACCE12	24	Switch Access	USW	1000	USW-1G-L02-A12_24	17	
CH-STA-L26	CH-STA-L26-L02-DIST01	13	1000base-t	ACCE13_p24	CH-STA-L26-L02-ACCE13	24	Switch Access	USW	1000	USW-1G-L02-A13_24	17	
CH-STA-L26	CH-STA-L26-L02-DIST01	14	1000base-t	ACCE14_p24	CH-STA-L26-L02-ACCE14	24	Switch Access	USW	1000	USW-1G-L02-A14_24	17	
CH-STA-L26	CH-STA-L26-L02-DIST01	15	1000base-t	ACCE15_p48	CH-STA-L26-L02-ACCE15	48	Switch Access	USW	1000	USW-1G-L02-A15_48	17	
CH-STA-L26	CH-STA-L26-L02-DIST01	16	1000base-t	ACCE20_p24	CH-STA-L26-L02-ACCE20	24	Switch Access	USW	1000	USW-1G-L02-A20_24	17	
CH-STA-L26	CH-STA-L26-L02-DIST01	17	1000base-t	ACCE17_p24	CH-STA-L26-L02-ACCE17	24	Switch Access	USW	1000	USW-1G-L02-A17_24	17	
CH-STA-L26	CH-STA-L26-L02-DIST01	18	1000base-t	ACCE18_p24	CH-STA-L26-L02-ACCE18	24	Switch Access	USW	1000	USW-1G-L02-A18_24	17	
CH-STA-L26	CH-STA-L26-L02-DIST01	19	1000base-t	ACCE19_p24	CH-STA-L26-L02-ACCE19	24	Switch Access	USW	1000	USW-1G-L02-A19_24	17	
CH-STA-L26	CH-STA-L26-L02-DIST01	2	1000base-t	ACCE02_p24	CH-STA-L26-L02-ACCE02	24	Switch Access	USW	1000	USW-1G-L02-A02_24	17	
CH-STA-L26	CH-STA-L26-L02-DIST01	20	1000base-t	ACCE16_p24	CH-STA-L26-L02-ACCE16	24	Switch Access	USW	1000	USW-1G-L02-A16_24	17	
CH-STA-L26	CH-STA-L26-L02-DIST01	29	10gbase-x-sfpp	L02-CORE_tg.7.8	CH-STA-L26-L02-CORE01	1:23	Switch Core	USW	10000	USW-L02-C01_1_23	16	
CH-STA-L26	CH-STA-L26-L02-DIST01	3	1000base-t	ACCE03_p24	CH-STA-L26-L02-ACCE03	24	Switch Access	USW	1000	USW-1G-L02-A03_24	17	
CH-STA-L26	CH-STA-L26-L02-DIST01	30	10gbase-x-sfpp	L02-CORE_tg.3.8	CH-STA-L26-L02-CORE02	1:23	Switch Core	USW	10000	USW-L02-C02_1_23	16	
CH-STA-L26	CH-STA-L26-L02-DIST01	4	1000base-t	ACCE04_p24	CH-STA-L26-L02-ACCE04	24	Switch Access	USW	1000	USW-1G-L02-A04_24	17	
CH-STA-L26	CH-STA-L26-L02-DIST01	5	1000base-t	ACCE05_p28	CH-STA-L26-L02-ACCE05	48	Switch Access	USW	1000	USW-1G-L02-A05_48	17	
CH-STA-L26	CH-STA-L26-L02-DIST01	6	1000base-t	ACCE06_p24	CH-STA-L26-L02-ACCE06	24	Switch Access	USW	1000	USW-1G-L02-A06_24	17	
CH-STA-L26	CH-STA-L26-L02-DIST01	7	1000base-t	ACCE07_p24	CH-STA-L26-L02-ACCE07	24	Switch Access	USW	1000	USW-1G-L02-A07_24	17	
CH-STA-L26	CH-STA-L26-L02-DIST01	8	1000base-t	ACCE08_p24	CH-STA-L26-L02-ACCE08	24	Switch Access	USW	1000	USW-1G-L02-A08_24	17	
CH-STA-L26	CH-STA-L26-L02-DIST01	9	1000base-t	ACCE09_p24	CH-STA-L26-L02-ACCE09	24	Switch Access	USW	1000	USW-1G-L02-A09_24	17	
CH-STA-L26	CH-STA-L26-L02-CORE01	1/19	10gbase-x-sfpp	L26-GFL-Di02:29	CH-STA-L26-GFL-DIST01	29	Switch Dist	USW	10000	USW-GFL-D01_29	14	
CH-STA-L26	CH-STA-L26-L02-CORE01	1/2	10gbase-x-sfpp	S-FWZONE:X1	CH-STA-L26-FWZone01	x1	Firewall	USW	10000	USW-FW01_X1	11	
CH-STA-L26	CH-STA-L26-L02-CORE01	1/20	10gbase-x-sfpp	L26-GFL-Di01:29	CH-STA-L26-GFL-DIST02	29	Switch Dist	USW	10000	USW-GFL-D02_29	14	
CH-STA-L26	CH-STA-L26-L02-CORE01	1/21	10gbase-x-sfpp	L26-L01-Di01:29	CH-STA-L26-L01-DIST01	29	Switch Dist	USW	10000	USW-L01-D01_29	14	
CH-STA-L26	CH-STA-L26-L02-CORE01	1/22	10gbase-x-sfpp	L26-L01-Di02:29	CH-STA-L26-L01-DIST02	29	Switch Dist	USW	10000	USW-L01-D02_29	14	
CH-STA-L26	CH-STA-L26-L02-CORE01	1/23	10gbase-x-sfpp	L26-L02-Di01:30	CH-STA-L26-L02-DIST01	29	Switch Dist	USW	10000	USW-L02-D01_29	14	
CH-STA-L26	CH-STA-L26-L02-CORE01	1/24	10gbase-x-sfpp	NNI:L26-Co02:1/24	CH-STA-L26-L02-CORE02	1:24	Switch Core	USW	10000	USW-L02-C02_1_24	16	
CH-STA-L26	CH-STA-L26-L02-CORE01	1/3	10gbase-x-sfpp	S-FWZONE:X3	CH-STA-L26-FWZone01	x3	Firewall	USW	10000	USW-FW01_X3	11	
CH-STA-L26	CH-STA-L26-L02-CORE01	1/4	1000base-t	FWZONE-HA1	CH-STA-L26-FWZone01	ha	Firewall	USW	1000	USW-1G-FW01_HA	14	
CH-STA-L26	CH-STA-L26-L02-CORE01	1/7	10gbase-x-sfpp	NNI:L26-L02-MGMT01_1/29	CH-STA-L26-L02-MGMT03	1:29	Switch Mgmt	USW	10000	USW-L02-M03_1_29	16	
CH-STA-L26	CH-STA-L26-L02-CORE01	2/1	10gbase-x-sfpp	NNI:L26-Co02:2/1	CH-STA-L26-L02-CORE02	2:1	Switch Core	USW	10000	USW-L02-C02_2_1	15	
CH-STA-L26	CH-STA-L26-L02-CORE01	2/2	10gbase-x-sfpp	NNI:L50-Co01:2/2	CH-STA-L50-L01-CORE01	2:2	Switch Core	USW	10000	USW-L50-C01_2_2	15	
CH-STA-L26	CH-STA-L26-L02-CORE01	2/3	10gbase-x-sfpp	NNI:L50-Co01:2/3	CH-STA-L50-L01-CORE01	2:3	Switch Core	USW	10000	USW-L50-C01_2_3	15	
CH-STA-L26	CH-STA-L26-L02-CORE01	2/4	10gbase-x-sfpp	NNI:L26-Co03:2/4	CH-STA-L26-L02-MGMT01	1:22	Switch Mgmt	USW	10000	USW-L02-M01_1_22	16	
CH-STA-L26	CH-STA-L26-L02-CORE02	1/19	10gbase-x-sfpp	L26-GFL-Di02:30	CH-STA-L26-GFL-DIST01	30	Switch Dist	USW	10000	USW-GFL-D01_30	14	
CH-STA-L26	CH-STA-L26-L02-CORE02	1/2	10gbase-x-sfpp	S-FWZONE:X2	CH-STA-L26-FWZone01	x2	Firewall	USW	10000	USW-FW01_X2	11	
CH-STA-L26	CH-STA-L26-L02-CORE02	1/20	10gbase-x-sfpp	L26-GFL-Di01:30	CH-STA-L26-GFL-DIST02	30	Switch Dist	USW	10000	USW-GFL-D02_30	14	
CH-STA-L26	CH-STA-L26-L02-CORE02	1/21	10gbase-x-sfpp	L26-L01-Di01:30	CH-STA-L26-L01-DIST01	30	Switch Dist	USW	10000	USW-L01-D01_30	14	
CH-STA-L26	CH-STA-L26-L02-CORE02	1/22	10gbase-x-sfpp	L26-L01-Di02:30	CH-STA-L26-L01-DIST02	30	Switch Dist	USW	10000	USW-L01-D02_30	14	
CH-STA-L26	CH-STA-L26-L02-CORE02	1/23	10gbase-x-sfpp	L26-L02-Di01:29	CH-STA-L26-L02-DIST01	30	Switch Dist	USW	10000	USW-L02-D01_30	14	
CH-STA-L26	CH-STA-L26-L02-CORE02	1/24	10gbase-x-sfpp	NNI:L26-Co01:1/24	CH-STA-L26-L02-CORE01	1:24	Switch Core	USW	10000	USW-L02-C01_1_24	16	
CH-STA-L26	CH-STA-L26-L02-CORE02	1/3	10gbase-x-sfpp	S-FWZONE:X4	CH-STA-L26-FWZone01	x4	Firewall	USW	10000	USW-FW01_X4	11	
CH-STA-L26	CH-STA-L26-L02-CORE02	1/4	1000base-t	FWZONE-HA2	CH-STA-L26-FWZone01	port1	Firewall	USW	1000	USW-1G-FW01_1	13	
CH-STA-L26	CH-STA-L26-L02-CORE02	1/7	10gbase-x-sfpp	NNI:L26-L02-MGMT01_1/30	CH-STA-L26-L02-MGMT03	1:30	Switch Mgmt	USW	10000	USW-L02-M03_1_30	16	
CH-STA-L26	CH-STA-L26-L02-CORE02	2/1	10gbase-x-sfpp	NNI:L26-Co01:2/1	CH-STA-L26-L02-CORE01	2:1	Switch Core	USW	10000	USW-L02-C01_2_1	15	
CH-STA-L26	CH-STA-L26-L02-CORE02	2/2	10gbase-x-sfpp	NNI:L50-Co02:2/2	CH-STA-L50-L01-CORE02	2:2	Switch Core	USW	10000	USW-L50-C02_2_2	15	
CH-STA-L26	CH-STA-L26-L02-CORE02	2/3	10gbase-x-sfpp	NNI:L50-Co02:2/3	CH-STA-L50-L01-CORE02	2:3	Switch Core	USW	10000	USW-L50-C02_2_3	15	
CH-STA-L26	CH-STA-L26-L02-CORE02	2/4	10gbase-x-sfpp	NNI:L26-Co04:2/4	CH-STA-L26-L02-MGMT02	1:22	Switch Mgmt	USW	10000	USW-L02-M02_1_22	16	
CH-STA-L26	CH-STA-L26-L02-MGMT01	1/22	10gbase-x-sfpp	NNI:L26-Co01:1/22	CH-STA-L26-L02-CORE01	2:4	Switch Core	USW	10000	USW-L02-C01_2_4	15	
CH-STA-L26	CH-STA-L26-L02-MGMT01	1/23	10gbase-x-sfpp	NNI:L26-MGMT02:1/23	CH-STA-L26-L02-MGMT02	1:23	Switch Mgmt	USW	10000	USW-L02-M02_1_23	16	
CH-STA-L26	CH-STA-L26-L02-MGMT01	1/24	10gbase-x-sfpp	NNI:L26-MGMT02:1/24	CH-STA-L26-L02-MGMT02	1:24	Switch Mgmt	USW	10000	USW-L02-M02_1_24	16	
CH-STA-L26	CH-STA-L26-L02-MGMT02	1/22	10gbase-x-sfpp	NNI:L26-Co02:1/22	CH-STA-L26-L02-CORE02	2:4	Switch Core	USW	10000	USW-L02-C02_2_4	15	
CH-STA-L26	CH-STA-L26-L02-MGMT02	1/23	10gbase-x-sfpp	NNI:L26-MGMT01:1/23	CH-STA-L26-L02-MGMT01	1:23	Switch Mgmt	USW	10000	USW-L02-M01_1_23	16	
CH-STA-L26	CH-STA-L26-L02-MGMT02	1/24	10gbase-x-sfpp	NNI:L26-MGMT01:1/24	CH-STA-L26-L02-MGMT01	1:24	Switch Mgmt	USW	10000	USW-L02-M01_1_24	16	
CH-STA-L26	CH-STA-L26-L02-MGMT03	1/1	1000base-t	COH-N01-ILO	lr50-san10-n01.sensirion.lokal	Embedded NIC 1 Port 1 Partition 1 (NIC.Embedded.1-1)	Cohesity	MON	1000	MON-LR50-SAN10-N01	18	
CH-STA-L26	CH-STA-L26-L02-MGMT03	1/10	1000base-t	COH-N10-ILO	lr50-san10-n11.sensirion.lokal	Embedded NIC 1 Port 1 Partition 1 (NIC.Embedded.1-1)	Cohesity	MON	1000	MON-LR50-SAN10-N11	18	
CH-STA-L26	CH-STA-L26-L02-MGMT03	1/11	1000base-t	COH-N11-ILO	lr50-san10-n10.sensirion.lokal	Embedded NIC 1 Port 1 Partition 1 (NIC.Embedded.1-1)	Cohesity	MON	1000	MON-LR50-SAN10-N10	18	
CH-STA-L26	CH-STA-L26-L02-MGMT03	1/12	1000base-t	COH-N12-ILO	lr50-san10-n12.sensirion.lokal	Embedded NIC 1 Port 1 Partition 1 (NIC.Embedded.1-1)	Cohesity	MON	1000	MON-LR50-SAN10-N12	18	
CH-STA-L26	CH-STA-L26-L02-MGMT03	1/13	1000base-t	COH-N13-ILO	lr50-san10-n13.sensirion.lokal	Embedded NIC 1 Port 1 Partition 1 (NIC.Embedded.1-1)	Cohesity	MON	1000	MON-LR50-SAN10-N13	18	
CH-STA-L26	CH-STA-L26-L02-MGMT03	1/14	1000base-t	COH-N14-ILO	lr50-san10-n14.sensirion.lokal	Embedded NIC 1 Port 1 Partition 1 (NIC.Embedded.1-1)	Cohesity	MON	1000	MON-LR50-SAN10-N14	18	
CH-STA-L26	CH-STA-L26-L02-MGMT03	1/15	1000base-t	COH-N15-ILO	lr50-san10-n15.sensirion.lokal	Embedded NIC 1 Port 1 Partition 1 (NIC.Embedded.1-1)	Cohesity	MON	1000	MON-LR50-SAN10-N15	18	
CH-STA-L26	CH-STA-L26-L02-MGMT03	1/16	1000base-t	COH-N16-ILO	lr50-san10-n16.sensirion.lokal	Embedded NIC 1 Port 1 Partition 1 (NIC.Embedded.1-1)	Cohesity	MON	1000	MON-LR50-SAN10-N16	18	
CH-STA-L26	CH-STA-L26-L02-MGMT03	1/2	1000base-t	COH-N02-ILO	lr50-san10-n02.sensirion.lokal	Embedded NIC 1 Port 1 Partition 1 (NIC.Embedded.1-1)	Cohesity	MON	1000	MON-LR50-SAN10-N02	18	
CH-STA-L26	CH-STA-L26-L02-MGMT03	1/3	1000base-t	COH-N03-ILO	lr50-san10-n03.sensirion.lokal	Embedded NIC 1 Port 1 Partition 1 (NIC.Embedded.1-1)	Cohesity	MON	1000	MON-LR50-SAN10-N03	18	
CH-STA-L26	CH-STA-L26-L02-MGMT03	1/4	1000base-t	COH-N04-ILO	lr50-san10-n04.sensirion.lokal	Embedded NIC 1 Port 1 Partition 1 (NIC.Embedded.1-1)	Cohesity	MON	1000	MON-LR50-SAN10-N04	18	
CH-STA-L26	CH-STA-L26-L02-MGMT03	1/5	1000base-t	COH-N05-ILO	lr50-san10-n05.sensirion.lokal	Embedded NIC 1 Port 1 Partition 1 (NIC.Embedded.1-1)	Cohesity	MON	1000	MON-LR50-SAN10-N05	18	
CH-STA-L26	CH-STA-L26-L02-MGMT03	1/6	1000base-t	COH-N06-ILO	lr50-san10-n06.sensirion.lokal	Embedded NIC 1 Port 1 Partition 1 (NIC.Embedded.1-1)	Cohesity	MON	1000	MON-LR50-SAN10-N06	18	
CH-STA-L26	CH-STA-L26-L02-MGMT03	1/7	1000base-t	COH-N07-ILO	lr50-san10-n08.sensirion.lokal	Embedded NIC 1 Port 1 Partition 1 (NIC.Embedded.1-1)	Cohesity	MON	1000	MON-LR50-SAN10-N08	18	
CH-STA-L26	CH-STA-L26-L02-MGMT03	1/8	1000base-t	COH-N08-ILO	lr50-san10-n07.sensirion.lokal	Embedded NIC 1 Port 1 Partition 1 (NIC.Embedded.1-1)	Cohesity	MON	1000	MON-LR50-SAN10-N07	18	
CH-STA-L26	CH-STA-L26-L02-MGMT03	1/9	1000base-t	COH-N09-ILO	lr50-san10-n09.sensirion.lokal	Embedded NIC 1 Port 1 Partition 1 (NIC.Embedded.1-1)	Cohesity	MON	1000	MON-LR50-SAN10-N09	18	
CH-STA-L26	CH-STA-L26-L02-MGMT03	1/18	1000base-t	FWZone-MGMT	CH-STA-L26-FWZone01	mgmt	Firewall	USW	1000	USW-1G-FW01_MGMT	16	
CH-STA-L26	CH-STA-L26-L02-MGMT03	1/19	1000base-t	S-FWZONE_p13	CH-STA-L26-FWZone01	port13	Firewall	USW	1000	USW-1G-FW01_13	14	
CH-STA-L26	CH-STA-L26-L02-MGMT03	1/20	1000base-t	S-FWZONE_p14	CH-STA-L26-FWZone01	port14	Firewall	USW	1000	USW-1G-FW01_14	14	
CH-STA-L26	CH-STA-L26-L02-MGMT03	1/21	1000base-t	S-FWZONE_p15	CH-STA-L26-FWZone01	port15	Firewall	USW	1000	USW-1G-FW01_15	14	
CH-STA-L26	CH-STA-L26-L02-MGMT03	1/22	1000base-t	S-FWZONE_p16	CH-STA-L26-FWZone01	port16	Firewall	USW	1000	USW-1G-FW01_16	14	
CH-STA-L26	CH-STA-L26-L02-MGMT03	1/29	10gbase-x-sfpp	NNI-port	CH-STA-L26-L02-CORE01	1:7	Switch Core	USW	10000	USW-L02-C01_1_7	15	
CH-STA-L26	CH-STA-L26-L02-MGMT03	1/30	10gbase-x-sfpp	NNI-port	CH-STA-L26-L02-CORE02	1:7	Switch Core	USW	10000	USW-L02-C02_1_7	15	
CH-STA-L42	CH-STA-L42-CORE01-1	1:14	10gbase-x-sfpp	LR50-CORE_tg.3.1	CH-STA-L50-L01-CORE02	1:22	Switch Core	USW	10000	USW-L50-C02_1_22	16	
CH-STA-L42	CH-STA-L42-CORE01-1	1:15	extreme-summitstack	Stack-CORE02_p16	CH-STA-L42-CORE01-2	02:16	Switch Core	USW		USW-C01_2_16	12	stack
CH-STA-L42	CH-STA-L42-CORE01-1	1:16	extreme-summitstack	Stack-CORE02_p15	CH-STA-L42-CORE01-2	02:15	Switch Core	USW		USW-C01_2_15	12	stack
CH-STA-L42	CH-STA-L42-CORE01-1	1:3	1000base-x-sfp	L42-L02-DIST01_p	CH-STA-L42-L02-DIST01	29	Switch Dist	USW	1000	USW-1G-L02-D01_29	17	
CH-STA-L42	CH-STA-L42-CORE01-1	1:4	1000base-x-sfp	L42-L03-DIST01_p	CH-STA-L42-L03-DIST01	30	Switch Dist	USW	1000	USW-1G-L03-D01_30	17	
CH-STA-L42	CH-STA-L42-CORE01-1	1:5	1000base-x-sfp	L42-L04-DIST01_p	CH-STA-L42-L04-DIST01	23	Switch Dist	USW	1000	USW-1G-L04-D01_23	17	
CH-STA-L42	CH-STA-L42-CORE01-2	2:14	10gbase-x-sfpp	LR50-CORE_tg.7.1	CH-STA-L50-L01-CORE01	1:22	Switch Core	USW	10000	USW-L50-C01_1_22	16	
CH-STA-L42	CH-STA-L42-CORE01-2	2:15	extreme-summitstack	Stack-CORE01_p16	CH-STA-L42-CORE01-1	01:16	Switch Core	USW		USW-C01_1_16	12	stack
CH-STA-L42	CH-STA-L42-CORE01-2	2:16	extreme-summitstack	Stack-CORE01_p15	CH-STA-L42-CORE01-1	01:15	Switch Core	USW		USW-C01_1_15	12	stack
CH-STA-L42	CH-STA-L42-CORE01-2	2:3	1000base-x-sfp	L42-L02-DIST01_p	CH-STA-L42-L02-DIST01	30	Switch Dist	USW	1000	USW-1G-L02-D01_30	17	
CH-STA-L42	CH-STA-L42-CORE01-2	2:4	1000base-x-sfp	L42-L03-DIST01_p	CH-STA-L42-L03-DIST01	29	Switch Dist	USW	1000	USW-1G-L03-D01_29	17	
CH-STA-L42	CH-STA-L42-CORE01-2	2:5	1000base-x-sfp	L42-L04-DIST01_p	CH-STA-L42-L04-DIST01	24	Switch Dist	USW	1000	USW-1G-L04-D01_24	17	
CH-STA-L42	CH-STA-L42-L02-ACCE01	1	1000base-t	L02-ACPO01	CH-STA-L42-L02-ACPO01	mgmt0	Access Point	UP	1000	UP-L02-AP01	11	
CH-STA-L42	CH-STA-L42-L02-ACCE01	2	1000base-t	L02-ACPO02	CH-STA-L42-L02-ACPO02	mgmt0	Access Point	UP	1000	UP-L02-AP02	11	
CH-STA-L42	CH-STA-L42-L02-ACCE01	23	1000base-t	L02-DIST01_p1	CH-STA-L42-L02-DIST01	1	Switch Dist	USW	1000	USW-1G-L02-D01_1	16	
CH-STA-L42	CH-STA-L42-L02-ACCE01	24	1000base-t	L02-DIST01_p2	CH-STA-L42-L02-DIST01	2	Switch Dist	USW	1000	USW-1G-L02-D01_2	16	
CH-STA-L42	CH-STA-L42-L02-ACCE01	3	1000base-t	L02-ACPO03	CH-STA-L42-L02-ACPO03	mgmt0	Access Point	UP	1000	UP-L02-AP03	11	
CH-STA-L42	CH-STA-L42-L02-ACCE01	4	1000base-t	L02-ACPO04	CH-STA-L42-L02-ACPO04	mgmt0	Access Point	UP	1000	UP-L02-AP04	11	
CH-STA-L42	CH-STA-L42-L02-ACCE01	5	1000base-t	L02-ACPO05	CH-STA-L42-L02-ACPO05	mgmt0	Access Point	UP	1000	UP-L02-AP05	11	
CH-STA-L42	CH-STA-L42-L02-ACCE02	23	1000base-t	L02-DIST01_p2	CH-STA-L42-L02-DIST01	3	Switch Dist	USW	1000	USW-1G-L02-D01_3	16	
CH-STA-L42	CH-STA-L42-L02-ACCE02	24	1000base-t	L02-DIST01_p3	CH-STA-L42-L02-DIST01	4	Switch Dist	USW	1000	USW-1G-L02-D01_4	16	
CH-STA-L42	CH-STA-L42-L02-ACCE03	23	1000base-t	L02-DIST01_p5	CH-STA-L42-L02-DIST01	5	Switch Dist	USW	1000	USW-1G-L02-D01_5	16	
CH-STA-L42	CH-STA-L42-L02-ACCE03	24	1000base-t	L02-DIST01_p6	CH-STA-L42-L02-DIST01	6	Switch Dist	USW	1000	USW-1G-L02-D01_6	16	
CH-STA-L42	CH-STA-L42-L02-ACCE04	23	1000base-t	L02-DIST01_p7	CH-STA-L42-L02-DIST01	7	Switch Dist	USW	1000	USW-1G-L02-D01_7	16	
CH-STA-L42	CH-STA-L42-L02-ACCE04	24	1000base-t	L02-DIST01_p8	CH-STA-L42-L02-DIST01	8	Switch Dist	USW	1000	USW-1G-L02-D01_8	16	
CH-STA-L42	CH-STA-L42-L02-ACCE05	23	1000base-t	L02-DIST01_p5	CH-STA-L42-L02-DIST01	9	Switch Dist	USW	1000	USW-1G-L02-D01_9	16	
CH-STA-L42	CH-STA-L42-L02-ACCE05	24	1000base-t	L02-DIST01_p6	CH-STA-L42-L02-DIST01	10	Switch Dist	USW	1000	USW-1G-L02-D01_10	17	
CH-STA-L42	CH-STA-L42-L02-DIST01	1	1000base-t	L02-ACCE01_p23	CH-STA-L42-L02-ACCE01	23	Switch Access	USW	1000	USW-1G-L02-A01_23	17	
CH-STA-L42	CH-STA-L42-L02-DIST01	10	1000base-t	L02-ACCE05_p24	CH-STA-L42-L02-ACCE05	24	Switch Access	USW	1000	USW-1G-L02-A05_24	17	
CH-STA-L42	CH-STA-L42-L02-DIST01	2	1000base-t	L02-ACCE01_p24	CH-STA-L42-L02-ACCE01	24	Switch Access	USW	1000	USW-1G-L02-A01_24	17	
CH-STA-L42	CH-STA-L42-L02-DIST01	29	1000base-x-sfp	L04-CORE01_p3	CH-STA-L42-CORE01-1	01:03	Switch Core	USW	1000	USW-1G-C01_1_3	14	
CH-STA-L42	CH-STA-L42-L02-DIST01	3	1000base-t	L02-ACCE02_p23	CH-STA-L42-L02-ACCE02	23	Switch Access	USW	1000	USW-1G-L02-A02_23	17	
CH-STA-L42	CH-STA-L42-L02-DIST01	30	1000base-x-sfp	L04-CORE02_p3	CH-STA-L42-CORE01-2	02:03	Switch Core	USW	1000	USW-1G-C01_2_3	14	
CH-STA-L42	CH-STA-L42-L02-DIST01	4	1000base-t	L02-ACCE02_p24	CH-STA-L42-L02-ACCE02	24	Switch Access	USW	1000	USW-1G-L02-A02_24	17	
CH-STA-L42	CH-STA-L42-L02-DIST01	5	1000base-t	L02-ACCE03_p23	CH-STA-L42-L02-ACCE03	23	Switch Access	USW	1000	USW-1G-L02-A03_23	17	
CH-STA-L42	CH-STA-L42-L02-DIST01	6	1000base-t	L02-ACCE03_p24	CH-STA-L42-L02-ACCE03	24	Switch Access	USW	1000	USW-1G-L02-A03_24	17	
CH-STA-L42	CH-STA-L42-L02-DIST01	7	1000base-t	L02-ACCE04_p23	CH-STA-L42-L02-ACCE04	23	Switch Access	USW	1000	USW-1G-L02-A04_23	17	
CH-STA-L42	CH-STA-L42-L02-DIST01	8	1000base-t	L02-ACCE04_p24	CH-STA-L42-L02-ACCE04	24	Switch Access	USW	1000	USW-1G-L02-A04_24	17	
CH-STA-L42	CH-STA-L42-L02-DIST01	9	1000base-t	L02-ACCE05_p23	CH-STA-L42-L02-ACCE05	23	Switch Access	USW	1000	USW-1G-L02-A05_23	17	
CH-STA-L42	CH-STA-L42-L03-ACCE01	23	1000base-t	L03-DIST01_p1	CH-STA-L42-L03-DIST01	1	Switch Dist	USW	1000	USW-1G-L03-D01_1	16	
CH-STA-L42	CH-STA-L42-L03-ACCE01	24	1000base-t	L03-DIST01_p2	CH-STA-L42-L03-DIST01	2	Switch Dist	USW	1000	USW-1G-L03-D01_2	16	
CH-STA-L42	CH-STA-L42-L03-ACCE02	1	1000base-t		CH-STA-L42-L03-ACPO01	mgmt0	Access Point	UP	1000	UP-L03-AP01	11	
CH-STA-L42	CH-STA-L42-L03-ACCE02	2	1000base-t		CH-STA-L42-L03-ACPO02	mgmt0	Access Point	UP	1000	UP-L03-AP02	11	
CH-STA-L42	CH-STA-L42-L03-ACCE02	23	1000base-t	L03-DIST01_p3	CH-STA-L42-L03-DIST01	3	Switch Dist	USW	1000	USW-1G-L03-D01_3	16	
CH-STA-L42	CH-STA-L42-L03-ACCE02	24	1000base-t	L03-DIST01_p4	CH-STA-L42-L03-DIST01	4	Switch Dist	USW	1000	USW-1G-L03-D01_4	16	
CH-STA-L42	CH-STA-L42-L03-ACCE02	3	1000base-t		CH-STA-L42-L03-ACPO03	mgmt0	Access Point	UP	1000	UP-L03-AP03	11	
CH-STA-L42	CH-STA-L42-L03-ACCE02	4	1000base-t		CH-STA-L42-L03-ACPO04	mgmt0	Access Point	UP	1000	UP-L03-AP04	11	
CH-STA-L42	CH-STA-L42-L03-ACCE02	5	1000base-t		CH-STA-L42-L03-ACPO06	mgmt0	Access Point	UP	1000	UP-L03-AP06	11	
CH-STA-L42	CH-STA-L42-L03-ACCE02	6	1000base-t		CH-STA-L42-L03-ACPO05	mgmt0	Access Point	UP	1000	UP-L03-AP05	11	
CH-STA-L42	CH-STA-L42-L03-ACCE03	23	1000base-t	L03-DIST01_p5	CH-STA-L42-L03-DIST01	5	Switch Dist	USW	1000	USW-1G-L03-D01_5	16	
CH-STA-L42	CH-STA-L42-L03-ACCE03	24	1000base-t	L03-DIST01_p6	CH-STA-L42-L03-DIST01	6	Switch Dist	USW	1000	USW-1G-L03-D01_6	16	
CH-STA-L42	CH-STA-L42-L03-DIST01	1	1000base-t	L03-ACCE01_p23	CH-STA-L42-L03-ACCE01	23	Switch Access	USW	1000	USW-1G-L03-A01_23	17	
CH-STA-L42	CH-STA-L42-L03-DIST01	2	1000base-t	L03-ACCE01_p24	CH-STA-L42-L03-ACCE01	24	Switch Access	USW	1000	USW-1G-L03-A01_24	17	
CH-STA-L42	CH-STA-L42-L03-DIST01	29	1000base-x-sfp	L04-CORE01_p3	CH-STA-L42-CORE01-2	02:04	Switch Core	USW	1000	USW-1G-C01_2_4	14	
CH-STA-L42	CH-STA-L42-L03-DIST01	3	1000base-t	L03-ACCE02_p23	CH-STA-L42-L03-ACCE02	23	Switch Access	USW	1000	USW-1G-L03-A02_23	17	
CH-STA-L42	CH-STA-L42-L03-DIST01	30	1000base-x-sfp	L04-CORE02_p3	CH-STA-L42-CORE01-1	01:04	Switch Core	USW	1000	USW-1G-C01_1_4	14	
CH-STA-L42	CH-STA-L42-L03-DIST01	4	1000base-t	L03-ACCE02_p24	CH-STA-L42-L03-ACCE02	24	Switch Access	USW	1000	USW-1G-L03-A02_24	17	
CH-STA-L42	CH-STA-L42-L03-DIST01	5	1000base-t	L03-ACCE03_p23	CH-STA-L42-L03-ACCE03	23	Switch Access	USW	1000	USW-1G-L03-A03_23	17	
CH-STA-L42	CH-STA-L42-L03-DIST01	6	1000base-t	L03-ACCE03_p24	CH-STA-L42-L03-ACCE03	24	Switch Access	USW	1000	USW-1G-L03-A03_24	17	
CH-STA-L42	CH-STA-L42-L04-ACCE01	47	1000base-t	L03-DIST01_p1	CH-STA-L42-L04-DIST01	1	Switch Dist	USW	1000	USW-1G-L04-D01_1	16	
CH-STA-L42	CH-STA-L42-L04-ACCE01	48	1000base-t	L03-DIST01_p2	CH-STA-L42-L04-DIST01	2	Switch Dist	USW	1000	USW-1G-L04-D01_2	16	
CH-STA-L42	CH-STA-L42-L04-ACCE02	1	1000base-t		CH-STA-L42-L04-ACPO01	mgmt0	Access Point	UP	1000	UP-L04-AP01	11	
CH-STA-L42	CH-STA-L42-L04-ACCE02	2	1000base-t		CH-STA-L42-L04-ACPO02	mgmt0	Access Point	UP	1000	UP-L04-AP02	11	
CH-STA-L42	CH-STA-L42-L04-ACCE02	23	1000base-t	L04-DIST01_p3	CH-STA-L42-L04-DIST01	3	Switch Dist	USW	1000	USW-1G-L04-D01_3	16	
CH-STA-L42	CH-STA-L42-L04-ACCE02	24	1000base-t	L04-DIST01_p4	CH-STA-L42-L04-DIST01	4	Switch Dist	USW	1000	USW-1G-L04-D01_4	16	
CH-STA-L42	CH-STA-L42-L04-ACCE02	3	1000base-t		CH-STA-L42-L04-ACPO03	mgmt0	Access Point	UP	1000	UP-L04-AP03	11	
CH-STA-L42	CH-STA-L42-L04-ACCE02	4	1000base-t		CH-STA-L42-L04-ACPO04	mgmt0	Access Point	UP	1000	UP-L04-AP04	11	
CH-STA-L42	CH-STA-L42-L04-DIST01	1	1000base-t	L04-ACCE01_p47	CH-STA-L42-L04-ACCE01	47	Switch Access	USW	1000	USW-1G-L04-A01_47	17	
CH-STA-L42	CH-STA-L42-L04-DIST01	2	1000base-t	L04-ACCE01_p48	CH-STA-L42-L04-ACCE01	48	Switch Access	USW	1000	USW-1G-L04-A01_48	17	
CH-STA-L42	CH-STA-L42-L04-DIST01	23	1000base-x-sfp	L04-CORE_p1:5	CH-STA-L42-CORE01-1	01:05	Switch Core	USW	1000	USW-1G-C01_1_5	14	
CH-STA-L42	CH-STA-L42-L04-DIST01	24	1000base-x-sfp	L04-CORE_p2:5	CH-STA-L42-CORE01-2	02:05	Switch Core	USW	1000	USW-1G-C01_2_5	14	
CH-STA-L42	CH-STA-L42-L04-DIST01	3	1000base-t	L04-ACCE02_p23	CH-STA-L42-L04-ACCE02	23	Switch Access	USW	1000	USW-1G-L04-A02_23	17	
CH-STA-L42	CH-STA-L42-L04-DIST01	4	1000base-t	L04-ACCE02_p24	CH-STA-L42-L04-ACCE02	24	Switch Access	USW	1000	USW-1G-L04-A02_24	17	
CH-STA-L44	CH-STA-L44-B01-ACCE02	24	1000base-t	UPLINK	CH-STA-L44-GFL-DIST02	21	Switch Dist	USW	1000	USW-1G-GFL-D02_21	17	
CH-STA-L44	CH-STA-L44-GFL-ACCE01	1	1000base-t	GFL-ACPO01	CH-STA-L44-GFL-ACPO01	mgmt0	Access Point	UP	1000	UP-GFL-AP01	11	
CH-STA-L44	CH-STA-L44-GFL-ACCE01	2	1000base-t	GFL-ACPO02	CH-STA-L44-GFL-ACPO02	mgmt0	Access Point	UP	1000	UP-GFL-AP02	11	
CH-STA-L44	CH-STA-L44-GFL-ACCE01	24	1000base-t	UPLINK	CH-STA-L44-GFL-DIST01	1	Switch Dist	USW	1000	USW-1G-GFL-D01_1	16	
CH-STA-L44	CH-STA-L44-GFL-ACCE01	3	1000base-t	GFL-ACPO03	CH-STA-L44-GFL-ACPO03	mgmt0	Access Point	UP	1000	UP-GFL-AP03	11	
CH-STA-L44	CH-STA-L44-GFL-ACCE01	4	1000base-t	GFL-ACPO04	CH-STA-L44-GFL-ACPO04	mgmt0	Access Point	UP	1000	UP-GFL-AP04	11	
CH-STA-L44	CH-STA-L44-GFL-ACCE01	5	1000base-t	GFL-ACPO05	CH-STA-L44-GFL-ACPO05	mgmt0	Access Point	UP	1000	UP-GFL-AP05	11	
CH-STA-L44	CH-STA-L44-GFL-ACCE01	6	1000base-t	B01-ACPO01	CH-STA-L44-B01-ACPO01	mgmt0	Access Point	UP	1000	UP-B01-AP01	11	
CH-STA-L44	CH-STA-L44-GFL-ACCE01	7	1000base-t	GFL-ACPO07	CH-STA-L44-GFL-ACPO07	mgmt0	Access Point	UP	1000	UP-GFL-AP07	11	
CH-STA-L44	CH-STA-L44-GFL-ACCE02	10	1000base-t	B01-ACPO03	CH-STA-L44-B01-ACPO03	mgmt0	Access Point	UP	1000	UP-B01-AP03	11	
CH-STA-L44	CH-STA-L44-GFL-ACCE02	11	1000base-t	B01-ACPO02	CH-STA-L44-B01-ACPO02	mgmt0	Access Point	UP	1000	UP-B01-AP02	11	
CH-STA-L44	CH-STA-L44-GFL-ACCE02	12	1000base-t	B01-ACPO04	CH-STA-L44-B01-ACPO04	mgmt0	Access Point	UP	1000	UP-B01-AP04	11	
CH-STA-L44	CH-STA-L44-GFL-ACCE02	24	1000base-t	UPLINK	CH-STA-L44-GFL-DIST02	1	Switch Dist	USW	1000	USW-1G-GFL-D02_1	16	
CH-STA-L44	CH-STA-L44-GFL-ACCE02	6	1000base-t	GFL-ACPO06	CH-STA-L44-GFL-ACPO06	mgmt0	Access Point	UP	1000	UP-GFL-AP06	11	
CH-STA-L44	CH-STA-L44-GFL-ACCE02	8	1000base-t	GFL-ACPO08	CH-STA-L44-GFL-ACPO08	mgmt0	Access Point	UP	1000	UP-GFL-AP08	11	
CH-STA-L44	CH-STA-L44-GFL-ACCE03	24	1000base-t		CH-STA-L44-GFL-DIST01	2	Switch Dist	USW	1000	USW-1G-GFL-D01_2	16	
CH-STA-L44	CH-STA-L44-GFL-ACCE04	24	1000base-t		CH-STA-L44-GFL-DIST02	2	Switch Dist	USW	1000	USW-1G-GFL-D02_2	16	
CH-STA-L44	CH-STA-L44-GFL-ACCE05	48	1000base-t	GFL-DIST01_p3	CH-STA-L44-GFL-DIST01	3	Switch Dist	USW	1000	USW-1G-GFL-D01_3	16	
CH-STA-L44	CH-STA-L44-GFL-ACCE06	24	1000base-t	GFL-DIST01_p4	CH-STA-L44-GFL-DIST01	4	Switch Dist	USW	1000	USW-1G-GFL-D01_4	16	
CH-STA-L44	CH-STA-L44-GFL-ACCE07	24	1000base-t	GFL-DIST02_p3	CH-STA-L44-GFL-DIST02	3	Switch Dist	USW	1000	USW-1G-GFL-D02_3	16	
CH-STA-L44	CH-STA-L44-GFL-ACCE08	48	1000base-t	GFL-DIST02_p4	CH-STA-L44-GFL-DIST02	4	Switch Dist	USW	1000	USW-1G-GFL-D02_4	16	
CH-STA-L44	CH-STA-L44-GFL-DIST01	1	1000base-t	GFL-ACCE01_p24	CH-STA-L44-GFL-ACCE01	24	Switch Access	USW	1000	USW-1G-GFL-A01_24	17	
CH-STA-L44	CH-STA-L44-GFL-DIST01	2	1000base-t	GFL-ACCE03_p24	CH-STA-L44-GFL-ACCE03	24	Switch Access	USW	1000	USW-1G-GFL-A03_24	17	
CH-STA-L44	CH-STA-L44-GFL-DIST01	29	10gbase-x-sfpp	L02-CORE01	CH-STA-L44-L02-CORE01-1	01:02	Switch Core	USW	10000	USW-L02-C01_1_2	15	
CH-STA-L44	CH-STA-L44-GFL-DIST01	3	1000base-t	GFL-ACCE05_p24	CH-STA-L44-GFL-ACCE05	48	Switch Access	USW	1000	USW-1G-GFL-A05_48	17	
CH-STA-L44	CH-STA-L44-GFL-DIST01	30	10gbase-x-sfpp	L02-CORE02	CH-STA-L44-L02-CORE01-2	02:02	Switch Core	USW	10000	USW-L02-C01_2_2	15	
CH-STA-L44	CH-STA-L44-GFL-DIST01	4	1000base-t	GFL-ACCE06_p24	CH-STA-L44-GFL-ACCE06	24	Switch Access	USW	1000	USW-1G-GFL-A06_24	17	
CH-STA-L44	CH-STA-L44-GFL-DIST02	1	1000base-t	GFL-ACCE02_p24	CH-STA-L44-GFL-ACCE02	24	Switch Access	USW	1000	USW-1G-GFL-A02_24	17	
CH-STA-L44	CH-STA-L44-GFL-DIST02	2	1000base-t	GFL-ACCE04_p24	CH-STA-L44-GFL-ACCE04	24	Switch Access	USW	1000	USW-1G-GFL-A04_24	17	
CH-STA-L44	CH-STA-L44-GFL-DIST02	21	1000base-t	B01-ACCE01_p24	CH-STA-L44-B01-ACCE02	24	Switch Access	USW	1000	USW-1G-B01-A02_24	17	
CH-STA-L44	CH-STA-L44-GFL-DIST02	29	10gbase-x-sfpp	L02-CORE01	CH-STA-L44-L02-CORE01-1	01:03	Switch Core	USW	10000	USW-L02-C01_1_3	15	
CH-STA-L44	CH-STA-L44-GFL-DIST02	3	1000base-t	GFL-ACCE07_p24	CH-STA-L44-GFL-ACCE07	24	Switch Access	USW	1000	USW-1G-GFL-A07_24	17	
CH-STA-L44	CH-STA-L44-GFL-DIST02	30	10gbase-x-sfpp	L02-CORE02	CH-STA-L44-L02-CORE01-2	02:03	Switch Core	USW	10000	USW-L02-C01_2_3	15	
CH-STA-L44	CH-STA-L44-GFL-DIST02	4	1000base-t	GFL-ACCE08_p48	CH-STA-L44-GFL-ACCE08	48	Switch Access	USW	1000	USW-1G-GFL-A08_48	17	
CH-STA-L44	CH-STA-L44-L01-ACCE01	2	1000base-t	L01-ACPO02	CH-STA-L44-L01-ACPO02	mgmt0	Access Point	UP	1000	UP-L01-AP02	11	
CH-STA-L44	CH-STA-L44-L01-ACCE01	24	1000base-t		CH-STA-L44-L01-DIST01	1	Switch Dist	USW	1000	USW-1G-L01-D01_1	16	
CH-STA-L44	CH-STA-L44-L01-ACCE01	3	1000base-t	L01-ACPO03	CH-STA-L44-L01-ACPO03	mgmt0	Access Point	UP	1000	UP-L01-AP03	11	
CH-STA-L44	CH-STA-L44-L01-ACCE01	5	1000base-t	L01-ACPO05	CH-STA-L44-L01-ACPO05	mgmt0	Access Point	UP	1000	UP-L01-AP05	11	
CH-STA-L44	CH-STA-L44-L01-ACCE01	6	1000base-t	L01-ACPO06	CH-STA-L44-L01-ACPO06	mgmt0	Access Point	UP	1000	UP-L01-AP06	11	
CH-STA-L44	CH-STA-L44-L01-ACCE01	9	1000base-t	GFL-ACPO09	CH-STA-L44-GFL-ACPO09	mgmt0	Access Point	UP	1000	UP-GFL-AP09	11	
CH-STA-L44	CH-STA-L44-L01-ACCE02	1	1000base-t	L01-ACPO01	CH-STA-L44-L01-ACPO01	mgmt0	Access Point	UP	1000	UP-L01-AP01	11	
CH-STA-L44	CH-STA-L44-L01-ACCE02	2	1000base-t	L01-ACPO11	CH-STA-L44-L01-ACPO11	mgmt0	Access Point	UP	1000	UP-L01-AP11	11	
CH-STA-L44	CH-STA-L44-L01-ACCE02	23	1000base-t	L01-DIST02	CH-STA-L44-L01-DIST02	2	Switch Dist	USW	1000	USW-1G-L01-D02_2	16	
CH-STA-L44	CH-STA-L44-L01-ACCE02	24	1000base-t	L01-DIST02	CH-STA-L44-L01-DIST02	1	Switch Dist	USW	1000	USW-1G-L01-D02_1	16	
CH-STA-L44	CH-STA-L44-L01-ACCE02	3	1000base-t	L01-ACPO07	CH-STA-L44-L01-ACPO07	mgmt0	Access Point	UP	1000	UP-L01-AP07	11	
CH-STA-L44	CH-STA-L44-L01-ACCE02	4	1000base-t	L01-ACPO04	CH-STA-L44-L01-ACPO04	mgmt0	Access Point	UP	1000	UP-L01-AP04	11	
CH-STA-L44	CH-STA-L44-L01-ACCE02	5	1000base-t	L01-ACPO09	CH-STA-L44-L01-ACPO09	mgmt0	Access Point	UP	1000	UP-L01-AP09	11	
CH-STA-L44	CH-STA-L44-L01-ACCE02	6	1000base-t	L01-ACPO10	CH-STA-L44-L01-ACPO10	mgmt0	Access Point	UP	1000	UP-L01-AP10	11	
CH-STA-L44	CH-STA-L44-L01-ACCE02	7	1000base-t	L01-ACPO12	CH-STA-L44-L01-ACPO12	mgmt0	Access Point	UP	1000	UP-L01-AP12	11	
CH-STA-L44	CH-STA-L44-L01-ACCE03	48	1000base-t		CH-STA-L44-L01-DIST01	2	Switch Dist	USW	1000	USW-1G-L01-D01_2	16	
CH-STA-L44	CH-STA-L44-L01-ACCE04	48	1000base-t		CH-STA-L44-L01-DIST01	3	Switch Dist	USW	1000	USW-1G-L01-D01_3	16	
CH-STA-L44	CH-STA-L44-L01-ACCE05	23	1000base-t	L01_DIST02	CH-STA-L44-L01-DIST02	4	Switch Dist	USW	1000	USW-1G-L01-D02_4	16	
CH-STA-L44	CH-STA-L44-L01-ACCE05	24	1000base-t	L01_DIST02	CH-STA-L44-L01-DIST02	3	Switch Dist	USW	1000	USW-1G-L01-D02_3	16	
CH-STA-L44	CH-STA-L44-L01-ACCE06	23	1000base-x-sfp		CH-STA-L44-L02-CORE01-1	01:09	Switch Core	USW	1000	USW-1G-L02-C01_1_9	18	
CH-STA-L44	CH-STA-L44-L01-ACCE07	23	1000base-t	L01-DIST02	CH-STA-L44-L01-DIST02	6	Switch Dist	USW	1000	USW-1G-L01-D02_6	16	
CH-STA-L44	CH-STA-L44-L01-ACCE07	24	1000base-t	L01-DIST02	CH-STA-L44-L01-DIST02	5	Switch Dist	USW	1000	USW-1G-L01-D02_5	16	
CH-STA-L44	CH-STA-L44-L01-ACCE08	23	1000base-t	L01-DIST02	CH-STA-L44-L01-DIST02	7	Switch Dist	USW	1000	USW-1G-L01-D02_7	16	
CH-STA-L44	CH-STA-L44-L01-ACCE08	24	1000base-t	L01-DIST02	CH-STA-L44-L01-DIST02	8	Switch Dist	USW	1000	USW-1G-L01-D02_8	16	
CH-STA-L44	CH-STA-L44-L01-DIST01	1	1000base-t	L01-ACCE01_p24	CH-STA-L44-L01-ACCE01	24	Switch Access	USW	1000	USW-1G-L01-A01_24	17	
CH-STA-L44	CH-STA-L44-L01-DIST01	2	1000base-t	L01-ACCE03_p48	CH-STA-L44-L01-ACCE03	48	Switch Access	USW	1000	USW-1G-L01-A03_48	17	
CH-STA-L44	CH-STA-L44-L01-DIST01	29	10gbase-x-sfpp	L02-CORE01	CH-STA-L44-L02-CORE01-1	01:04	Switch Core	USW	10000	USW-L02-C01_1_4	15	
CH-STA-L44	CH-STA-L44-L01-DIST01	3	1000base-t	L01-ACCE04_p48	CH-STA-L44-L01-ACCE04	48	Switch Access	USW	1000	USW-1G-L01-A04_48	17	
CH-STA-L44	CH-STA-L44-L01-DIST01	30	10gbase-x-sfpp	L02-CORE02	CH-STA-L44-L02-CORE01-2	02:04	Switch Core	USW	10000	USW-L02-C01_2_4	15	
CH-STA-L44	CH-STA-L44-L01-DIST02	1	1000base-t	ACCE02_p24	CH-STA-L44-L01-ACCE02	24	Switch Access	USW	1000	USW-1G-L01-A02_24	17	
CH-STA-L44	CH-STA-L44-L01-DIST02	2	1000base-t	ACCE05_p24	CH-STA-L44-L01-ACCE02	23	Switch Access	USW	1000	USW-1G-L01-A02_23	17	
CH-STA-L44	CH-STA-L44-L01-DIST02	23	1000base-x-sfp	L02-CORE01	CH-STA-L44-L02-CORE01-2	02:05	Switch Core	USW	1000	USW-1G-L02-C01_2_5	18	
CH-STA-L44	CH-STA-L44-L01-DIST02	24	1000base-x-sfp	L02-CORE01	CH-STA-L44-L02-CORE01-1	01:05	Switch Core	USW	1000	USW-1G-L02-C01_1_5	18	
CH-STA-L44	CH-STA-L44-L01-DIST02	3	1000base-t	L01-ACCE05	CH-STA-L44-L01-ACCE05	24	Switch Access	USW	1000	USW-1G-L01-A05_24	17	
CH-STA-L44	CH-STA-L44-L01-DIST02	4	1000base-t	L01-ACCE05	CH-STA-L44-L01-ACCE05	23	Switch Access	USW	1000	USW-1G-L01-A05_23	17	
CH-STA-L44	CH-STA-L44-L01-DIST02	5	1000base-t	L01-ACCE07	CH-STA-L44-L01-ACCE07	24	Switch Access	USW	1000	USW-1G-L01-A07_24	17	
CH-STA-L44	CH-STA-L44-L01-DIST02	6	1000base-t	L01-ACCE07	CH-STA-L44-L01-ACCE07	23	Switch Access	USW	1000	USW-1G-L01-A07_23	17	
CH-STA-L44	CH-STA-L44-L01-DIST02	7	1000base-t	L01-ACCE08	CH-STA-L44-L01-ACCE08	23	Switch Access	USW	1000	USW-1G-L01-A08_23	17	
CH-STA-L44	CH-STA-L44-L01-DIST02	8	1000base-t	L01-ACCE08	CH-STA-L44-L01-ACCE08	24	Switch Access	USW	1000	USW-1G-L01-A08_24	17	
CH-STA-L44	CH-STA-L44-L02-ACCE01	1	1000base-t		CH-STA-L44-L02-ACPO01	mgmt0	Access Point	UP	1000	UP-L02-AP01	11	
CH-STA-L44	CH-STA-L44-L02-ACCE01	14	1000base-t		CH-STA-L44-L02-ACPO12	mgmt0	Access Point	UP	1000	UP-L02-AP12	11	
CH-STA-L44	CH-STA-L44-L02-ACCE01	2	1000base-t		CH-STA-L44-L02-ACPO02	mgmt0	Access Point	UP	1000	UP-L02-AP02	11	
CH-STA-L44	CH-STA-L44-L02-ACCE01	24	1000base-t	L02-DIST01_p1	CH-STA-L44-L02-DIST01	1	Switch Dist	USW	1000	USW-1G-L02-D01_1	16	
CH-STA-L44	CH-STA-L44-L02-ACCE01	3	1000base-t		CH-STA-L44-L02-ACPO03	mgmt0	Access Point	UP	1000	UP-L02-AP03	11	
CH-STA-L44	CH-STA-L44-L02-ACCE01	4	1000base-t		CH-STA-L44-L02-ACPO04	mgmt0	Access Point	UP	1000	UP-L02-AP04	11	
CH-STA-L44	CH-STA-L44-L02-ACCE01	8	1000base-t		CH-STA-L44-L02-ACPO08	mgmt0	Access Point	UP	1000	UP-L02-AP08	11	
CH-STA-L44	CH-STA-L44-L02-ACCE02	10	1000base-t		CH-STA-L44-L02-ACPO10	mgmt0	Access Point	UP	1000	UP-L02-AP10	11	
CH-STA-L44	CH-STA-L44-L02-ACCE02	14	1000base-t		CH-STA-L44-L02-ACPO13	mgmt0	Access Point	UP	1000	UP-L02-AP13	11	
CH-STA-L44	CH-STA-L44-L02-ACCE02	24	1000base-t	UPLINK	CH-STA-L44-L02-DIST02	1	Switch Dist	USW	1000	USW-1G-L02-D02_1	16	
CH-STA-L44	CH-STA-L44-L02-ACCE02	5	1000base-t		CH-STA-L44-L02-ACPO05	mgmt0	Access Point	UP	1000	UP-L02-AP05	11	
CH-STA-L44	CH-STA-L44-L02-ACCE02	6	1000base-t		CH-STA-L44-L02-ACPO06	mgmt0	Access Point	UP	1000	UP-L02-AP06	11	
CH-STA-L44	CH-STA-L44-L02-ACCE02	7	1000base-t		CH-STA-L44-L02-ACPO07	mgmt0	Access Point	UP	1000	UP-L02-AP07	11	
CH-STA-L44	CH-STA-L44-L02-ACCE02	9	1000base-t		CH-STA-L44-L02-ACPO09	mgmt0	Access Point	UP	1000	UP-L02-AP09	11	
CH-STA-L44	CH-STA-L44-L02-ACCE03	29	1000base-x-sfp	CORE_p1:8	CH-STA-L44-L02-CORE01-1	01:08	Switch Core	USW	1000	USW-1G-L02-C01_1_8	18	
CH-STA-L44	CH-STA-L44-L02-ACCE03	30	1000base-x-sfp	CORE_p2:8	CH-STA-L44-L02-CORE01-2	02:08	Switch Core	USW	1000	USW-1G-L02-C01_2_8	18	
CH-STA-L44	CH-STA-L44-L02-ACCE05	48	1000base-t	L02-DIST01_p2	CH-STA-L44-L02-DIST01	2	Switch Dist	USW	1000	USW-1G-L02-D01_2	16	
CH-STA-L44	CH-STA-L44-L02-ACCE06	24	1000base-t	L02-DIST01_p3	CH-STA-L44-L02-DIST01	3	Switch Dist	USW	1000	USW-1G-L02-D01_3	16	
CH-STA-L44	CH-STA-L44-L02-ACCE07	24	1000base-t	L02-DIST01_p4	CH-STA-L44-L02-DIST01	4	Switch Dist	USW	1000	USW-1G-L02-D01_4	16	
CH-STA-L44	CH-STA-L44-L02-ACCE08	24	1000base-t	L02-DIST01_p5	CH-STA-L44-L02-DIST01	5	Switch Dist	USW	1000	USW-1G-L02-D01_5	16	
CH-STA-L44	CH-STA-L44-L02-ACCE09	24	1000base-t	L02-DIST01_p6	CH-STA-L44-L02-DIST01	6	Switch Dist	USW	1000	USW-1G-L02-D01_6	16	
CH-STA-L44	CH-STA-L44-L02-ACCE10	24	1000base-t	L02-DIST02_p2	CH-STA-L44-L02-DIST02	2	Switch Dist	USW	1000	USW-1G-L02-D02_2	16	
CH-STA-L44	CH-STA-L44-L02-ACCE11	24	1000base-t	L02-DIST02_p3	CH-STA-L44-L02-DIST02	3	Switch Dist	USW	1000	USW-1G-L02-D02_3	16	
CH-STA-L44	CH-STA-L44-L02-ACCE12	24	1000base-t	L02-DIST02_p4	CH-STA-L44-L02-DIST02	4	Switch Dist	USW	1000	USW-1G-L02-D02_4	16	
CH-STA-L44	CH-STA-L44-L02-ACCE13	48	1000base-t		CH-STA-L44-L02-DIST02	5	Switch Dist	USW	1000	USW-1G-L02-D02_5	16	
CH-STA-L44	CH-STA-L44-L02-ACCE14	24	1000base-t	UPLINK	CH-STA-L44-L02-DIST01	7	Switch Dist	USW	1000	USW-1G-L02-D01_7	16	
CH-STA-L44	CH-STA-L44-L02-CORE01-1	1:1	10gbase-x-sfpp	LR50-CORE01_tg.3	CH-STA-L50-L01-CORE01	1:23	Switch Core	USW	10000	USW-L50-C01_1_23	16	
CH-STA-L44	CH-STA-L44-L02-CORE01-1	1:15	extreme-summitstack		CH-STA-L44-L02-CORE01-2	02:16	Switch Core	USW		USW-L02-C01_2_16	16	stack
CH-STA-L44	CH-STA-L44-L02-CORE01-1	1:16	extreme-summitstack		CH-STA-L44-L02-CORE01-2	02:15	Switch Core	USW		USW-L02-C01_2_15	16	stack
CH-STA-L44	CH-STA-L44-L02-CORE01-1	1:2	10gbase-x-sfpp	LR44-GFL-DIST01_	CH-STA-L44-GFL-DIST01	29	Switch Dist	USW	10000	USW-GFL-D01_29	14	
CH-STA-L44	CH-STA-L44-L02-CORE01-1	1:3	10gbase-x-sfpp	LR44-GFL-DIST02_	CH-STA-L44-GFL-DIST02	29	Switch Dist	USW	10000	USW-GFL-D02_29	14	
CH-STA-L44	CH-STA-L44-L02-CORE01-1	1:4	10gbase-x-sfpp	LR44-L01-DIST01_	CH-STA-L44-L01-DIST01	29	Switch Dist	USW	10000	USW-L01-D01_29	14	
CH-STA-L44	CH-STA-L44-L02-CORE01-1	1:5	1000base-t	LR44-L01-DIST02_	CH-STA-L44-L01-DIST02	24	Switch Dist	USW	1000	USW-1G-L01-D02_24	17	
CH-STA-L44	CH-STA-L44-L02-CORE01-1	1:6	10gbase-x-sfpp	LR44-L02-DIST01_	CH-STA-L44-L02-DIST01	29	Switch Dist	USW	10000	USW-L02-D01_29	14	
CH-STA-L44	CH-STA-L44-L02-CORE01-1	1:7	10gbase-x-sfpp	LR44-L02-DIST02_	CH-STA-L44-L02-DIST02	29	Switch Dist	USW	10000	USW-L02-D02_29	14	
CH-STA-L44	CH-STA-L44-L02-CORE01-1	1:8	1000base-t	L02-ACCE03_p23	CH-STA-L44-L02-ACCE03	29	Switch Access	USW	1000	USW-1G-L02-A03_29	17	
CH-STA-L44	CH-STA-L44-L02-CORE01-1	1:9	1000base-x-sfp	L01-ACCE06_p23	CH-STA-L44-L01-ACCE06	23	Switch Access	USW	1000	USW-1G-L01-A06_23	17	
CH-STA-L44	CH-STA-L44-L02-CORE01-2	2:1	10gbase-x-sfpp	LR50-CORE01_tg.7	CH-STA-L50-L01-CORE02	1:23	Switch Core	USW	10000	USW-L50-C02_1_23	16	
CH-STA-L44	CH-STA-L44-L02-CORE01-2	2:15	extreme-summitstack		CH-STA-L44-L02-CORE01-1	01:16	Switch Core	USW		USW-L02-C01_1_16	16	stack
CH-STA-L44	CH-STA-L44-L02-CORE01-2	2:16	extreme-summitstack		CH-STA-L44-L02-CORE01-1	01:15	Switch Core	USW		USW-L02-C01_1_15	16	stack
CH-STA-L44	CH-STA-L44-L02-CORE01-2	2:2	10gbase-x-sfpp	LR44-GFL-DIST01_	CH-STA-L44-GFL-DIST01	30	Switch Dist	USW	10000	USW-GFL-D01_30	14	
CH-STA-L44	CH-STA-L44-L02-CORE01-2	2:3	10gbase-x-sfpp	LR44-GFL-DIST02_	CH-STA-L44-GFL-DIST02	30	Switch Dist	USW	10000	USW-GFL-D02_30	14	
CH-STA-L44	CH-STA-L44-L02-CORE01-2	2:4	10gbase-x-sfpp	LR44-L01-DIST01_	CH-STA-L44-L01-DIST01	30	Switch Dist	USW	10000	USW-L01-D01_30	14	
CH-STA-L44	CH-STA-L44-L02-CORE01-2	2:5	1000base-x-sfp	LR44-L01-DIST02_	CH-STA-L44-L01-DIST02	23	Switch Dist	USW	1000	USW-1G-L01-D02_23	17	
CH-STA-L44	CH-STA-L44-L02-CORE01-2	2:6	10gbase-x-sfpp	LR44-L02-DIST01_	CH-STA-L44-L02-DIST01	30	Switch Dist	USW	10000	USW-L02-D01_30	14	
CH-STA-L44	CH-STA-L44-L02-CORE01-2	2:7	10gbase-x-sfpp	LR44-L02-DIST02_	CH-STA-L44-L02-DIST02	30	Switch Dist	USW	10000	USW-L02-D02_30	14	
CH-STA-L44	CH-STA-L44-L02-CORE01-2	2:8	1000base-x-sfp	L02-ACCE03_p24	CH-STA-L44-L02-ACCE03	30	Switch Access	USW	1000	USW-1G-L02-A03_30	17	
CH-STA-L44	CH-STA-L44-L02-DIST01	1	1000base-t	ACCE01_p24	CH-STA-L44-L02-ACCE01	24	Switch Access	USW	1000	USW-1G-L02-A01_24	17	
CH-STA-L44	CH-STA-L44-L02-DIST01	2	1000base-t	ACCE05_p48	CH-STA-L44-L02-ACCE05	48	Switch Access	USW	1000	USW-1G-L02-A05_48	17	
CH-STA-L44	CH-STA-L44-L02-DIST01	29	10gbase-x-sfpp	L02-CORE01	CH-STA-L44-L02-CORE01-1	01:06	Switch Core	USW	10000	USW-L02-C01_1_6	15	
CH-STA-L44	CH-STA-L44-L02-DIST01	3	1000base-t	ACCE06_p24	CH-STA-L44-L02-ACCE06	24	Switch Access	USW	1000	USW-1G-L02-A06_24	17	
CH-STA-L44	CH-STA-L44-L02-DIST01	30	10gbase-x-sfpp	L02-CORE02	CH-STA-L44-L02-CORE01-2	02:06	Switch Core	USW	10000	USW-L02-C01_2_6	15	
CH-STA-L44	CH-STA-L44-L02-DIST01	4	1000base-t	ACCE07_p24	CH-STA-L44-L02-ACCE07	24	Switch Access	USW	1000	USW-1G-L02-A07_24	17	
CH-STA-L44	CH-STA-L44-L02-DIST01	5	1000base-t	ACCE08_p24	CH-STA-L44-L02-ACCE08	24	Switch Access	USW	1000	USW-1G-L02-A08_24	17	
CH-STA-L44	CH-STA-L44-L02-DIST01	6	1000base-t	ACCE09_p24	CH-STA-L44-L02-ACCE09	24	Switch Access	USW	1000	USW-1G-L02-A09_24	17	
CH-STA-L44	CH-STA-L44-L02-DIST01	7	1000base-t	ACCE04_p24	CH-STA-L44-L02-ACCE14	24	Switch Access	USW	1000	USW-1G-L02-A14_24	17	
CH-STA-L44	CH-STA-L44-L02-DIST02	1	1000base-t	L02-ACCE02_p24	CH-STA-L44-L02-ACCE02	24	Switch Access	USW	1000	USW-1G-L02-A02_24	17	
CH-STA-L44	CH-STA-L44-L02-DIST02	2	1000base-t	L02-ACCE10_p24	CH-STA-L44-L02-ACCE10	24	Switch Access	USW	1000	USW-1G-L02-A10_24	17	
CH-STA-L44	CH-STA-L44-L02-DIST02	29	10gbase-x-sfpp	L02-CORE01	CH-STA-L44-L02-CORE01-1	01:07	Switch Core	USW	10000	USW-L02-C01_1_7	15	
CH-STA-L44	CH-STA-L44-L02-DIST02	3	1000base-t	L02-ACCE11_p24	CH-STA-L44-L02-ACCE11	24	Switch Access	USW	1000	USW-1G-L02-A11_24	17	
CH-STA-L44	CH-STA-L44-L02-DIST02	30	10gbase-x-sfpp	L02-CORE02	CH-STA-L44-L02-CORE01-2	02:07	Switch Core	USW	10000	USW-L02-C01_2_7	15	
CH-STA-L44	CH-STA-L44-L02-DIST02	4	1000base-t	L02-ACCE12_p24	CH-STA-L44-L02-ACCE12	24	Switch Access	USW	1000	USW-1G-L02-A12_24	17	
CH-STA-L44	CH-STA-L44-L02-DIST02	5	1000base-t	L02-ACCE13_p24	CH-STA-L44-L02-ACCE13	48	Switch Access	USW	1000	USW-1G-L02-A13_48	17	
CH-STA-L50	CH-STA-L50-B01-ACCE01	1	1000base-t	B01-ACPO03	CH-STA-L50-B01-ACPO03	mgmt0	Access Point	UP	1000	UP-B01-AP03	11	
CH-STA-L50	CH-STA-L50-B01-ACCE01	21	1000base-t	B01-ACPO04	CH-STA-L50-B01-ACPO04	mgmt0	Access Point	UP	1000	UP-B01-AP04	11	
CH-STA-L50	CH-STA-L50-B01-ACCE01	24	1000base-t	B01-DIST01_p1	CH-STA-L50-B01-DIST01	1	Switch Dist	USW	1000	USW-1G-B01-D01_1	16	
CH-STA-L50	CH-STA-L50-B01-ACCE02	24	1000base-t	B01-DIST01_p2	CH-STA-L50-B01-DIST01	2	Switch Dist	USW	1000	USW-1G-B01-D01_2	16	
CH-STA-L50	CH-STA-L50-B01-DIST01	1	1000base-t	B01-ACCE01_p24	CH-STA-L50-B01-ACCE01	24	Switch Access	USW	1000	USW-1G-B01-A01_24	17	
CH-STA-L50	CH-STA-L50-B01-DIST01	2	1000base-t	B01-ACCE02_p24	CH-STA-L50-B01-ACCE02	24	Switch Access	USW	1000	USW-1G-B01-A02_24	17	
CH-STA-L50	CH-STA-L50-B01-DIST01	29	10gbase-x-sfpp	L01-CORE_tg.3.4	CH-STA-L50-L01-CORE01	1:17	Switch Core	USW	10000	USW-L01-C01_1_17	16	
CH-STA-L50	CH-STA-L50-B01-DIST01	30	10gbase-x-sfpp	L01-CORE_tg.7.4	CH-STA-L50-L01-CORE02	1:17	Switch Core	USW	10000	USW-L01-C02_1_17	16	
CH-STA-L50	CH-STA-L50-GFL-ACCE01	2	1000base-t		CH-STA-L50-GFL-ACPO02	mgmt0	Access Point	UP	1000	UP-GFL-AP02	11	
CH-STA-L50	CH-STA-L50-GFL-ACCE01	24	1000base-t	UPLINK	CH-STA-L50-GFL-DIST02	1	Switch Dist	USW	1000	USW-1G-GFL-D02_1	16	
CH-STA-L50	CH-STA-L50-GFL-ACCE01	3	1000base-t		CH-STA-L50-GFL-ACPO03	mgmt0	Access Point	UP	1000	UP-GFL-AP03	11	
CH-STA-L50	CH-STA-L50-GFL-ACCE02	1	1000base-t		CH-STA-L50-GFL-ACPO01	mgmt0	Access Point	UP	1000	UP-GFL-AP01	11	
CH-STA-L50	CH-STA-L50-GFL-ACCE02	24	1000base-t	UPLINK	CH-STA-L50-GFL-DIST01	1	Switch Dist	USW	1000	USW-1G-GFL-D01_1	16	
CH-STA-L50	CH-STA-L50-GFL-ACCE02	4	1000base-t		CH-STA-L50-GFL-ACPO04	mgmt0	Access Point	UP	1000	UP-GFL-AP04	11	
CH-STA-L50	CH-STA-L50-GFL-ACCE02	5	1000base-t		CH-STA-L50-GFL-ACPO05	mgmt0	Access Point	UP	1000	UP-GFL-AP05	11	
CH-STA-L50	CH-STA-L50-GFL-ACCE02	6	1000base-t		CH-STA-L50-GFL-ACPO06	mgmt0	Access Point	UP	1000	UP-GFL-AP06	11	
CH-STA-L50	CH-STA-L50-GFL-ACCE02	7	1000base-t		CH-STA-L50-GFL-ACPO07	mgmt0	Access Point	UP	1000	UP-GFL-AP07	11	
CH-STA-L50	CH-STA-L50-GFL-ACCE02	8	1000base-t		CH-STA-L50-GFL-ACPO08	mgmt0	Access Point	UP	1000	UP-GFL-AP08	11	
CH-STA-L50	CH-STA-L50-GFL-ACCE03	24	1000base-t	UPLINK	CH-STA-L50-GFL-DIST01	2	Switch Dist	USW	1000	USW-1G-GFL-D01_2	16	
CH-STA-L50	CH-STA-L50-GFL-ACCE04	24	1000base-t	UPLINK	CH-STA-L50-GFL-DIST01	3	Switch Dist	USW	1000	USW-1G-GFL-D01_3	16	
CH-STA-L50	CH-STA-L50-GFL-ACCE05	24	1000base-t	UPLINK	CH-STA-L50-GFL-DIST01	4	Switch Dist	USW	1000	USW-1G-GFL-D01_4	16	
CH-STA-L50	CH-STA-L50-GFL-ACCE06	24	1000base-t	UPLINK	CH-STA-L50-GFL-DIST01	5	Switch Dist	USW	1000	USW-1G-GFL-D01_5	16	
CH-STA-L50	CH-STA-L50-GFL-ACCE07	24	1000base-t	UPLINK	CH-STA-L50-GFL-DIST01	6	Switch Dist	USW	1000	USW-1G-GFL-D01_6	16	
CH-STA-L50	CH-STA-L50-GFL-ACCE08	24	1000base-t	UPLINK	CH-STA-L50-GFL-DIST01	7	Switch Dist	USW	1000	USW-1G-GFL-D01_7	16	
CH-STA-L50	CH-STA-L50-GFL-ACCE09	24	1000base-t	UPLINK	CH-STA-L50-GFL-DIST01	8	Switch Dist	USW	1000	USW-1G-GFL-D01_8	16	
CH-STA-L50	CH-STA-L50-GFL-ACCE10	24	1000base-t	UPLINK	CH-STA-L50-GFL-DIST01	9	Switch Dist	USW	1000	USW-1G-GFL-D01_9	16	
CH-STA-L50	CH-STA-L50-GFL-ACCE11	24	1000base-t	UPLINK	CH-STA-L50-GFL-DIST02	2	Switch Dist	USW	1000	USW-1G-GFL-D02_2	16	
CH-STA-L50	CH-STA-L50-GFL-ACCE12	24	1000base-t	UPLINK	CH-STA-L50-GFL-DIST02	3	Switch Dist	USW	1000	USW-1G-GFL-D02_3	16	
CH-STA-L50	CH-STA-L50-GFL-ACCE13	24	1000base-t	UPLINK	CH-STA-L50-GFL-DIST02	4	Switch Dist	USW	1000	USW-1G-GFL-D02_4	16	
CH-STA-L50	CH-STA-L50-GFL-ACCE14	24	1000base-t	UPLINK	CH-STA-L50-GFL-DIST02	5	Switch Dist	USW	1000	USW-1G-GFL-D02_5	16	
CH-STA-L50	CH-STA-L50-GFL-ACCE15	24	1000base-t	UPLINK	CH-STA-L50-GFL-DIST02	6	Switch Dist	USW	1000	USW-1G-GFL-D02_6	16	
CH-STA-L50	CH-STA-L50-GFL-ACCE16	24	1000base-t	UPLINK	CH-STA-L50-GFL-DIST02	7	Switch Dist	USW	1000	USW-1G-GFL-D02_7	16	
CH-STA-L50	CH-STA-L50-GFL-DIST01	1	1000base-t	ACCE02_p24	CH-STA-L50-GFL-ACCE02	24	Switch Access	USW	1000	USW-1G-GFL-A02_24	17	
CH-STA-L50	CH-STA-L50-GFL-DIST01	2	1000base-t	ACCE03_p24	CH-STA-L50-GFL-ACCE03	24	Switch Access	USW	1000	USW-1G-GFL-A03_24	17	
CH-STA-L50	CH-STA-L50-GFL-DIST01	29	10gbase-x-sfpp	CORE01_tg.3.6	CH-STA-L50-L01-CORE01	1:18	Switch Core	USW	10000	USW-L01-C01_1_18	16	
CH-STA-L50	CH-STA-L50-GFL-DIST01	3	1000base-t	ACCE04_p24	CH-STA-L50-GFL-ACCE04	24	Switch Access	USW	1000	USW-1G-GFL-A04_24	17	
CH-STA-L50	CH-STA-L50-GFL-DIST01	30	10gbase-x-sfpp	CORE01_tg.7.6	CH-STA-L50-L01-CORE02	1:18	Switch Core	USW	10000	USW-L01-C02_1_18	16	
CH-STA-L50	CH-STA-L50-GFL-DIST01	4	1000base-t	ACCE05_p24	CH-STA-L50-GFL-ACCE05	24	Switch Access	USW	1000	USW-1G-GFL-A05_24	17	
CH-STA-L50	CH-STA-L50-GFL-DIST01	5	1000base-t	ACCE06_p24	CH-STA-L50-GFL-ACCE06	24	Switch Access	USW	1000	USW-1G-GFL-A06_24	17	
CH-STA-L50	CH-STA-L50-GFL-DIST01	6	1000base-t	ACCE07_p24	CH-STA-L50-GFL-ACCE07	24	Switch Access	USW	1000	USW-1G-GFL-A07_24	17	
CH-STA-L50	CH-STA-L50-GFL-DIST01	7	1000base-t	ACCE08_p24	CH-STA-L50-GFL-ACCE08	24	Switch Access	USW	1000	USW-1G-GFL-A08_24	17	
CH-STA-L50	CH-STA-L50-GFL-DIST01	8	1000base-t	ACCE09_p24	CH-STA-L50-GFL-ACCE09	24	Switch Access	USW	1000	USW-1G-GFL-A09_24	17	
CH-STA-L50	CH-STA-L50-GFL-DIST01	9	1000base-t	ACCE10_p24	CH-STA-L50-GFL-ACCE10	24	Switch Access	USW	1000	USW-1G-GFL-A10_24	17	
CH-STA-L50	CH-STA-L50-GFL-DIST02	1	1000base-t	ACCE01_p24	CH-STA-L50-GFL-ACCE01	24	Switch Access	USW	1000	USW-1G-GFL-A01_24	17	
CH-STA-L50	CH-STA-L50-GFL-DIST02	2	1000base-t	ACCE11_p24	CH-STA-L50-GFL-ACCE11	24	Switch Access	USW	1000	USW-1G-GFL-A11_24	17	
CH-STA-L50	CH-STA-L50-GFL-DIST02	29	10gbase-x-sfpp		CH-STA-L50-L01-CORE01	1:19	Switch Core	USW	10000	USW-L01-C01_1_19	16	
CH-STA-L50	CH-STA-L50-GFL-DIST02	3	1000base-t	ACCE12_p24	CH-STA-L50-GFL-ACCE12	24	Switch Access	USW	1000	USW-1G-GFL-A12_24	17	
CH-STA-L50	CH-STA-L50-GFL-DIST02	30	10gbase-x-sfpp		CH-STA-L50-L01-CORE02	1:19	Switch Core	USW	10000	USW-L01-C02_1_19	16	
CH-STA-L50	CH-STA-L50-GFL-DIST02	4	1000base-t	ACCE13_p24	CH-STA-L50-GFL-ACCE13	24	Switch Access	USW	1000	USW-1G-GFL-A13_24	17	
CH-STA-L50	CH-STA-L50-GFL-DIST02	5	1000base-t	ACCE14_p24	CH-STA-L50-GFL-ACCE14	24	Switch Access	USW	1000	USW-1G-GFL-A14_24	17	
CH-STA-L50	CH-STA-L50-GFL-DIST02	6	1000base-t	ACCE15_p24	CH-STA-L50-GFL-ACCE15	24	Switch Access	USW	1000	USW-1G-GFL-A15_24	17	
CH-STA-L50	CH-STA-L50-GFL-DIST02	7	1000base-t	ACCE16_p24	CH-STA-L50-GFL-ACCE16	24	Switch Access	USW	1000	USW-1G-GFL-A16_24	17	
CH-STA-L50	CH-STA-L50-L01-ACCE01	1	1000base-t		CH-STA-L50-L01-ACPO01	mgmt0	Access Point	UP	1000	UP-L01-AP01	11	
CH-STA-L50	CH-STA-L50-L01-ACCE01	10	1000base-t		CH-STA-L50-L01-ACPO10	mgmt0	Access Point	UP	1000	UP-L01-AP10	11	
CH-STA-L50	CH-STA-L50-L01-ACCE01	11	1000base-t		CH-STA-L50-L01-ACPO11	mgmt0	Access Point	UP	1000	UP-L01-AP11	11	
CH-STA-L50	CH-STA-L50-L01-ACCE01	17	1000base-t		CH-STA-L50-GFL-ACPO10	mgmt0	Access Point	UP	1000	UP-GFL-AP10	11	
CH-STA-L50	CH-STA-L50-L01-ACCE01	18	1000base-t		CH-STA-L50-GFL-ACPO09	mgmt0	Access Point	UP	1000	UP-GFL-AP09	11	
CH-STA-L50	CH-STA-L50-L01-ACCE01	2	1000base-t		CH-STA-L50-L01-ACPO02	mgmt0	Access Point	UP	1000	UP-L01-AP02	11	
CH-STA-L50	CH-STA-L50-L01-ACCE01	20	1000base-t	B01-ACPO02	CH-STA-L50-B01-ACPO02	mgmt0	Access Point	UP	1000	UP-B01-AP02	11	
CH-STA-L50	CH-STA-L50-L01-ACCE01	24	1000base-t	UPLINK	CH-STA-L50-L01-DIST01	1	Switch Dist	USW	1000	USW-1G-L01-D01_1	16	
CH-STA-L50	CH-STA-L50-L01-ACCE01	3	1000base-t		CH-STA-L50-L01-ACPO03	mgmt0	Access Point	UP	1000	UP-L01-AP03	11	
CH-STA-L50	CH-STA-L50-L01-ACCE01	4	1000base-t		CH-STA-L50-L01-ACPO04	mgmt0	Access Point	UP	1000	UP-L01-AP04	11	
CH-STA-L50	CH-STA-L50-L01-ACCE01	5	1000base-t		CH-STA-L50-L01-ACPO05	mgmt0	Access Point	UP	1000	UP-L01-AP05	11	
CH-STA-L50	CH-STA-L50-L01-ACCE01	6	1000base-t		CH-STA-L50-L01-ACPO06	mgmt0	Access Point	UP	1000	UP-L01-AP06	11	
CH-STA-L50	CH-STA-L50-L01-ACCE01	7	1000base-t		CH-STA-L50-L01-ACPO07	mgmt0	Access Point	UP	1000	UP-L01-AP07	11	
CH-STA-L50	CH-STA-L50-L01-ACCE01	8	1000base-t		CH-STA-L50-L01-ACPO08	mgmt0	Access Point	UP	1000	UP-L01-AP08	11	
CH-STA-L50	CH-STA-L50-L01-ACCE01	9	1000base-t		CH-STA-L50-L01-ACPO09	mgmt0	Access Point	UP	1000	UP-L01-AP09	11	
CH-STA-L50	CH-STA-L50-L01-ACCE02	24	1000base-t	UPLINK	CH-STA-L50-L01-DIST01	2	Switch Dist	USW	1000	USW-1G-L01-D01_2	16	
CH-STA-L50	CH-STA-L50-L01-ACCE03	48	1000base-t	UPLINK	CH-STA-L50-L01-DIST01	3	Switch Dist	USW	1000	USW-1G-L01-D01_3	16	
CH-STA-L50	CH-STA-L50-L01-ACCE04	24	1000base-t	UPLINK	CH-STA-L50-L01-DIST01	4	Switch Dist	USW	1000	USW-1G-L01-D01_4	16	
CH-STA-L50	CH-STA-L50-L01-ACCE05	24	1000base-t	UPLINK	CH-STA-L50-L01-DIST01	5	Switch Dist	USW	1000	USW-1G-L01-D01_5	16	
CH-STA-L50	CH-STA-L50-L01-ACCE06	48	1000base-t	UPLINK	CH-STA-L50-L01-DIST01	6	Switch Dist	USW	1000	USW-1G-L01-D01_6	16	
CH-STA-L50	CH-STA-L50-L01-ACCE07	48	1000base-t	UPLINK	CH-STA-L50-L01-DIST01	7	Switch Dist	USW	1000	USW-1G-L01-D01_7	16	
CH-STA-L50	CH-STA-L50-L01-ACCE08	24	1000base-t	UPLINK	CH-STA-L50-L01-DIST01	8	Switch Dist	USW	1000	USW-1G-L01-D01_8	16	
CH-STA-L50	CH-STA-L50-L01-ACCE09	24	1000base-t	UPLINK	CH-STA-L50-L01-DIST01	9	Switch Dist	USW	1000	USW-1G-L01-D01_9	16	
CH-STA-L50	CH-STA-L50-L01-ACCE10	24	1000base-t	UPLINK	CH-STA-L50-L01-DIST01	10	Switch Dist	USW	1000	USW-1G-L01-D01_10	17	
CH-STA-L50	CH-STA-L50-L01-ACCE11	23	1000base-t		CH-STA-L50-L01-MGMT01	1:20	Switch Mgmt	USW	1000	USW-1G-L01-M01_1_20	19	
CH-STA-L50	CH-STA-L50-L01-ACCE11	24	1000base-t	UPLINK	CH-STA-L50-L01-MGMT01	1:21	Switch Mgmt	USW	1000	USW-1G-L01-M01_1_21	19	
CH-STA-L50	CH-STA-L50-L01-ACCE12	24	1000base-t	UPLINK	CH-STA-L50-L01-DIST01	12	Switch Dist	USW	1000	USW-1G-L01-D01_12	17	
CH-STA-L50	CH-STA-L50-L01-ACCE13	24	1000base-t	UPLINK	CH-STA-L50-L01-DIST01	13	Switch Dist	USW	1000	USW-1G-L01-D01_13	17	
CH-STA-L50	CH-STA-L50-L01-ACCE14	24	1000base-t	UPLINK	CH-STA-L50-L01-DIST01	14	Switch Dist	USW	1000	USW-1G-L01-D01_14	17	
CH-STA-L50	CH-STA-L50-L01-ACCE15	24	1000base-t	UPLINK	CH-STA-L50-L01-DIST01	15	Switch Dist	USW	1000	USW-1G-L01-D01_15	17	
CH-STA-L50	CH-STA-L50-L01-CORE01	1/10	10gbase-x-sfpp	Backup_SRV_LAN1	CH-STA-P-BACK02	LOM1	Server	US	10000	US-P-BACK02_LOM1	16	
CH-STA-L50	CH-STA-L50-L01-CORE01	1/17	10gbase-x-sfpp	L50-B01-Di01:29	CH-STA-L50-B01-DIST01	29	Switch Dist	USW	10000	USW-B01-D01_29	14	
CH-STA-L50	CH-STA-L50-L01-CORE01	1/18	10gbase-x-sfpp	L50-GFL-Di01:29	CH-STA-L50-GFL-DIST01	29	Switch Dist	USW	10000	USW-GFL-D01_29	14	
CH-STA-L50	CH-STA-L50-L01-CORE01	1/19	10gbase-x-sfpp	L50-GFL-Di02:29	CH-STA-L50-GFL-DIST02	29	Switch Dist	USW	10000	USW-GFL-D02_29	14	
CH-STA-L50	CH-STA-L50-L01-CORE01	1/2	10gbase-x-sfpp	S-FWZONE:X1	CH-STA-L50-FWZone01	x1	Firewall	USW	10000	USW-FW01_X1	11	
CH-STA-L50	CH-STA-L50-L01-CORE01	1/20	10gbase-x-sfpp	L50-L02-Di02:54	CH-STA-L50-L01-DIST01	29	Switch Dist	USW	10000	USW-L01-D01_29	14	
CH-STA-L50	CH-STA-L50-L01-CORE01	1/21	10gbase-x-sfpp	L50-L01-Di01:29	CH-STA-L50-L02-DIST01	54	Switch Dist	USW	10000	USW-L02-D01_54	14	
CH-STA-L50	CH-STA-L50-L01-CORE01	1/22	10gbase-x-sfpp	L42-Co01:1:14	CH-STA-L42-CORE01-2	02:14	Switch Core	USW	10000	USW-L42-C01_2_14	16	
CH-STA-L50	CH-STA-L50-L01-CORE01	1/23	10gbase-x-sfpp	L44-Co01:1:1	CH-STA-L44-L02-CORE01-1	01:01	Switch Core	USW	10000	USW-L44-C01_1_1	15	
CH-STA-L50	CH-STA-L50-L01-CORE01	1/24	10gbase-x-sfpp	NNI:L50-Co02:1/24	CH-STA-L50-L01-CORE02	1:24	Switch Core	USW	10000	USW-L01-C02_1_24	16	
CH-STA-L50	CH-STA-L50-L01-CORE01	1/3	10gbase-x-sfpp	S-FWZONE:X3	CH-STA-L50-FWZone01	x3	Firewall	USW	10000	USW-FW01_X3	11	
CH-STA-L50	CH-STA-L50-L01-CORE01	1/4	1000base-t	FWZONE-HA1	CH-STA-L50-FWZone01	ha	Firewall	USW	1000	USW-1G-FW01_HA	14	
CH-STA-L50	CH-STA-L50-L01-CORE01	1/7	10gbase-x-sfpp	NNI:L50-L01-MGMT01_1/29	CH-STA-L50-L01-MGMT01	1:29	Switch Mgmt	USW	10000	USW-L01-M01_1_29	16	
CH-STA-L50	CH-STA-L50-L01-CORE01	2/1	10gbase-x-sfpp	NNI:L50-Co02:2/1	CH-STA-L50-L01-CORE02	2:1	Switch Core	USW	10000	USW-L01-C02_2_1	15	
CH-STA-L50	CH-STA-L50-L01-CORE01	2/2	10gbase-x-sfpp	NNI:L26-Co01:2/2	CH-STA-L26-L02-CORE01	2:2	Switch Core	USW	10000	USW-L26-C01_2_2	15	
CH-STA-L50	CH-STA-L50-L01-CORE01	2/3	10gbase-x-sfpp	NNI:L26-Co01:2/3	CH-STA-L26-L02-CORE01	2:3	Switch Core	USW	10000	USW-L26-C01_2_3	15	
CH-STA-L50	CH-STA-L50-L01-CORE02	1/10	10gbase-x-sfpp	Backup_SRV_LAN1	CH-STA-P-BACK02	LOM2	Server	US	10000	US-P-BACK02_LOM2	16	
CH-STA-L50	CH-STA-L50-L01-CORE02	1/17	10gbase-x-sfpp	L50-B01-Di01:30	CH-STA-L50-B01-DIST01	30	Switch Dist	USW	10000	USW-B01-D01_30	14	
CH-STA-L50	CH-STA-L50-L01-CORE02	1/18	10gbase-x-sfpp	L50-GFL-Di01:30	CH-STA-L50-GFL-DIST01	30	Switch Dist	USW	10000	USW-GFL-D01_30	14	
CH-STA-L50	CH-STA-L50-L01-CORE02	1/19	10gbase-x-sfpp	L50-GFL-Di02:30	CH-STA-L50-GFL-DIST02	30	Switch Dist	USW	10000	USW-GFL-D02_30	14	
CH-STA-L50	CH-STA-L50-L01-CORE02	1/2	10gbase-x-sfpp	S-FWZONE:X2	CH-STA-L50-FWZone01	x2	Firewall	USW	10000	USW-FW01_X2	11	
CH-STA-L50	CH-STA-L50-L01-CORE02	1/20	10gbase-x-sfpp	L50-L02-Di02:54	CH-STA-L50-L01-DIST01	30	Switch Dist	USW	10000	USW-L01-D01_30	14	
CH-STA-L50	CH-STA-L50-L01-CORE02	1/21	10gbase-x-sfpp	L50-L01-Di01:30	CH-STA-L50-L02-DIST01	53	Switch Dist	USW	10000	USW-L02-D01_53	14	
CH-STA-L50	CH-STA-L50-L01-CORE02	1/22	10gbase-x-sfpp	L42-Co01:2:14	CH-STA-L42-CORE01-1	01:14	Switch Core	USW	10000	USW-L42-C01_1_14	16	
CH-STA-L50	CH-STA-L50-L01-CORE02	1/23	10gbase-x-sfpp	L44-Co01:2:1	CH-STA-L44-L02-CORE01-2	02:01	Switch Core	USW	10000	USW-L44-C01_2_1	15	
CH-STA-L50	CH-STA-L50-L01-CORE02	1/24	10gbase-x-sfpp	NNI:L50-Co01:1/24	CH-STA-L50-L01-CORE01	1:24	Switch Core	USW	10000	USW-L01-C01_1_24	16	
CH-STA-L50	CH-STA-L50-L01-CORE02	1/3	10gbase-x-sfpp	S-FWZONE:X4	CH-STA-L50-FWZone01	x4	Firewall	USW	10000	USW-FW01_X4	11	
CH-STA-L50	CH-STA-L50-L01-CORE02	1/4	1000base-t	FWZONE-HA2	CH-STA-L50-FWZone01	port1	Firewall	USW	1000	USW-1G-FW01_1	13	
CH-STA-L50	CH-STA-L50-L01-CORE02	1/7	10gbase-x-sfpp	NNI:L50-L01-MGMT01_1/30	CH-STA-L50-L01-MGMT01	1:30	Switch Mgmt	USW	10000	USW-L01-M01_1_30	16	
CH-STA-L50	CH-STA-L50-L01-CORE02	2/1	10gbase-x-sfpp	NNI:L50-Co01:2/1	CH-STA-L50-L01-CORE01	2:1	Switch Core	USW	10000	USW-L01-C01_2_1	15	
CH-STA-L50	CH-STA-L50-L01-CORE02	2/2	10gbase-x-sfpp	NNI:L26-Co02:2/2	CH-STA-L26-L02-CORE02	2:2	Switch Core	USW	10000	USW-L26-C02_2_2	15	
CH-STA-L50	CH-STA-L50-L01-CORE02	2/3	10gbase-x-sfpp	NNI:L26-Co02:2/3	CH-STA-L26-L02-CORE02	2:3	Switch Core	USW	10000	USW-L26-C02_2_3	15	
CH-STA-L50	CH-STA-L50-L01-DIST01	1	1000base-t	ACCE01_p24	CH-STA-L50-L01-ACCE01	24	Switch Access	USW	1000	USW-1G-L01-A01_24	17	
CH-STA-L50	CH-STA-L50-L01-DIST01	10	1000base-t	ACCE10_p24	CH-STA-L50-L01-ACCE10	24	Switch Access	USW	1000	USW-1G-L01-A10_24	17	
CH-STA-L50	CH-STA-L50-L01-DIST01	12	1000base-t	ACCE12_p24	CH-STA-L50-L01-ACCE12	24	Switch Access	USW	1000	USW-1G-L01-A12_24	17	
CH-STA-L50	CH-STA-L50-L01-DIST01	13	1000base-t	ACCE13_p24	CH-STA-L50-L01-ACCE13	24	Switch Access	USW	1000	USW-1G-L01-A13_24	17	
CH-STA-L50	CH-STA-L50-L01-DIST01	14	1000base-t	ACCE14_p24	CH-STA-L50-L01-ACCE14	24	Switch Access	USW	1000	USW-1G-L01-A14_24	17	
CH-STA-L50	CH-STA-L50-L01-DIST01	15	1000base-t	ACCE15_p24	CH-STA-L50-L01-ACCE15	24	Switch Access	USW	1000	USW-1G-L01-A15_24	17	
CH-STA-L50	CH-STA-L50-L01-DIST01	2	1000base-t	ACCE02_p24	CH-STA-L50-L01-ACCE02	24	Switch Access	USW	1000	USW-1G-L01-A02_24	17	
CH-STA-L50	CH-STA-L50-L01-DIST01	25	1000base-x-sfp	L52-ACCE01_p25	CH-STA-L52-L02-ACCE01	25	Switch Access	USW	1000	USW-1G-L52-A01_25	17	
CH-STA-L50	CH-STA-L50-L01-DIST01	29	10gbase-x-sfpp	CORE_tg.3.12	CH-STA-L50-L01-CORE01	1:20	Switch Core	USW	10000	USW-L01-C01_1_20	16	
CH-STA-L50	CH-STA-L50-L01-DIST01	3	1000base-t	ACCE03_p48	CH-STA-L50-L01-ACCE03	48	Switch Access	USW	1000	USW-1G-L01-A03_48	17	
CH-STA-L50	CH-STA-L50-L01-DIST01	30	10gbase-x-sfpp	CORE_tg.7.12	CH-STA-L50-L01-CORE02	1:20	Switch Core	USW	10000	USW-L01-C02_1_20	16	
CH-STA-L50	CH-STA-L50-L01-DIST01	4	1000base-t	ACCE04_p24	CH-STA-L50-L01-ACCE04	24	Switch Access	USW	1000	USW-1G-L01-A04_24	17	
CH-STA-L50	CH-STA-L50-L01-DIST01	5	1000base-t	ACCE05_p24	CH-STA-L50-L01-ACCE05	24	Switch Access	USW	1000	USW-1G-L01-A05_24	17	
CH-STA-L50	CH-STA-L50-L01-DIST01	6	1000base-t	ACCE06_p48	CH-STA-L50-L01-ACCE06	48	Switch Access	USW	1000	USW-1G-L01-A06_48	17	
CH-STA-L50	CH-STA-L50-L01-DIST01	7	1000base-t	ACCE07_p48	CH-STA-L50-L01-ACCE07	48	Switch Access	USW	1000	USW-1G-L01-A07_48	17	
CH-STA-L50	CH-STA-L50-L01-DIST01	8	1000base-t	ACCE08_p24	CH-STA-L50-L01-ACCE08	24	Switch Access	USW	1000	USW-1G-L01-A08_24	17	
CH-STA-L50	CH-STA-L50-L01-DIST01	9	1000base-t	ACCE09_p24	CH-STA-L50-L01-ACCE09	24	Switch Access	USW	1000	USW-1G-L01-A09_24	17	
CH-STA-L50	CH-STA-L50-L01-MGMT01	1/1	1000base-t	S-FWZONE_p13	CH-STA-L50-FWZone01	port13	Firewall	USW	1000	USW-1G-FW01_13	14	
CH-STA-L50	CH-STA-L50-L01-MGMT01	1/2	1000base-t	S-FWZONE_p14	CH-STA-L50-FWZone01	port14	Firewall	USW	1000	USW-1G-FW01_14	14	
CH-STA-L50	CH-STA-L50-L01-MGMT01	1/20	1000base-t	SRV01_p23	CH-STA-L50-L01-ACCE11	23	Switch Access	USW	1000	USW-1G-L01-A11_23	17	
CH-STA-L50	CH-STA-L50-L01-MGMT01	1/21	1000base-t	SRV01_p24	CH-STA-L50-L01-ACCE11	24	Switch Access	USW	1000	USW-1G-L01-A11_24	17	
CH-STA-L50	CH-STA-L50-L01-MGMT01	1/29	10gbase-x-sfpp	NNI-port	CH-STA-L50-L01-CORE01	1:7	Switch Core	USW	10000	USW-L01-C01_1_7	15	
CH-STA-L50	CH-STA-L50-L01-MGMT01	1/3	1000base-t	S-FWZONE_p15	CH-STA-L50-FWZone01	port15	Firewall	USW	1000	USW-1G-FW01_15	14	
CH-STA-L50	CH-STA-L50-L01-MGMT01	1/30	10gbase-x-sfpp	NNI-port	CH-STA-L50-L01-CORE02	1:7	Switch Core	USW	10000	USW-L01-C02_1_7	15	
CH-STA-L50	CH-STA-L50-L01-MGMT01	1/4	1000base-t	S-FWZONE_p16	CH-STA-L50-FWZone01	port16	Firewall	USW	1000	USW-1G-FW01_16	14	
CH-STA-L50	CH-STA-L50-L01-MGMT01	1/9	1000base-t	FWZONE-MGMT	CH-STA-L50-FWZone01	mgmt	Firewall	USW	1000	USW-1G-FW01_MGMT	16	
CH-STA-L52	CH-STA-L52-L02-ACCE01	1	1000base-t		CH-STA-L52-L02-ACPO01	mgmt0	Access Point	UP	1000	UP-L02-AP01	11	
CH-STA-L52	CH-STA-L52-L02-ACCE01	25	1000base-x-sfp	UPLINK	CH-STA-L50-L01-DIST01	25	Switch Dist	USW	1000	USW-1G-L50-D01_25	17	
CH-STA-L50	CH-STA-L50-L02-ACCE01	1	1000base-t	L02-ACPO01	CH-STA-L50-L02-ACPO01	mgmt0	Access Point	UP	1000	UP-L02-AP01	11	
CH-STA-L50	CH-STA-L50-L02-ACCE01	10	1000base-t	L03-ACPO01	CH-STA-L50-L03-ACPO01	mgmt0	Access Point	UP	1000	UP-L03-AP01	11	
CH-STA-L50	CH-STA-L50-L02-ACCE01	11	1000base-t	L03-ACPO02	CH-STA-L50-L03-ACPO02	mgmt0	Access Point	UP	1000	UP-L03-AP02	11	
CH-STA-L50	CH-STA-L50-L02-ACCE01	12	1000base-t	L02-ACPO10	CH-STA-L50-L02-ACPO10	mgmt0	Access Point	UP	1000	UP-L02-AP10	11	
CH-STA-L50	CH-STA-L50-L02-ACCE01	2	1000base-t	L02-ACPO02	CH-STA-L50-L02-ACPO02	mgmt0	Access Point	UP	1000	UP-L02-AP02	11	
CH-STA-L50	CH-STA-L50-L02-ACCE01	24	1000base-t	L02-DIST01	CH-STA-L50-L02-DIST01	1	Switch Dist	USW	1000	USW-1G-L02-D01_1	16	
CH-STA-L50	CH-STA-L50-L02-ACCE01	3	1000base-t	L02-ACPO03	CH-STA-L50-L02-ACPO03	mgmt0	Access Point	UP	1000	UP-L02-AP03	11	
CH-STA-L50	CH-STA-L50-L02-ACCE01	4	1000base-t	L02-ACPO04	CH-STA-L50-L02-ACPO04	mgmt0	Access Point	UP	1000	UP-L02-AP04	11	
CH-STA-L50	CH-STA-L50-L02-ACCE01	5	1000base-t	L02-ACPO05	CH-STA-L50-L02-ACPO05	mgmt0	Access Point	UP	1000	UP-L02-AP05	11	
CH-STA-L50	CH-STA-L50-L02-ACCE01	6	1000base-t	L02-ACPO06	CH-STA-L50-L02-ACPO06	mgmt0	Access Point	UP	1000	UP-L02-AP06	11	
CH-STA-L50	CH-STA-L50-L02-ACCE01	7	1000base-t	L02-ACPO07	CH-STA-L50-L02-ACPO07	mgmt0	Access Point	UP	1000	UP-L02-AP07	11	
CH-STA-L50	CH-STA-L50-L02-ACCE01	8	1000base-t	L02-ACPO08	CH-STA-L50-L02-ACPO08	mgmt0	Access Point	UP	1000	UP-L02-AP08	11	
CH-STA-L50	CH-STA-L50-L02-ACCE01	9	1000base-t	L02-ACPO09	CH-STA-L50-L02-ACPO09	mgmt0	Access Point	UP	1000	UP-L02-AP09	11	
CH-STA-L50	CH-STA-L50-L02-ACCE02	48	1000base-t	L02-DIST01	CH-STA-L50-L02-DIST01	2	Switch Dist	USW	1000	USW-1G-L02-D01_2	16	
CH-STA-L50	CH-STA-L50-L02-ACCE03	24	1000base-t	L02-DIST01	CH-STA-L50-L02-DIST01	3	Switch Dist	USW	1000	USW-1G-L02-D01_3	16	
CH-STA-L50	CH-STA-L50-L02-ACCE04	24	1000base-t	L02-DIST01	CH-STA-L50-L02-DIST01	4	Switch Dist	USW	1000	USW-1G-L02-D01_4	16	
CH-STA-L50	CH-STA-L50-L02-ACCE05	24	1000base-t	L02-DIST01	CH-STA-L50-L02-DIST01	5	Switch Dist	USW	1000	USW-1G-L02-D01_5	16	
CH-STA-L50	CH-STA-L50-L02-ACCE06	48	1000base-t	L02-DIST01	CH-STA-L50-L02-DIST01	6	Switch Dist	USW	1000	USW-1G-L02-D01_6	16	
CH-STA-L50	CH-STA-L50-L02-ACCE07	24	1000base-t	L02-DIST01	CH-STA-L50-L02-DIST01	7	Switch Dist	USW	1000	USW-1G-L02-D01_7	16	
CH-STA-L50	CH-STA-L50-L02-ACCE08	24	1000base-t	L02-DIST01	CH-STA-L50-L02-DIST01	8	Switch Dist	USW	1000	USW-1G-L02-D01_8	16	
CH-STA-L50	CH-STA-L50-L02-ACCE09	24	1000base-t	L02-DIST01	CH-STA-L50-L02-DIST01	9	Switch Dist	USW	1000	USW-1G-L02-D01_9	16	
CH-STA-L50	CH-STA-L50-L02-ACCE10	24	1000base-t	L02-DIST01	CH-STA-L50-L02-DIST01	10	Switch Dist	USW	1000	USW-1G-L02-D01_10	17	
CH-STA-L50	CH-STA-L50-L02-ACCE11	24	1000base-t	L02-DIST01	CH-STA-L50-L02-DIST01	11	Switch Dist	USW	1000	USW-1G-L02-D01_11	17	
CH-STA-L50	CH-STA-L50-L02-ACCE12	24	1000base-t	L02-DIST01	CH-STA-L50-L02-DIST01	12	Switch Dist	USW	1000	USW-1G-L02-D01_12	17	
CH-STA-L50	CH-STA-L50-L02-ACCE13	24	1000base-t	L02-DIST01	CH-STA-L50-L02-DIST01	13	Switch Dist	USW	1000	USW-1G-L02-D01_13	17	
CH-STA-L50	CH-STA-L50-L02-ACCE14	24	1000base-t	L02-DIST01	CH-STA-L50-L02-DIST01	14	Switch Dist	USW	1000	USW-1G-L02-D01_14	17	
CH-STA-L50	CH-STA-L50-L02-ACCE15	48	1000base-t	L02-DIST01	CH-STA-L50-L02-DIST01	15	Switch Dist	USW	1000	USW-1G-L02-D01_15	17	
CH-STA-L50	CH-STA-L50-L02-ACCE16	48	1000base-t	L02-DIST01	CH-STA-L50-L02-DIST01	16	Switch Dist	USW	1000	USW-1G-L02-D01_16	17	
CH-STA-L50	CH-STA-L50-L02-ACCE17	24	1000base-t	L02-DIST01	CH-STA-L50-L02-DIST01	17	Switch Dist	USW	1000	USW-1G-L02-D01_17	17	
CH-STA-L50	CH-STA-L50-L02-ACCE18	24	1000base-t	L02-DIST01	CH-STA-L50-L02-DIST01	18	Switch Dist	USW	1000	USW-1G-L02-D01_18	17	
CH-STA-L50	CH-STA-L50-L02-ACCE19	24	1000base-t	L02-DIST01	CH-STA-L50-L02-DIST01	19	Switch Dist	USW	1000	USW-1G-L02-D01_19	17	
CH-STA-L50	CH-STA-L50-L02-ACCE20	24	1000base-t	L02-DIST01	CH-STA-L50-L02-DIST01	20	Switch Dist	USW	1000	USW-1G-L02-D01_20	17	
CH-STA-L50	CH-STA-L50-L02-ACCE21	24	1000base-t	L02-DIST01	CH-STA-L50-L02-DIST01	21	Switch Dist	USW	1000	USW-1G-L02-D01_21	17	
CH-STA-L50	CH-STA-L50-L02-ACCE22	24	1000base-t	L02-DIST01	CH-STA-L50-L02-DIST01	22	Switch Dist	USW	1000	USW-1G-L02-D01_22	17	
CH-STA-L50	CH-STA-L50-L02-ACCE23	24	1000base-t	L02-DIST01	CH-STA-L50-L02-DIST01	23	Switch Dist	USW	1000	USW-1G-L02-D01_23	17	
CH-STA-L50	CH-STA-L50-L02-ACCE24	24	1000base-t	L02-DIST01	CH-STA-L50-L02-DIST01	24	Switch Dist	USW	1000	USW-1G-L02-D01_24	17	
CH-STA-L50	CH-STA-L50-L02-ACCE25	24	1000base-t	L02-DIST01_p25	CH-STA-L50-L02-DIST01	25	Switch Dist	USW	1000	USW-1G-L02-D01_25	17	
CH-STA-L50	CH-STA-L50-L02-ACCE26	24	1000base-t	L02-DIST01_p26	CH-STA-L50-L02-DIST01	26	Switch Dist	USW	1000	USW-1G-L02-D01_26	17	
CH-STA-L50	CH-STA-L50-L02-DIST01	1	1000base-t	L02-ACCE01_p24	CH-STA-L50-L02-ACCE01	24	Switch Access	USW	1000	USW-1G-L02-A01_24	17	
CH-STA-L50	CH-STA-L50-L02-DIST01	10	1000base-t	L02-ACCE10_p24	CH-STA-L50-L02-ACCE10	24	Switch Access	USW	1000	USW-1G-L02-A10_24	17	
CH-STA-L50	CH-STA-L50-L02-DIST01	11	1000base-t	L02-ACCE11_p24	CH-STA-L50-L02-ACCE11	24	Switch Access	USW	1000	USW-1G-L02-A11_24	17	
CH-STA-L50	CH-STA-L50-L02-DIST01	12	1000base-t	L02-ACCE12_p24	CH-STA-L50-L02-ACCE12	24	Switch Access	USW	1000	USW-1G-L02-A12_24	17	
CH-STA-L50	CH-STA-L50-L02-DIST01	13	1000base-t	L02-ACCE13_p24	CH-STA-L50-L02-ACCE13	24	Switch Access	USW	1000	USW-1G-L02-A13_24	17	
CH-STA-L50	CH-STA-L50-L02-DIST01	14	1000base-t	L02-ACCE14_p24	CH-STA-L50-L02-ACCE14	24	Switch Access	USW	1000	USW-1G-L02-A14_24	17	
CH-STA-L50	CH-STA-L50-L02-DIST01	15	1000base-t	L02-ACCE15_p48	CH-STA-L50-L02-ACCE15	48	Switch Access	USW	1000	USW-1G-L02-A15_48	17	
CH-STA-L50	CH-STA-L50-L02-DIST01	16	1000base-t	L02-ACCE16_p48	CH-STA-L50-L02-ACCE16	48	Switch Access	USW	1000	USW-1G-L02-A16_48	17	
CH-STA-L50	CH-STA-L50-L02-DIST01	17	1000base-t	L02-ACCE17_p24	CH-STA-L50-L02-ACCE17	24	Switch Access	USW	1000	USW-1G-L02-A17_24	17	
CH-STA-L50	CH-STA-L50-L02-DIST01	18	1000base-t	L02-ACCE18_p24	CH-STA-L50-L02-ACCE18	24	Switch Access	USW	1000	USW-1G-L02-A18_24	17	
CH-STA-L50	CH-STA-L50-L02-DIST01	19	1000base-t	L02-ACCE19_p24	CH-STA-L50-L02-ACCE19	24	Switch Access	USW	1000	USW-1G-L02-A19_24	17	
CH-STA-L50	CH-STA-L50-L02-DIST01	2	1000base-t	L02-ACCE02_p48	CH-STA-L50-L02-ACCE02	48	Switch Access	USW	1000	USW-1G-L02-A02_48	17	
CH-STA-L50	CH-STA-L50-L02-DIST01	20	1000base-t	L02-ACCE20_p24	CH-STA-L50-L02-ACCE20	24	Switch Access	USW	1000	USW-1G-L02-A20_24	17	
CH-STA-L50	CH-STA-L50-L02-DIST01	21	1000base-t	L02-ACCE21_p24	CH-STA-L50-L02-ACCE21	24	Switch Access	USW	1000	USW-1G-L02-A21_24	17	
CH-STA-L50	CH-STA-L50-L02-DIST01	22	1000base-t	L02-ACCE22_p24	CH-STA-L50-L02-ACCE22	24	Switch Access	USW	1000	USW-1G-L02-A22_24	17	
CH-STA-L50	CH-STA-L50-L02-DIST01	23	1000base-t	L02-ACCE23_p24	CH-STA-L50-L02-ACCE23	24	Switch Access	USW	1000	USW-1G-L02-A23_24	17	
CH-STA-L50	CH-STA-L50-L02-DIST01	24	1000base-t	L02-ACCE24_p24	CH-STA-L50-L02-ACCE24	24	Switch Access	USW	1000	USW-1G-L02-A24_24	17	
CH-STA-L50	CH-STA-L50-L02-DIST01	25	1000base-t	L02-ACCE25_p24	CH-STA-L50-L02-ACCE25	24	Switch Access	USW	1000	USW-1G-L02-A25_24	17	
CH-STA-L50	CH-STA-L50-L02-DIST01	26	1000base-t	L02-ACCE26	CH-STA-L50-L02-ACCE26	24	Switch Access	USW	1000	USW-1G-L02-A26_24	17	
CH-STA-L50	CH-STA-L50-L02-DIST01	3	1000base-t	L02-ACCE03_p24	CH-STA-L50-L02-ACCE03	24	Switch Access	USW	1000	USW-1G-L02-A03_24	17	
CH-STA-L50	CH-STA-L50-L02-DIST01	4	1000base-t	L02-ACCE04_p24	CH-STA-L50-L02-ACCE04	24	Switch Access	USW	1000	USW-1G-L02-A04_24	17	
CH-STA-L50	CH-STA-L50-L02-DIST01	5	1000base-t	L02-ACCE05_p24	CH-STA-L50-L02-ACCE05	24	Switch Access	USW	1000	USW-1G-L02-A05_24	17	
CH-STA-L50	CH-STA-L50-L02-DIST01	53	10gbase-x-sfpp	L01-CORE_tg.7.7	CH-STA-L50-L01-CORE02	1:21	Switch Core	USW	10000	USW-L01-C02_1_21	16	
CH-STA-L50	CH-STA-L50-L02-DIST01	54	10gbase-x-sfpp	L01-CORE_tg.3.7	CH-STA-L50-L01-CORE01	1:21	Switch Core	USW	10000	USW-L01-C01_1_21	16	
CH-STA-L50	CH-STA-L50-L02-DIST01	6	1000base-t	L02-ACCE06_p48	CH-STA-L50-L02-ACCE06	48	Switch Access	USW	1000	USW-1G-L02-A06_48	17	
CH-STA-L50	CH-STA-L50-L02-DIST01	7	1000base-t	L02-ACCE07_p24	CH-STA-L50-L02-ACCE07	24	Switch Access	USW	1000	USW-1G-L02-A07_24	17	
CH-STA-L50	CH-STA-L50-L02-DIST01	8	1000base-t	L02-ACCE08_p24	CH-STA-L50-L02-ACCE08	24	Switch Access	USW	1000	USW-1G-L02-A08_24	17	
CH-STA-L50	CH-STA-L50-L02-DIST01	9	1000base-t	L02-ACCE09_p24	CH-STA-L50-L02-ACCE09	24	Switch Access	USW	1000	USW-1G-L02-A09_24	17	
CH-ZRH-ZH4	CH-ZRH-ZH4-CORE01	1	10gbase-x-sfpp	ISC	CH-ZRH-ZH4-CORE02	1	Switch Core	USW	10000	USW-C02_1	9	ISC
CH-ZRH-ZH4	CH-ZRH-ZH4-CORE01	11	10gbase-x-sfpp	Alternative_ISC	CH-ZRH-ZH4-CORE02	11	Switch Core	USW	10000	USW-C02_11	10	ISC
CH-ZRH-ZH4	CH-ZRH-ZH4-CORE01	12	10gbase-x-sfpp	esx40_ct1_eth0	ch-zrh-zh4-esx40.sensirion.lokal	vmnic0	Server	US	10000	US-ESX40_VMNIC0	15	
CH-ZRH-ZH4	CH-ZRH-ZH4-CORE01	13	10gbase-x-sfpp	esx41_ct1_eth0	ch-zrh-zh4-esx41.sensirion.lokal	vmnic0	Server	US	10000	US-ESX41_VMNIC0	15	
CH-ZRH-ZH4	CH-ZRH-ZH4-CORE01	15	10gbase-x-sfpp	ZRH-FWGW01_x1	CH-ZRH-ZH4-FWGW01	x1	Firewall	USW	10000	USW-FW01_X1	11	
CH-ZRH-ZH4	CH-ZRH-ZH4-CORE01	16	10gbase-x-sfpp	ZRH-FWGW01_x3	CH-ZRH-ZH4-FWGW01	x3	Firewall	USW	10000	USW-FW01_X3	11	
CH-ZRH-ZH4	CH-ZRH-ZH4-CORE01	17	10gbase-x-sfpp	esx42_ct1_eth0	ch-zrh-zh4-esx42.sensirion.lokal	vmnic0	Server	US	10000	US-ESX42_VMNIC0	15	
CH-ZRH-ZH4	CH-ZRH-ZH4-CORE01	18	10gbase-x-sfpp	esx43_ct1_eth0	ch-zrh-zh4-esx43.sensirion.lokal	vmnic0	Server	US	10000	US-ESX43_VMNIC0	15	
CH-ZRH-ZH4	CH-ZRH-ZH4-CORE01	19	10gbase-x-sfpp	esx44_ct1_eth0	ch-zrh-zh4-esx44.sensirion.lokal	vmnic0	Server	US	10000	US-ESX44_VMNIC0	15	
CH-ZRH-ZH4	CH-ZRH-ZH4-CORE01	2	10gbase-x-sfpp	ISC	CH-ZRH-ZH4-CORE02	2	Switch Core	USW	10000	USW-C02_2	9	ISC
CH-ZRH-ZH4	CH-ZRH-ZH4-CORE01	22	10gbase-x-sfpp	esx47_ct1_eth0	ch-zrh-zh4-esx47.sensirion.lokal	vmnic0	Server	US	10000	US-ESX47_VMNIC0	15	
CH-ZRH-ZH4	CH-ZRH-ZH4-CORE01	23	10gbase-x-sfpp	SAN02_ctl0_eth10	ch-zrh-zh4-san02	ct0.eth10	Storage	US	10000	US-SAN02_CT0_10	15	
CH-ZRH-ZH4	CH-ZRH-ZH4-CORE01	24	10gbase-x-sfpp	SAN02_ctl1_eth10	ch-zrh-zh4-san02	ct1.eth10	Storage	US	10000	US-SAN02_CT1_10	15	
CH-ZRH-ZH4	CH-ZRH-ZH4-CORE01	25	10gbase-x-sfpp	SAN02_ctl0_eth2	ch-zrh-zh4-san02	ct0.eth2	Storage	US	10000	US-SAN02_CT0_2	14	
CH-ZRH-ZH4	CH-ZRH-ZH4-CORE01	26	10gbase-x-sfpp	SAN02_ctl1_eth2	ch-zrh-zh4-san02	ct1.eth2	Storage	US	10000	US-SAN02_CT1_2	14	
CH-ZRH-ZH4	CH-ZRH-ZH4-CORE01	27	10gbase-x-sfpp	SAN02_ctl0_eth4	ch-zrh-zh4-san02	ct0.eth4	Storage	US	10000	US-SAN02_CT0_4	14	
CH-ZRH-ZH4	CH-ZRH-ZH4-CORE01	28	10gbase-x-sfpp	SAN02_ctl1_eth4	ch-zrh-zh4-san02	ct1.eth4	Storage	US	10000	US-SAN02_CT1_4	14	
CH-ZRH-ZH4	CH-ZRH-ZH4-CORE01	29	10gbase-x-sfpp	ZH4-SAN04-N01_CT	ch-zrh-zh4-san01	ct0.eth10	Storage	US	10000	US-SAN01_CT0_10	15	
CH-ZRH-ZH4	CH-ZRH-ZH4-CORE01	3	10gbase-x-sfpp	ISC	CH-ZRH-ZH4-CORE02	3	Switch Core	USW	10000	USW-C02_3	9	ISC
CH-ZRH-ZH4	CH-ZRH-ZH4-CORE01	30	10gbase-x-sfpp	ZH4-SAN04-N01_CT	ch-zrh-zh4-san01	ct1.eth10	Storage	US	10000	US-SAN01_CT1_10	15	
CH-ZRH-ZH4	CH-ZRH-ZH4-CORE01	32	10gbase-x-sfpp	esx40_ct1_eth2	ch-zrh-zh4-esx40.sensirion.lokal	vmnic2	Server	US	10000	US-ESX40_VMNIC2	15	
CH-ZRH-ZH4	CH-ZRH-ZH4-CORE01	33	10gbase-x-sfpp	esx41_ct1_eth2	ch-zrh-zh4-esx41.sensirion.lokal	vmnic2	Server	US	10000	US-ESX41_VMNIC2	15	
CH-ZRH-ZH4	CH-ZRH-ZH4-CORE01	37	10gbase-x-sfpp	esx42_ct1_eth2	ch-zrh-zh4-esx42.sensirion.lokal	vmnic2	Server	US	10000	US-ESX42_VMNIC2	15	
CH-ZRH-ZH4	CH-ZRH-ZH4-CORE01	38	10gbase-x-sfpp	esx43_ct1_eth2	ch-zrh-zh4-esx43.sensirion.lokal	vmnic2	Server	US	10000	US-ESX43_VMNIC2	15	
CH-ZRH-ZH4	CH-ZRH-ZH4-CORE01	39	10gbase-x-sfpp	esx44_ct1_eth2	ch-zrh-zh4-esx44.sensirion.lokal	vmnic2	Server	US	10000	US-ESX44_VMNIC2	15	
CH-ZRH-ZH4	CH-ZRH-ZH4-CORE01	4	10gbase-x-sfpp	ISC	CH-ZRH-ZH4-CORE02	4	Switch Core	USW	10000	USW-C02_4	9	ISC
CH-ZRH-ZH4	CH-ZRH-ZH4-CORE01	42	10gbase-x-sfpp	esx47_ct1_eth2	ch-zrh-zh4-esx47.sensirion.lokal	vmnic2	Server	US	10000	US-ESX47_VMNIC2	15	
CH-ZRH-ZH4	CH-ZRH-ZH4-CORE01	46	10gbase-x-sfpp	ZH5-CORE01-P46	CH-ZRH-ZH5-CORE01	46	Switch Core	USW	10000	USW-ZH5-C01_46	14	
CH-ZRH-ZH4	CH-ZRH-ZH4-CORE01	5	10gbase-x-sfpp	MLAG_MGMT01_p51	CH-ZRH-ZH4-MGMT01-1	01:51	Switch Mgmt	USW	10000	USW-M01_1_51	12	MLAG
CH-ZRH-ZH4	CH-ZRH-ZH4-CORE01	6	10gbase-x-sfpp	MLAG_MGMT02_p51	CH-ZRH-ZH4-MGMT01-2	02:51	Switch Mgmt	USW	10000	USW-M01_2_51	12	MLAG
CH-ZRH-ZH4	CH-ZRH-ZH4-CORE02	1	10gbase-x-sfpp	ISC	CH-ZRH-ZH4-CORE01	1	Switch Core	USW	10000	USW-C01_1	9	ISC
CH-ZRH-ZH4	CH-ZRH-ZH4-CORE02	11	10gbase-x-sfpp	Alternative_ISC	CH-ZRH-ZH4-CORE01	11	Switch Core	USW	10000	USW-C01_11	10	ISC
CH-ZRH-ZH4	CH-ZRH-ZH4-CORE02	12	10gbase-x-sfpp	esx40_ct1_eth1	ch-zrh-zh4-esx40.sensirion.lokal	vmnic1	Server	US	10000	US-ESX40_VMNIC1	15	
CH-ZRH-ZH4	CH-ZRH-ZH4-CORE02	13	10gbase-x-sfpp	esx41_ct1_eth1	ch-zrh-zh4-esx41.sensirion.lokal	vmnic1	Server	US	10000	US-ESX41_VMNIC1	15	
CH-ZRH-ZH4	CH-ZRH-ZH4-CORE02	15	10gbase-x-sfpp	ZRH-FWGW01_x2	CH-ZRH-ZH4-FWGW01	x2	Firewall	USW	10000	USW-FW01_X2	11	
CH-ZRH-ZH4	CH-ZRH-ZH4-CORE02	16	10gbase-x-sfpp	ZRH-FWGW01_x4	CH-ZRH-ZH4-FWGW01	x4	Firewall	USW	10000	USW-FW01_X4	11	
CH-ZRH-ZH4	CH-ZRH-ZH4-CORE02	17	10gbase-x-sfpp	esx42_ct1_eth1	ch-zrh-zh4-esx42.sensirion.lokal	vmnic1	Server	US	10000	US-ESX42_VMNIC1	15	
CH-ZRH-ZH4	CH-ZRH-ZH4-CORE02	18	10gbase-x-sfpp	esx43_ct1_eth1	ch-zrh-zh4-esx43.sensirion.lokal	vmnic1	Server	US	10000	US-ESX43_VMNIC1	15	
CH-ZRH-ZH4	CH-ZRH-ZH4-CORE02	19	10gbase-x-sfpp	esx44_ct1_eth1	ch-zrh-zh4-esx44.sensirion.lokal	vmnic1	Server	US	10000	US-ESX44_VMNIC1	15	
CH-ZRH-ZH4	CH-ZRH-ZH4-CORE02	2	10gbase-x-sfpp	ISC	CH-ZRH-ZH4-CORE01	2	Switch Core	USW	10000	USW-C01_2	9	ISC
CH-ZRH-ZH4	CH-ZRH-ZH4-CORE02	22	10gbase-x-sfpp	esx47_ct1_eth1	ch-zrh-zh4-esx47.sensirion.lokal	vmnic1	Server	US	10000	US-ESX47_VMNIC1	15	
CH-ZRH-ZH4	CH-ZRH-ZH4-CORE02	23	10gbase-x-sfpp	SAN02_ctl0_eth11	ch-zrh-zh4-san02	ct0.eth11	Storage	US	10000	US-SAN02_CT0_11	15	
CH-ZRH-ZH4	CH-ZRH-ZH4-CORE02	24	10gbase-x-sfpp	SAN02_ctl1_eth11	ch-zrh-zh4-san02	ct1.eth11	Storage	US	10000	US-SAN02_CT1_11	15	
CH-ZRH-ZH4	CH-ZRH-ZH4-CORE02	25	10gbase-x-sfpp	SAN02_ctl0_eth3	ch-zrh-zh4-san02	ct0.eth3	Storage	US	10000	US-SAN02_CT0_3	14	
CH-ZRH-ZH4	CH-ZRH-ZH4-CORE02	26	10gbase-x-sfpp	SAN02_ctl1_eth3	ch-zrh-zh4-san02	ct1.eth3	Storage	US	10000	US-SAN02_CT1_3	14	
CH-ZRH-ZH4	CH-ZRH-ZH4-CORE02	27	10gbase-x-sfpp	SAN02_ctl0_eth5	ch-zrh-zh4-san02	ct0.eth5	Storage	US	10000	US-SAN02_CT0_5	14	
CH-ZRH-ZH4	CH-ZRH-ZH4-CORE02	28	10gbase-x-sfpp	SAN02_ctl1_eth5	ch-zrh-zh4-san02	ct1.eth5	Storage	US	10000	US-SAN02_CT1_5	14	
CH-ZRH-ZH4	CH-ZRH-ZH4-CORE02	29	10gbase-x-sfpp	ZH4-SAN04-N01_CT	ch-zrh-zh4-san01	ct0.eth11	Storage	US	10000	US-SAN01_CT0_11	15	
CH-ZRH-ZH4	CH-ZRH-ZH4-CORE02	3	10gbase-x-sfpp	ISC	CH-ZRH-ZH4-CORE01	3	Switch Core	USW	10000	USW-C01_3	9	ISC
CH-ZRH-ZH4	CH-ZRH-ZH4-CORE02	30	10gbase-x-sfpp	ZH4-SAN04-N01_CT	ch-zrh-zh4-san01	ct1.eth11	Storage	US	10000	US-SAN01_CT1_11	15	
CH-ZRH-ZH4	CH-ZRH-ZH4-CORE02	32	10gbase-x-sfpp	esx40_ct1_eth3	ch-zrh-zh4-esx40.sensirion.lokal	vmnic3	Server	US	10000	US-ESX40_VMNIC3	15	
CH-ZRH-ZH4	CH-ZRH-ZH4-CORE02	33	10gbase-x-sfpp	esx41_ct1_eth3	ch-zrh-zh4-esx41.sensirion.lokal	vmnic3	Server	US	10000	US-ESX41_VMNIC3	15	
CH-ZRH-ZH4	CH-ZRH-ZH4-CORE02	37	10gbase-x-sfpp	esx42_ct1_eth3	ch-zrh-zh4-esx42.sensirion.lokal	vmnic3	Server	US	10000	US-ESX42_VMNIC3	15	
CH-ZRH-ZH4	CH-ZRH-ZH4-CORE02	38	10gbase-x-sfpp	esx43_ct1_eth3	ch-zrh-zh4-esx43.sensirion.lokal	vmnic3	Server	US	10000	US-ESX43_VMNIC3	15	
CH-ZRH-ZH4	CH-ZRH-ZH4-CORE02	39	10gbase-x-sfpp	esx44_ct1_eth3	ch-zrh-zh4-esx44.sensirion.lokal	vmnic3	Server	US	10000	US-ESX44_VMNIC3	15	
CH-ZRH-ZH4	CH-ZRH-ZH4-CORE02	4	10gbase-x-sfpp	ISC	CH-ZRH-ZH4-CORE01	4	Switch Core	USW	10000	USW-C01_4	9	ISC
CH-ZRH-ZH4	CH-ZRH-ZH4-CORE02	42	10gbase-x-sfpp	esx47_ct1_eth3	ch-zrh-zh4-esx47.sensirion.lokal	vmnic3	Server	US	10000	US-ESX47_VMNIC3	15	
CH-ZRH-ZH4	CH-ZRH-ZH4-CORE02	46	10gbase-x-sfpp	ZH5-CORE02-P46	CH-ZRH-ZH5-CORE02	46	Switch Core	USW	10000	USW-ZH5-C02_46	14	
CH-ZRH-ZH4	CH-ZRH-ZH4-CORE02	5	10gbase-x-sfpp	MLAG_MGMT01_p52	CH-ZRH-ZH4-MGMT01-1	01:52	Switch Mgmt	USW	10000	USW-M01_1_52	12	MLAG
CH-ZRH-ZH4	CH-ZRH-ZH4-CORE02	6	10gbase-x-sfpp	MLAG_MGMT02_p52	CH-ZRH-ZH4-MGMT01-2	02:52	Switch Mgmt	USW	10000	USW-M01_2_52	12	MLAG
CH-ZRH-ZH4	CH-ZRH-ZH4-MGMT01-1	1:1	1000base-t	s-fwgw01:13_HA	CH-ZRH-ZH4-FWGW01	ha	Firewall	USW	1000	USW-1G-FW01_HA	14	
CH-ZRH-ZH4	CH-ZRH-ZH4-MGMT01-1	1:15	1000base-t	ZH4-SAN04-N01_CT	ch-zrh-zh4-san01	ct1.eth4	Storage	MON	1000	MON-SAN01_CT1_4	15	
CH-ZRH-ZH4	CH-ZRH-ZH4-MGMT01-1	1:16	1000base-t	esx40_ct0_ilo	ch-zrh-zh4-esx40.sensirion.lokal	iDRAC 10 (NIC.1)	Server	MON	1000	MON-ESX40_IDRAC10_1	19	
CH-ZRH-ZH4	CH-ZRH-ZH4-MGMT01-1	1:17	1000base-t	esx41_ct0_ilo	ch-zrh-zh4-esx41.sensirion.lokal	iDRAC 10 (NIC.1)	Server	MON	1000	MON-ESX41_IDRAC10_1	19	
CH-ZRH-ZH4	CH-ZRH-ZH4-MGMT01-1	1:18	1000base-t	esx42_ct0_ilo	ch-zrh-zh4-esx42.sensirion.lokal	iDRAC 10 (NIC.1)	Server	MON	1000	MON-ESX42_IDRAC10_1	19	
CH-ZRH-ZH4	CH-ZRH-ZH4-MGMT01-1	1:19	1000base-t	esx43_ct0_ilo	ch-zrh-zh4-esx43.sensirion.lokal	iDRAC 10 (NIC.1)	Server	MON	1000	MON-ESX43_IDRAC10_1	19	
CH-ZRH-ZH4	CH-ZRH-ZH4-MGMT01-1	1:21	1000base-t	esx40_ct0_eth0	ch-zrh-zh4-esx40.sensirion.lokal	vmnic4	Server	US	1000	US-1G-ESX40_VMNIC4	18	
CH-ZRH-ZH4	CH-ZRH-ZH4-MGMT01-1	1:22	1000base-t	esx41_ct0_eth0	ch-zrh-zh4-esx41.sensirion.lokal	vmnic4	Server	US	1000	US-1G-ESX41_VMNIC4	18	
CH-ZRH-ZH4	CH-ZRH-ZH4-MGMT01-1	1:23	1000base-t	esx42_ct0_eth0	ch-zrh-zh4-esx42.sensirion.lokal	vmnic4	Server	US	1000	US-1G-ESX42_VMNIC4	18	
CH-ZRH-ZH4	CH-ZRH-ZH4-MGMT01-1	1:24	1000base-t	esx43_ct0_eth0	ch-zrh-zh4-esx43.sensirion.lokal	vmnic4	Server	US	1000	US-1G-ESX43_VMNIC4	18	
CH-ZRH-ZH4	CH-ZRH-ZH4-MGMT01-1	1:25	1000base-t	SAN02_ctl0_mgmt	ch-zrh-zh4-san02	ct0.eth0	Storage	MON	1000	MON-SAN02_CT0_0	15	
CH-ZRH-ZH4	CH-ZRH-ZH4-MGMT01-1	1:26	1000base-t	esx44_ct0_eth0	ch-zrh-zh4-esx44.sensirion.lokal	vmnic4	Server	US	1000	US-1G-ESX44_VMNIC4	18	
CH-ZRH-ZH4	CH-ZRH-ZH4-MGMT01-1	1:29	1000base-t	esx47_ct0_eth0	ch-zrh-zh4-esx47.sensirion.lokal	vmnic4	Server	US	1000	US-1G-ESX47_VMNIC4	18	
CH-ZRH-ZH4	CH-ZRH-ZH4-MGMT01-1	1:31	1000base-t	s-fwgw01:lag.0.2	CH-ZRH-ZH4-FWGW01	port1	Firewall	USW	1000	USW-1G-FW01_1	13	
CH-ZRH-ZH4	CH-ZRH-ZH4-MGMT01-1	1:32	1000base-t	s-fwgw01:lag.0.2	CH-ZRH-ZH4-FWGW01	port3	Firewall	USW	1000	USW-1G-FW01_3	13	
CH-ZRH-ZH4	CH-ZRH-ZH4-MGMT01-1	1:33	1000base-t	s-fwgw01:lag.0.3	CH-ZRH-ZH4-FWGW01	port13	Firewall	USW	1000	USW-1G-FW01_13	14	
CH-ZRH-ZH4	CH-ZRH-ZH4-MGMT01-1	1:34	1000base-t	s-fwgw01:lag.0.4	CH-ZRH-ZH4-FWGW01	port9	Firewall	USW	1000	USW-1G-FW01_9	13	
CH-ZRH-ZH4	CH-ZRH-ZH4-MGMT01-1	1:49	extreme-summitstack	STACKING_PORT	CH-ZRH-ZH4-MGMT01-2	02:50	Switch Mgmt	USW		USW-M01_2_50	12	stack
CH-ZRH-ZH4	CH-ZRH-ZH4-MGMT01-1	1:5	1000base-t	S-fwgw01:mgmt1	CH-ZRH-ZH4-FWGW01	mgmt	Firewall	USW	1000	USW-1G-FW01_MGMT	16	
CH-ZRH-ZH4	CH-ZRH-ZH4-MGMT01-1	1:50	extreme-summitstack	STACKING_PORT	CH-ZRH-ZH4-MGMT01-2	02:49	Switch Mgmt	USW		USW-M01_2_49	12	stack
CH-ZRH-ZH4	CH-ZRH-ZH4-MGMT01-1	1:51	10gbase-x-sfpp	MLAG_CORE01_p5	CH-ZRH-ZH4-CORE01	5	Switch Core	USW	10000	USW-C01_5	9	MLAG
CH-ZRH-ZH4	CH-ZRH-ZH4-MGMT01-1	1:52	10gbase-x-sfpp	MLAG_CORE02_p5	CH-ZRH-ZH4-CORE02	5	Switch Core	USW	10000	USW-C02_5	9	MLAG
CH-ZRH-ZH4	CH-ZRH-ZH4-MGMT01-2	2:1	1000base-t	s-fwgw01:29_HA	CH-ZRH-ZH4-FWGW01	port15	Firewall	USW	1000	USW-1G-FW01_15	14	
CH-ZRH-ZH4	CH-ZRH-ZH4-MGMT01-2	2:15	1000base-t	ZH4-SAN04-N01_CT	ch-zrh-zh4-san01	ct0.eth4	Storage	MON	1000	MON-SAN01_CT0_4	15	
CH-ZRH-ZH4	CH-ZRH-ZH4-MGMT01-2	2:16	1000base-t	esx44_ct0_ilo	ch-zrh-zh4-esx44.sensirion.lokal	iDRAC 10 (NIC.1)	Server	MON	1000	MON-ESX44_IDRAC10_1	19	
CH-ZRH-ZH4	CH-ZRH-ZH4-MGMT01-2	2:19	1000base-t	esx47_ct0_ilo	ch-zrh-zh4-esx47.sensirion.lokal	iDRAC 10 (NIC.1)	Server	MON	1000	MON-ESX47_IDRAC10_1	19	
CH-ZRH-ZH4	CH-ZRH-ZH4-MGMT01-2	2:21	1000base-t	esx40_ct0_eth1	ch-zrh-zh4-esx40.sensirion.lokal	vmnic5	Server	US	1000	US-1G-ESX40_VMNIC5	18	
CH-ZRH-ZH4	CH-ZRH-ZH4-MGMT01-2	2:22	1000base-t	esx41_ct0_eth1	ch-zrh-zh4-esx41.sensirion.lokal	vmnic5	Server	US	1000	US-1G-ESX41_VMNIC5	18	
CH-ZRH-ZH4	CH-ZRH-ZH4-MGMT01-2	2:23	1000base-t	esx42_ct0_eth1	ch-zrh-zh4-esx42.sensirion.lokal	vmnic5	Server	US	1000	US-1G-ESX42_VMNIC5	18	
CH-ZRH-ZH4	CH-ZRH-ZH4-MGMT01-2	2:24	1000base-t	esx43_ct0_eth1	ch-zrh-zh4-esx43.sensirion.lokal	vmnic5	Server	US	1000	US-1G-ESX43_VMNIC5	18	
CH-ZRH-ZH4	CH-ZRH-ZH4-MGMT01-2	2:25	1000base-t	SAN02_ctl1_mgmt	ch-zrh-zh4-san02	ct1.eth0	Storage	MON	1000	MON-SAN02_CT1_0	15	
CH-ZRH-ZH4	CH-ZRH-ZH4-MGMT01-2	2:26	1000base-t	esx44_ct0_eth1	ch-zrh-zh4-esx44.sensirion.lokal	vmnic5	Server	US	1000	US-1G-ESX44_VMNIC5	18	
CH-ZRH-ZH4	CH-ZRH-ZH4-MGMT01-2	2:29	1000base-t	esx47_ct0_eth1	ch-zrh-zh4-esx47.sensirion.lokal	vmnic5	Server	US	1000	US-1G-ESX47_VMNIC5	18	
CH-ZRH-ZH4	CH-ZRH-ZH4-MGMT01-2	2:31	1000base-t	s-fwgw01:lag.0.2	CH-ZRH-ZH4-FWGW01	port2	Firewall	USW	1000	USW-1G-FW01_2	13	
CH-ZRH-ZH4	CH-ZRH-ZH4-MGMT01-2	2:32	1000base-t	s-fwgw01:lag.0.2	CH-ZRH-ZH4-FWGW01	port4	Firewall	USW	1000	USW-1G-FW01_4	13	
CH-ZRH-ZH4	CH-ZRH-ZH4-MGMT01-2	2:33	1000base-t	s-fwgw01:lag.0.3	CH-ZRH-ZH4-FWGW01	port14	Firewall	USW	1000	USW-1G-FW01_14	14	
CH-ZRH-ZH4	CH-ZRH-ZH4-MGMT01-2	2:34	1000base-t	s-fwgw01:lag.0.4	CH-ZRH-ZH4-FWGW01	port10	Firewall	USW	1000	USW-1G-FW01_10	14	
CH-ZRH-ZH4	CH-ZRH-ZH4-MGMT01-2	2:49	extreme-summitstack	STACKING_PORT	CH-ZRH-ZH4-MGMT01-1	01:50	Switch Mgmt	USW		USW-M01_1_50	12	stack
CH-ZRH-ZH4	CH-ZRH-ZH4-MGMT01-2	2:5	1000base-t	S-fwgw01:mgmt2	CH-ZRH-ZH4-FWGW01	port16	Firewall	USW	1000	USW-1G-FW01_16	14	
CH-ZRH-ZH4	CH-ZRH-ZH4-MGMT01-2	2:50	extreme-summitstack	STACKING_PORT	CH-ZRH-ZH4-MGMT01-1	01:49	Switch Mgmt	USW		USW-M01_1_49	12	stack
CH-ZRH-ZH4	CH-ZRH-ZH4-MGMT01-2	2:51	10gbase-x-sfpp	MLAG_CORE01_p6	CH-ZRH-ZH4-CORE01	6	Switch Core	USW	10000	USW-C01_6	9	MLAG
CH-ZRH-ZH4	CH-ZRH-ZH4-MGMT01-2	2:52	10gbase-x-sfpp	MLAG_CORE02_p6	CH-ZRH-ZH4-CORE02	6	Switch Core	USW	10000	USW-C02_6	9	MLAG
CH-ZRH-ZH5	CH-ZRH-ZH5-CORE01	1	10gbase-x-sfpp	CH-ZRH-ZH5-CORE0	CH-ZRH-ZH5-CORE02	1	Switch Core	USW	10000	USW-C02_1	9	
CH-ZRH-ZH5	CH-ZRH-ZH5-CORE01	11	10gbase-x-sfpp	CH-ZRH-ZH5-CORE0	CH-ZRH-ZH5-CORE02	11	Switch Core	USW	10000	USW-C02_11	10	
CH-ZRH-ZH5	CH-ZRH-ZH5-CORE01	12	10gbase-x-sfpp	esx50_ct1_eth0	ch-zrh-zh5-esx50.sensirion.lokal	vmnic0	Server	US	10000	US-ESX50_VMNIC0	15	
CH-ZRH-ZH5	CH-ZRH-ZH5-CORE01	13	10gbase-x-sfpp	esx51_ct1_eth0	ch-zrh-zh5-esx51.sensirion.lokal	vmnic0	Server	US	10000	US-ESX51_VMNIC0	15	
CH-ZRH-ZH5	CH-ZRH-ZH5-CORE01	15	10gbase-x-sfpp	ZRH-FWGW01_x1	CH-ZRH-ZH5-FWGW01	x1	Firewall	USW	10000	USW-FW01_X1	11	
CH-ZRH-ZH5	CH-ZRH-ZH5-CORE01	16	10gbase-x-sfpp	ZRH-FWGW01_x4	CH-ZRH-ZH5-FWGW01	x4	Firewall	USW	10000	USW-FW01_X4	11	
CH-ZRH-ZH5	CH-ZRH-ZH5-CORE01	17	10gbase-x-sfpp	esx52_ct1_eth0	ch-zrh-zh5-esx52.sensirion.lokal	vmnic0	Server	US	10000	US-ESX52_VMNIC0	15	
CH-ZRH-ZH5	CH-ZRH-ZH5-CORE01	18	10gbase-x-sfpp	esx53_ct1_eth0	ch-zrh-zh5-esx53.sensirion.lokal	vmnic0	Server	US	10000	US-ESX53_VMNIC0	15	
CH-ZRH-ZH5	CH-ZRH-ZH5-CORE01	19	10gbase-x-sfpp	esx54_ct1_eth0	ch-zrh-zh5-esx54.sensirion.lokal	vmnic0	Server	US	10000	US-ESX54_VMNIC0	15	
CH-ZRH-ZH5	CH-ZRH-ZH5-CORE01	2	10gbase-x-sfpp	CH-ZRH-ZH5-CORE0	CH-ZRH-ZH5-CORE02	2	Switch Core	USW	10000	USW-C02_2	9	
CH-ZRH-ZH5	CH-ZRH-ZH5-CORE01	20	10gbase-x-sfpp	esx55_ct1_eth0	ch-zrh-zh5-esx55.sensirion.lokal	vmnic2	Server	US	10000	US-ESX55_VMNIC2	15	
CH-ZRH-ZH5	CH-ZRH-ZH5-CORE01	21	10gbase-x-sfpp	esx56_ct1_eth0	ch-zrh-zh5-esx56.sensirion.lokal	vmnic2	Server	US	10000	US-ESX56_VMNIC2	15	
CH-ZRH-ZH5	CH-ZRH-ZH5-CORE01	22	10gbase-x-sfpp	esx57_ct1_eth0	ch-zrh-zh5-esx57.sensirion.lokal	vmnic0	Server	US	10000	US-ESX57_VMNIC0	15	
CH-ZRH-ZH5	CH-ZRH-ZH5-CORE01	23	10gbase-x-sfpp	SAN02_ctl0_eth10	ch-zrh-zh5-san02	ct0.eth10	Storage	US	10000	US-SAN02_CT0_10	15	
CH-ZRH-ZH5	CH-ZRH-ZH5-CORE01	24	10gbase-x-sfpp	SAN02_ctl1_eth10	ch-zrh-zh5-san02	ct1.eth10	Storage	US	10000	US-SAN02_CT1_10	15	
CH-ZRH-ZH5	CH-ZRH-ZH5-CORE01	25	10gbase-x-sfpp	SAN02_ctl0_eth2	ch-zrh-zh5-san02	ct0.eth2	Storage	US	10000	US-SAN02_CT0_2	14	
CH-ZRH-ZH5	CH-ZRH-ZH5-CORE01	26	10gbase-x-sfpp	SAN02_ctl1_eth2	ch-zrh-zh5-san02	ct1.eth2	Storage	US	10000	US-SAN02_CT1_2	14	
CH-ZRH-ZH5	CH-ZRH-ZH5-CORE01	27	10gbase-x-sfpp	SAN02_ctl0_eth4	ch-zrh-zh5-san02	ct0.eth4	Storage	US	10000	US-SAN02_CT0_4	14	
CH-ZRH-ZH5	CH-ZRH-ZH5-CORE01	28	10gbase-x-sfpp	SAN02_ctl1_eth4	ch-zrh-zh5-san02	ct1.eth4	Storage	US	10000	US-SAN02_CT1_4	14	
CH-ZRH-ZH5	CH-ZRH-ZH5-CORE01	29	10gbase-x-sfpp	ZH5-SAN04-N01_CT	ch-zrh-zh5-san01	ct0.eth10	Storage	US	10000	US-SAN01_CT0_10	15	
CH-ZRH-ZH5	CH-ZRH-ZH5-CORE01	3	10gbase-x-sfpp	CH-ZRH-ZH5-CORE0	CH-ZRH-ZH5-CORE02	3	Switch Core	USW	10000	USW-C02_3	9	
CH-ZRH-ZH5	CH-ZRH-ZH5-CORE01	30	10gbase-x-sfpp	ZH5-SAN04-N01_CT	ch-zrh-zh5-san01	ct1.eth10	Storage	US	10000	US-SAN01_CT1_10	15	
CH-ZRH-ZH5	CH-ZRH-ZH5-CORE01	32	10gbase-x-sfpp	esx50_ct1_eth2	ch-zrh-zh5-esx50.sensirion.lokal	vmnic2	Server	US	10000	US-ESX50_VMNIC2	15	
CH-ZRH-ZH5	CH-ZRH-ZH5-CORE01	33	10gbase-x-sfpp	esx51_ct1_eth2	ch-zrh-zh5-esx51.sensirion.lokal	vmnic2	Server	US	10000	US-ESX51_VMNIC2	15	
CH-ZRH-ZH5	CH-ZRH-ZH5-CORE01	37	10gbase-x-sfpp	esx52_ct1_eth2	ch-zrh-zh5-esx52.sensirion.lokal	vmnic2	Server	US	10000	US-ESX52_VMNIC2	15	
CH-ZRH-ZH5	CH-ZRH-ZH5-CORE01	38	10gbase-x-sfpp	esx53_ct1_eth2	ch-zrh-zh5-esx53.sensirion.lokal	vmnic2	Server	US	10000	US-ESX53_VMNIC2	15	
CH-ZRH-ZH5	CH-ZRH-ZH5-CORE01	39	10gbase-x-sfpp	esx54_ct1_eth2	ch-zrh-zh5-esx54.sensirion.lokal	vmnic2	Server	US	10000	US-ESX54_VMNIC2	15	
CH-ZRH-ZH5	CH-ZRH-ZH5-CORE01	4	10gbase-x-sfpp	CH-ZRH-ZH5-CORE0	CH-ZRH-ZH5-CORE02	4	Switch Core	USW	10000	USW-C02_4	9	
CH-ZRH-ZH5	CH-ZRH-ZH5-CORE01	40	10gbase-x-sfpp	esx55_ct1_eth2	ch-zrh-zh5-esx55.sensirion.lokal	vmnic4	Server	US	10000	US-ESX55_VMNIC4	15	
CH-ZRH-ZH5	CH-ZRH-ZH5-CORE01	41	10gbase-x-sfpp	esx56_ct1_eth2	ch-zrh-zh5-esx56.sensirion.lokal	vmnic4	Server	US	10000	US-ESX56_VMNIC4	15	
CH-ZRH-ZH5	CH-ZRH-ZH5-CORE01	42	10gbase-x-sfpp	esx57_ct1_eth2	ch-zrh-zh5-esx57.sensirion.lokal	vmnic2	Server	US	10000	US-ESX57_VMNIC2	15	
CH-ZRH-ZH5	CH-ZRH-ZH5-CORE01	46	10gbase-x-sfpp	ZH4-CORE01-P46	CH-ZRH-ZH4-CORE01	46	Switch Core	USW	10000	USW-ZH4-C01_46	14	
CH-ZRH-ZH5	CH-ZRH-ZH5-CORE01	5	10gbase-x-sfpp	ZRH-ZH5-MGMT02-P	CH-ZRH-ZH5-MGMT01-1	01:51	Switch Mgmt	USW	10000	USW-M01_1_51	12	
CH-ZRH-ZH5	CH-ZRH-ZH5-CORE01	6	10gbase-x-sfpp	ZRH-ZH5-MGMT02-P	CH-ZRH-ZH5-MGMT01-1	01:52	Switch Mgmt	USW	10000	USW-M01_1_52	12	
CH-ZRH-ZH5	CH-ZRH-ZH5-CORE02	1	10gbase-x-sfpp	CH-ZRH-ZH5-CORE1	CH-ZRH-ZH5-CORE01	1	Switch Core	USW	10000	USW-C01_1	9	
CH-ZRH-ZH5	CH-ZRH-ZH5-CORE02	11	10gbase-x-sfpp	CH-ZRH-ZH5-CORE1	CH-ZRH-ZH5-CORE01	11	Switch Core	USW	10000	USW-C01_11	10	
CH-ZRH-ZH5	CH-ZRH-ZH5-CORE02	12	10gbase-x-sfpp	esx50_ct1_eth1	ch-zrh-zh5-esx50.sensirion.lokal	vmnic1	Server	US	10000	US-ESX50_VMNIC1	15	
CH-ZRH-ZH5	CH-ZRH-ZH5-CORE02	13	10gbase-x-sfpp	esx51_ct1_eth1	ch-zrh-zh5-esx51.sensirion.lokal	vmnic1	Server	US	10000	US-ESX51_VMNIC1	15	
CH-ZRH-ZH5	CH-ZRH-ZH5-CORE02	15	10gbase-x-sfpp	ZRH-FWGW01_x2	CH-ZRH-ZH5-FWGW01	x2	Firewall	USW	10000	USW-FW01_X2	11	
CH-ZRH-ZH5	CH-ZRH-ZH5-CORE02	16	10gbase-x-sfpp	ZRH-FWGW01_x3	CH-ZRH-ZH5-FWGW01	x3	Firewall	USW	10000	USW-FW01_X3	11	
CH-ZRH-ZH5	CH-ZRH-ZH5-CORE02	17	10gbase-x-sfpp	esx52_ct1_eth1	ch-zrh-zh5-esx52.sensirion.lokal	vmnic1	Server	US	10000	US-ESX52_VMNIC1	15	
CH-ZRH-ZH5	CH-ZRH-ZH5-CORE02	18	10gbase-x-sfpp	esx53_ct1_eth1	ch-zrh-zh5-esx53.sensirion.lokal	vmnic1	Server	US	10000	US-ESX53_VMNIC1	15	
CH-ZRH-ZH5	CH-ZRH-ZH5-CORE02	19	10gbase-x-sfpp	esx54_ct1_eth1	ch-zrh-zh5-esx54.sensirion.lokal	vmnic1	Server	US	10000	US-ESX54_VMNIC1	15	
CH-ZRH-ZH5	CH-ZRH-ZH5-CORE02	2	10gbase-x-sfpp	CH-ZRH-ZH5-CORE1	CH-ZRH-ZH5-CORE01	2	Switch Core	USW	10000	USW-C01_2	9	
CH-ZRH-ZH5	CH-ZRH-ZH5-CORE02	20	10gbase-x-sfpp	esx55_ct1_eth1	ch-zrh-zh5-esx55.sensirion.lokal	vmnic3	Server	US	10000	US-ESX55_VMNIC3	15	
CH-ZRH-ZH5	CH-ZRH-ZH5-CORE02	21	10gbase-x-sfpp	esx56_ct1_eth1	ch-zrh-zh5-esx56.sensirion.lokal	vmnic3	Server	US	10000	US-ESX56_VMNIC3	15	
CH-ZRH-ZH5	CH-ZRH-ZH5-CORE02	22	10gbase-x-sfpp	esx57_ct1_eth1	ch-zrh-zh5-esx57.sensirion.lokal	vmnic1	Server	US	10000	US-ESX57_VMNIC1	15	
CH-ZRH-ZH5	CH-ZRH-ZH5-CORE02	23	10gbase-x-sfpp	SAN02_ctl0_eth11	ch-zrh-zh5-san02	ct0.eth11	Storage	US	10000	US-SAN02_CT0_11	15	
CH-ZRH-ZH5	CH-ZRH-ZH5-CORE02	24	10gbase-x-sfpp	SAN02_ctl1_eth11	ch-zrh-zh5-san02	ct1.eth11	Storage	US	10000	US-SAN02_CT1_11	15	
CH-ZRH-ZH5	CH-ZRH-ZH5-CORE02	25	10gbase-x-sfpp	SAN02_ctl0_eth3	ch-zrh-zh5-san02	ct0.eth3	Storage	US	10000	US-SAN02_CT0_3	14	
CH-ZRH-ZH5	CH-ZRH-ZH5-CORE02	26	10gbase-x-sfpp	SAN02_ctl1_eth3	ch-zrh-zh5-san02	ct1.eth3	Storage	US	10000	US-SAN02_CT1_3	14	
CH-ZRH-ZH5	CH-ZRH-ZH5-CORE02	27	10gbase-x-sfpp	SAN02_ctl0_eth5	ch-zrh-zh5-san02	ct0.eth5	Storage	US	10000	US-SAN02_CT0_5	14	
CH-ZRH-ZH5	CH-ZRH-ZH5-CORE02	28	10gbase-x-sfpp	SAN02_ctl1_eth5	ch-zrh-zh5-san02	ct1.eth5	Storage	US	10000	US-SAN02_CT1_5	14	
CH-ZRH-ZH5	CH-ZRH-ZH5-CORE02	29	10gbase-x-sfpp	ZH5-SAN04-N01_CT	ch-zrh-zh5-san01	ct0.eth11	Storage	US	10000	US-SAN01_CT0_11	15	
CH-ZRH-ZH5	CH-ZRH-ZH5-CORE02	3	10gbase-x-sfpp	CH-ZRH-ZH5-CORE1	CH-ZRH-ZH5-CORE01	3	Switch Core	USW	10000	USW-C01_3	9	
CH-ZRH-ZH5	CH-ZRH-ZH5-CORE02	30	10gbase-x-sfpp	ZH5-SAN04-N01_CT	ch-zrh-zh5-san01	ct1.eth11	Storage	US	10000	US-SAN01_CT1_11	15	
CH-ZRH-ZH5	CH-ZRH-ZH5-CORE02	32	10gbase-x-sfpp	esx50_ct1_eth3	ch-zrh-zh5-esx50.sensirion.lokal	vmnic3	Server	US	10000	US-ESX50_VMNIC3	15	
CH-ZRH-ZH5	CH-ZRH-ZH5-CORE02	33	10gbase-x-sfpp	esx51_ct1_eth3	ch-zrh-zh5-esx51.sensirion.lokal	vmnic3	Server	US	10000	US-ESX51_VMNIC3	15	
CH-ZRH-ZH5	CH-ZRH-ZH5-CORE02	37	10gbase-x-sfpp	esx52_ct1_eth3	ch-zrh-zh5-esx52.sensirion.lokal	vmnic3	Server	US	10000	US-ESX52_VMNIC3	15	
CH-ZRH-ZH5	CH-ZRH-ZH5-CORE02	38	10gbase-x-sfpp	esx53_ct1_eth3	ch-zrh-zh5-esx53.sensirion.lokal	vmnic3	Server	US	10000	US-ESX53_VMNIC3	15	
CH-ZRH-ZH5	CH-ZRH-ZH5-CORE02	39	10gbase-x-sfpp	esx54_ct1_eth3	ch-zrh-zh5-esx54.sensirion.lokal	vmnic3	Server	US	10000	US-ESX54_VMNIC3	15	
CH-ZRH-ZH5	CH-ZRH-ZH5-CORE02	4	10gbase-x-sfpp	CH-ZRH-ZH5-CORE1	CH-ZRH-ZH5-CORE01	4	Switch Core	USW	10000	USW-C01_4	9	
CH-ZRH-ZH5	CH-ZRH-ZH5-CORE02	40	10gbase-x-sfpp	esx55_ct1_eth3	ch-zrh-zh5-esx55.sensirion.lokal	vmnic5	Server	US	10000	US-ESX55_VMNIC5	15	
CH-ZRH-ZH5	CH-ZRH-ZH5-CORE02	41	10gbase-x-sfpp	esx56_ct1_eth3	ch-zrh-zh5-esx56.sensirion.lokal	vmnic5	Server	US	10000	US-ESX56_VMNIC5	15	
CH-ZRH-ZH5	CH-ZRH-ZH5-CORE02	42	10gbase-x-sfpp	esx57_ct1_eth3	ch-zrh-zh5-esx57.sensirion.lokal	vmnic3	Server	US	10000	US-ESX57_VMNIC3	15	
CH-ZRH-ZH5	CH-ZRH-ZH5-CORE02	46	10gbase-x-sfpp	ZH4-CORE02-P46	CH-ZRH-ZH4-CORE02	46	Switch Core	USW	10000	USW-ZH4-C02_46	14	
CH-ZRH-ZH5	CH-ZRH-ZH5-CORE02	5	10gbase-x-sfpp	ZRH-ZH5-MGMT01-P	CH-ZRH-ZH5-MGMT01-2	02:51	Switch Mgmt	USW	10000	USW-M01_2_51	12	
CH-ZRH-ZH5	CH-ZRH-ZH5-CORE02	6	10gbase-x-sfpp	ZRH-ZH5-MGMT01-P	CH-ZRH-ZH5-MGMT01-2	02:52	Switch Mgmt	USW	10000	USW-M01_2_52	12	
CH-ZRH-ZH5	CH-ZRH-ZH5-MGMT01-1	1:1	1000base-t	s-fwgw01:13_HA	CH-ZRH-ZH5-FWGW01	ha	Firewall	USW	1000	USW-1G-FW01_HA	14	
CH-ZRH-ZH5	CH-ZRH-ZH5-MGMT01-1	1:15	1000base-t	SAN01_ctl0_mgmt	ch-zrh-zh5-san01	ct0.eth4	Storage	MON	1000	MON-SAN01_CT0_4	15	
CH-ZRH-ZH5	CH-ZRH-ZH5-MGMT01-1	1:16	1000base-t	esx50_ct0_ilo	ch-zrh-zh5-esx50.sensirion.lokal	iDRAC 10 (NIC.1)	Server	MON	1000	MON-ESX50_IDRAC10_1	19	
CH-ZRH-ZH5	CH-ZRH-ZH5-MGMT01-1	1:17	1000base-t	esx51_ct0_ilo	ch-zrh-zh5-esx51.sensirion.lokal	iDRAC 10 (NIC.1)	Server	MON	1000	MON-ESX51_IDRAC10_1	19	
CH-ZRH-ZH5	CH-ZRH-ZH5-MGMT01-1	1:18	1000base-t	esx52_ct0_ilo	ch-zrh-zh5-esx52.sensirion.lokal	iDRAC 10 (NIC.1)	Server	MON	1000	MON-ESX52_IDRAC10_1	19	
CH-ZRH-ZH5	CH-ZRH-ZH5-MGMT01-1	1:19	1000base-t	esx53_ct0_ilo	ch-zrh-zh5-esx53.sensirion.lokal	iDRAC 10 (NIC.1)	Server	MON	1000	MON-ESX53_IDRAC10_1	19	
CH-ZRH-ZH5	CH-ZRH-ZH5-MGMT01-1	1:25	1000base-t	SAN02_ctl0_mgmt	ch-zrh-zh5-san02	ct0.eth0	Storage	MON	1000	MON-SAN02_CT0_0	15	
CH-ZRH-ZH5	CH-ZRH-ZH5-MGMT01-1	1:29	1000base-t	esx57_ct0_eth0	ch-zrh-zh5-esx57.sensirion.lokal	vmnic4	Server	US	1000	US-1G-ESX57_VMNIC4	18	
CH-ZRH-ZH5	CH-ZRH-ZH5-MGMT01-1	1:31	1000base-t	s-fwgw01:lag.0.2	CH-ZRH-ZH5-FWGW01	port1	Firewall	USW	1000	USW-1G-FW01_1	13	
CH-ZRH-ZH5	CH-ZRH-ZH5-MGMT01-1	1:32	1000base-t	s-fwgw01:lag.0.2	CH-ZRH-ZH5-FWGW01	port3	Firewall	USW	1000	USW-1G-FW01_3	13	
CH-ZRH-ZH5	CH-ZRH-ZH5-MGMT01-1	1:33	1000base-t	s-fwgw01:lag.0.3	CH-ZRH-ZH5-FWGW01	port13	Firewall	USW	1000	USW-1G-FW01_13	14	
CH-ZRH-ZH5	CH-ZRH-ZH5-MGMT01-1	1:34	1000base-t	s-fwgw01:lag.0.4	CH-ZRH-ZH5-FWGW01	port9	Firewall	USW	1000	USW-1G-FW01_9	13	
CH-ZRH-ZH5	CH-ZRH-ZH5-MGMT01-1	1:49	extreme-summitstack	STACKING_PORT	CH-ZRH-ZH5-MGMT01-2	02:50	Switch Mgmt	USW		USW-M01_2_50	12	stack
CH-ZRH-ZH5	CH-ZRH-ZH5-MGMT01-1	1:5	1000base-t	s-fwgw02:mgmt1	CH-ZRH-ZH5-FWGW01	mgmt	Firewall	USW	1000	USW-1G-FW01_MGMT	16	
CH-ZRH-ZH5	CH-ZRH-ZH5-MGMT01-1	1:50	extreme-summitstack	STACKING_PORT	CH-ZRH-ZH5-MGMT01-2	02:49	Switch Mgmt	USW		USW-M01_2_49	12	stack
CH-ZRH-ZH5	CH-ZRH-ZH5-MGMT01-1	1:51	10gbase-x-sfpp	CH-ZRH-ZH5-CORE0	CH-ZRH-ZH5-CORE01	5	Switch Core	USW	10000	USW-C01_5	9	
CH-ZRH-ZH5	CH-ZRH-ZH5-MGMT01-1	1:52	10gbase-x-sfpp	CH-ZRH-ZH5-CORE0	CH-ZRH-ZH5-CORE01	6	Switch Core	USW	10000	USW-C01_6	9	
CH-ZRH-ZH5	CH-ZRH-ZH5-MGMT01-2	2:1	1000base-t	s-fwgw01:29_HA	CH-ZRH-ZH5-FWGW01	port15	Firewall	USW	1000	USW-1G-FW01_15	14	
CH-ZRH-ZH5	CH-ZRH-ZH5-MGMT01-2	2:15	1000base-t	SAN01_ctl1_mgmt	ch-zrh-zh5-san01	ct1.eth4	Storage	MON	1000	MON-SAN01_CT1_4	15	
CH-ZRH-ZH5	CH-ZRH-ZH5-MGMT01-2	2:16	1000base-t	esx54_ct0_ilo	ch-zrh-zh5-esx54.sensirion.lokal	iDRAC 10 (NIC.1)	Server	MON	1000	MON-ESX54_IDRAC10_1	19	
CH-ZRH-ZH5	CH-ZRH-ZH5-MGMT01-2	2:17	1000base-t	esx55_ct0_ilo	ch-zrh-zh5-esx55.sensirion.lokal	iDRAC 10 (NIC.1)	Server	MON	1000	MON-ESX55_IDRAC10_1	19	
CH-ZRH-ZH5	CH-ZRH-ZH5-MGMT01-2	2:18	1000base-t	esx56_ct0_ilo	ch-zrh-zh5-esx56.sensirion.lokal	iDRAC 10 (NIC.1)	Server	MON	1000	MON-ESX56_IDRAC10_1	19	
CH-ZRH-ZH5	CH-ZRH-ZH5-MGMT01-2	2:19	1000base-t	esx57_ct0_ilo	ch-zrh-zh5-esx57.sensirion.lokal	iDRAC 10 (NIC.1)	Server	MON	1000	MON-ESX57_IDRAC10_1	19	
CH-ZRH-ZH5	CH-ZRH-ZH5-MGMT01-2	2:25	1000base-t	SAN02_ctl1_mgmt	ch-zrh-zh5-san02	ct1.eth0	Storage	MON	1000	MON-SAN02_CT1_0	15	
CH-ZRH-ZH5	CH-ZRH-ZH5-MGMT01-2	2:29	1000base-t	esx57_ct0_eth1	ch-zrh-zh5-esx57.sensirion.lokal	vmnic5	Server	US	1000	US-1G-ESX57_VMNIC5	18	
CH-ZRH-ZH5	CH-ZRH-ZH5-MGMT01-2	2:31	1000base-t	s-fwgw01:lag.0.2	CH-ZRH-ZH5-FWGW01	port2	Firewall	USW	1000	USW-1G-FW01_2	13	
CH-ZRH-ZH5	CH-ZRH-ZH5-MGMT01-2	2:32	1000base-t	s-fwgw01:lag.0.2	CH-ZRH-ZH5-FWGW01	port4	Firewall	USW	1000	USW-1G-FW01_4	13	
CH-ZRH-ZH5	CH-ZRH-ZH5-MGMT01-2	2:33	1000base-t	s-fwgw01:lag.0.3	CH-ZRH-ZH5-FWGW01	port14	Firewall	USW	1000	USW-1G-FW01_14	14	
CH-ZRH-ZH5	CH-ZRH-ZH5-MGMT01-2	2:34	1000base-t	s-fwgw01:lag.0.4	CH-ZRH-ZH5-FWGW01	port10	Firewall	USW	1000	USW-1G-FW01_10	14	
CH-ZRH-ZH5	CH-ZRH-ZH5-MGMT01-2	2:49	extreme-summitstack	STACKING_PORT	CH-ZRH-ZH5-MGMT01-1	01:50	Switch Mgmt	USW		USW-M01_1_50	12	stack
CH-ZRH-ZH5	CH-ZRH-ZH5-MGMT01-2	2:5	1000base-t	s-fwgw02:mgmt2	CH-ZRH-ZH5-FWGW01	port16	Firewall	USW	1000	USW-1G-FW01_16	14	
CH-ZRH-ZH5	CH-ZRH-ZH5-MGMT01-2	2:50	extreme-summitstack	STACKING_PORT	CH-ZRH-ZH5-MGMT01-1	01:49	Switch Mgmt	USW		USW-M01_1_49	12	stack
CH-ZRH-ZH5	CH-ZRH-ZH5-MGMT01-2	2:51	10gbase-x-sfpp	CH-ZRH-ZH5-CORE0	CH-ZRH-ZH5-CORE02	5	Switch Core	USW	10000	USW-C02_5	9	
CH-ZRH-ZH5	CH-ZRH-ZH5-MGMT01-2	2:52	10gbase-x-sfpp	CH-ZRH-ZH5-CORE0	CH-ZRH-ZH5-CORE02	6	Switch Core	USW	10000	USW-C02_6	9	
CN-SHA-JIU	CN-SHA-JIU-L02-ACCE01	1	1000base-t	L02-ACPO02	CN-SHA-JIU-L02-ACPO02	mgmt0	Access Point	UP	1000	UP-L02-AP02	11	
CN-SHA-JIU	CN-SHA-JIU-L02-ACCE01	12	1000base-t	L02-ACPO07	CN-SHA-JIU-L02-ACPO07	mgmt0	Access Point	UP	1000	UP-L02-AP07	11	
CN-SHA-JIU	CN-SHA-JIU-L02-ACCE01	17	1000base-t		CN-SHA-JIU-L02-ACPO01	mgmt0	Access Point	UP	1000	UP-L02-AP01	11	
CN-SHA-JIU	CN-SHA-JIU-L02-ACCE01	23	1000base-t	UPLINK	CN-SHA-JIU-L02-DIST01	1	Switch Dist	USW	1000	USW-1G-L02-D01_1	16	
CN-SHA-JIU	CN-SHA-JIU-L02-ACCE01	24	1000base-t	UPLINK	CN-SHA-JIU-L02-DIST02	1	Switch Dist	USW	1000	USW-1G-L02-D02_1	16	
CN-SHA-JIU	CN-SHA-JIU-L02-ACCE01	3	1000base-t	L02-ACPO04	CN-SHA-JIU-L02-ACPO04	mgmt0	Access Point	UP	1000	UP-L02-AP04	11	
CN-SHA-JIU	CN-SHA-JIU-L02-ACCE01	4	1000base-t	L02-ACPO05	CN-SHA-JIU-L02-ACPO05	mgmt0	Access Point	UP	1000	UP-L02-AP05	11	
CN-SHA-JIU	CN-SHA-JIU-L02-ACCE01	5	1000base-t	L02-ACPO03	CN-SHA-JIU-L02-ACPO03	mgmt0	Access Point	UP	1000	UP-L02-AP03	11	
CN-SHA-JIU	CN-SHA-JIU-L02-ACCE01	7	1000base-t	L02-ACPO06	CN-SHA-JIU-L02-ACPO06	mgmt0	Access Point	UP	1000	UP-L02-AP06	11	
CN-SHA-JIU	CN-SHA-JIU-L02-ACCE01	9	1000base-t	L02-ACPO08	CN-SHA-JIU-L02-ACPO08	mgmt0	Access Point	UP	1000	UP-L02-AP08	11	
CN-SHA-JIU	CN-SHA-JIU-L02-ACCE02	47	1000base-t	UPLINK	CN-SHA-JIU-L02-DIST01	2	Switch Dist	USW	1000	USW-1G-L02-D01_2	16	
CN-SHA-JIU	CN-SHA-JIU-L02-ACCE02	48	1000base-t	UPLINK	CN-SHA-JIU-L02-DIST02	2	Switch Dist	USW	1000	USW-1G-L02-D02_2	16	
CN-SHA-JIU	CN-SHA-JIU-L02-ACCE03	47	1000base-t		CN-SHA-JIU-L02-DIST01	3	Switch Dist	USW	1000	USW-1G-L02-D01_3	16	
CN-SHA-JIU	CN-SHA-JIU-L02-ACCE03	48	1000base-t		CN-SHA-JIU-L02-DIST02	3	Switch Dist	USW	1000	USW-1G-L02-D02_3	16	
CN-SHA-JIU	CN-SHA-JIU-L02-DIST01	1	1000base-t	L02-ACCE01_p23	CN-SHA-JIU-L02-ACCE01	23	Switch Access	USW	1000	USW-1G-L02-A01_23	17	
CN-SHA-JIU	CN-SHA-JIU-L02-DIST01	2	1000base-t	L02-ACCE02_p47	CN-SHA-JIU-L02-ACCE02	47	Switch Access	USW	1000	USW-1G-L02-A02_47	17	
CN-SHA-JIU	CN-SHA-JIU-L02-DIST01	25	10gbase-x-sfpp	ISC_DIST02_p25	CN-SHA-JIU-L02-DIST02	25	Switch Dist	USW	10000	USW-L02-D02_25	14	ISC
CN-SHA-JIU	CN-SHA-JIU-L02-DIST01	26	10gbase-x-sfpp	ISC_DIST02_p26	CN-SHA-JIU-L02-DIST02	26	Switch Dist	USW	10000	USW-L02-D02_26	14	ISC
CN-SHA-JIU	CN-SHA-JIU-L02-DIST01	27	10gbase-x-sfpp	UPLINK_CORE01_p2	CN-SHA-JIU-L03-CORE01-1	01:02	Switch Core	USW	10000	USW-L03-C01_1_2	15	
CN-SHA-JIU	CN-SHA-JIU-L02-DIST01	28	10gbase-x-sfpp	UPLINK_CORE03_p2	CN-SHA-JIU-L03-CORE03-1	01:02	Switch Core	USW	10000	USW-L03-C03_1_2	15	
CN-SHA-JIU	CN-SHA-JIU-L02-DIST01	3	1000base-t	L02-ACCE03_p47	CN-SHA-JIU-L02-ACCE03	47	Switch Access	USW	1000	USW-1G-L02-A03_47	17	
CN-SHA-JIU	CN-SHA-JIU-L02-DIST02	1	1000base-t	L02-ACCE01_p24	CN-SHA-JIU-L02-ACCE01	24	Switch Access	USW	1000	USW-1G-L02-A01_24	17	
CN-SHA-JIU	CN-SHA-JIU-L02-DIST02	2	1000base-t	L02-ACCE02_p48	CN-SHA-JIU-L02-ACCE02	48	Switch Access	USW	1000	USW-1G-L02-A02_48	17	
CN-SHA-JIU	CN-SHA-JIU-L02-DIST02	25	10gbase-x-sfpp	ISC_DIST01_p25	CN-SHA-JIU-L02-DIST01	25	Switch Dist	USW	10000	USW-L02-D01_25	14	ISC
CN-SHA-JIU	CN-SHA-JIU-L02-DIST02	26	10gbase-x-sfpp	ISC_DIST01_p26	CN-SHA-JIU-L02-DIST01	26	Switch Dist	USW	10000	USW-L02-D01_26	14	ISC
CN-SHA-JIU	CN-SHA-JIU-L02-DIST02	27	10gbase-x-sfpp	UPLINK_CORE02_p2	CN-SHA-JIU-L03-CORE01-2	02:02	Switch Core	USW	10000	USW-L03-C01_2_2	15	
CN-SHA-JIU	CN-SHA-JIU-L02-DIST02	28	10gbase-x-sfpp	UPLINK_CORE04_p2	CN-SHA-JIU-L03-CORE03-2	02:02	Switch Core	USW	10000	USW-L03-C03_2_2	15	
CN-SHA-JIU	CN-SHA-JIU-L02-DIST02	3	1000base-t	L02-ACCE03_p48	CN-SHA-JIU-L02-ACCE03	48	Switch Access	USW	1000	USW-1G-L02-A03_48	17	
CN-SHA-JIU	CN-SHA-JIU-L03-ACCE01	12	1000base-t	ACCESS_POINT	CN-SHA-JIU-L03-ACPO04	mgmt0	Access Point	UP	1000	UP-L03-AP04	11	
CN-SHA-JIU	CN-SHA-JIU-L03-ACCE01	17	1000base-t	ACCESS_POINT	CN-SHA-JIU-L03-ACPO03	mgmt0	Access Point	UP	1000	UP-L03-AP03	11	
CN-SHA-JIU	CN-SHA-JIU-L03-ACCE01	23	1000base-t	UPLINK	CN-SHA-JIU-L03-DIST01	1	Switch Dist	USW	1000	USW-1G-L03-D01_1	16	
CN-SHA-JIU	CN-SHA-JIU-L03-ACCE01	24	1000base-t	UPLINK	CN-SHA-JIU-L03-DIST02	1	Switch Dist	USW	1000	USW-1G-L03-D02_1	16	
CN-SHA-JIU	CN-SHA-JIU-L03-ACCE01	3	1000base-t		CN-SHA-JIU-L03-ACPO02	mgmt0	Access Point	UP	1000	UP-L03-AP02	11	
CN-SHA-JIU	CN-SHA-JIU-L03-ACCE02	23	1000base-t	UPLINK	CN-SHA-JIU-L03-DIST01	2	Switch Dist	USW	1000	USW-1G-L03-D01_2	16	
CN-SHA-JIU	CN-SHA-JIU-L03-ACCE02	24	1000base-t	UPLINK	CN-SHA-JIU-L03-DIST02	2	Switch Dist	USW	1000	USW-1G-L03-D02_2	16	
CN-SHA-JIU	CN-SHA-JIU-L03-ACCE03	22	1000base-t	ACCESS_POINT	CN-SHA-JIU-L03-ACPO05	mgmt0	Access Point	UP	1000	UP-L03-AP05	11	
CN-SHA-JIU	CN-SHA-JIU-L03-ACCE03	23	1000base-t	UPLINK_DIST01_p5	CN-SHA-JIU-L03-DIST01	3	Switch Dist	USW	1000	USW-1G-L03-D01_3	16	
CN-SHA-JIU	CN-SHA-JIU-L03-ACCE03	24	1000base-t	UPLINK_DIST02_p5	CN-SHA-JIU-L03-DIST02	3	Switch Dist	USW	1000	USW-1G-L03-D02_3	16	
CN-SHA-JIU	CN-SHA-JIU-L03-ACCE04	23	1000base-t	UPLINK	CN-SHA-JIU-L03-DIST01	4	Switch Dist	USW	1000	USW-1G-L03-D01_4	16	
CN-SHA-JIU	CN-SHA-JIU-L03-ACCE04	24	1000base-t	UPLINK	CN-SHA-JIU-L03-DIST02	4	Switch Dist	USW	1000	USW-1G-L03-D02_4	16	
CN-SHA-JIU	CN-SHA-JIU-L03-ACCE05	22	1000base-t	ACPO05	CN-SHA-JIU-L03-ACPO06	mgmt0	Access Point	UP	1000	UP-L03-AP06	11	
CN-SHA-JIU	CN-SHA-JIU-L03-ACCE05	23	1000base-t	UPLINK	CN-SHA-JIU-L03-DIST03	1	Switch Dist	USW	1000	USW-1G-L03-D03_1	16	
CN-SHA-JIU	CN-SHA-JIU-L03-ACCE05	24	1000base-t	UPLINK	CN-SHA-JIU-L03-DIST04	1	Switch Dist	USW	1000	USW-1G-L03-D04_1	16	
CN-SHA-JIU	CN-SHA-JIU-L03-ACCE06	22	1000base-t	ACPO06	CN-SHA-JIU-L03-ACPO07	mgmt0	Access Point	UP	1000	UP-L03-AP07	11	
CN-SHA-JIU	CN-SHA-JIU-L03-ACCE06	23	1000base-t	UPLINK	CN-SHA-JIU-L03-DIST03	2	Switch Dist	USW	1000	USW-1G-L03-D03_2	16	
CN-SHA-JIU	CN-SHA-JIU-L03-ACCE06	24	1000base-t	UPLINK	CN-SHA-JIU-L03-DIST04	2	Switch Dist	USW	1000	USW-1G-L03-D04_2	16	
CN-SHA-JIU	CN-SHA-JIU-L03-ACCE06	4	1000base-t	ACPO09	CN-SHA-JIU-L03-ACPO09	mgmt0	Access Point	UP	1000	UP-L03-AP09	11	
CN-SHA-JIU	CN-SHA-JIU-L03-ACCE07	23	1000base-t	UPLINK	CN-SHA-JIU-L03-DIST03	3	Switch Dist	USW	1000	USW-1G-L03-D03_3	16	
CN-SHA-JIU	CN-SHA-JIU-L03-ACCE07	24	1000base-t	UPLINK	CN-SHA-JIU-L03-DIST04	3	Switch Dist	USW	1000	USW-1G-L03-D04_3	16	
CN-SHA-JIU	CN-SHA-JIU-L03-ACCE08	23	1000base-t	UPLINK	CN-SHA-JIU-L03-DIST03	4	Switch Dist	USW	1000	USW-1G-L03-D03_4	16	
CN-SHA-JIU	CN-SHA-JIU-L03-ACCE08	24	1000base-t	UPLINK	CN-SHA-JIU-L03-DIST04	4	Switch Dist	USW	1000	USW-1G-L03-D04_4	16	
CN-SHA-JIU	CN-SHA-JIU-L03-ACCE09	17	1000base-t		CN-SHA-JIU-L04-ACPO02	mgmt0	Access Point	UP	1000	UP-L04-AP02	11	
CN-SHA-JIU	CN-SHA-JIU-L03-ACCE09	23	1000base-t	UPLINK	CN-SHA-JIU-L03-DIST01	5	Switch Dist	USW	1000	USW-1G-L03-D01_5	16	
CN-SHA-JIU	CN-SHA-JIU-L03-ACCE09	24	1000base-t	UPLINK	CN-SHA-JIU-L03-DIST02	5	Switch Dist	USW	1000	USW-1G-L03-D02_5	16	
CN-SHA-JIU	CN-SHA-JIU-L03-ACCE10	19	1000base-t	ACPO08	CN-SHA-JIU-L03-ACPO08	mgmt0	Access Point	UP	1000	UP-L03-AP08	11	
CN-SHA-JIU	CN-SHA-JIU-L03-ACCE10	23	1000base-t	UPLINK	CN-SHA-JIU-L03-DIST03	5	Switch Dist	USW	1000	USW-1G-L03-D03_5	16	
CN-SHA-JIU	CN-SHA-JIU-L03-ACCE10	24	1000base-t	UPLINK	CN-SHA-JIU-L03-DIST04	5	Switch Dist	USW	1000	USW-1G-L03-D04_5	16	
CN-SHA-JIU	CN-SHA-JIU-L03-ACCE11	47	1000base-t		CN-SHA-JIU-L03-DIST01	6	Switch Dist	USW	1000	USW-1G-L03-D01_6	16	
CN-SHA-JIU	CN-SHA-JIU-L03-ACCE11	48	1000base-t		CN-SHA-JIU-L03-DIST02	6	Switch Dist	USW	1000	USW-1G-L03-D02_6	16	
CN-SHA-JIU	CN-SHA-JIU-L04-ACCE01	1	1000base-t	ACCESS_POINT	CN-SHA-JIU-L03-ACPO01	mgmt0	Access Point	UP	1000	UP-L03-AP01	11	
CN-SHA-JIU	CN-SHA-JIU-L04-ACCE01	19	1000base-t	ACCESS_POINT	CN-SHA-JIU-L04-ACPO01	mgmt0	Access Point	UP	1000	UP-L04-AP01	11	
CN-SHA-JIU	CN-SHA-JIU-L04-ACCE01	23	1000base-x-sfp	UPLINK	CN-SHA-JIU-L03-DIST01	45	Switch Dist	USW	1000	USW-1G-L03-D01_45	17	
CN-SHA-JIU	CN-SHA-JIU-L04-ACCE01	24	1000base-x-sfp	UPLINK	CN-SHA-JIU-L03-DIST02	45	Switch Dist	USW	1000	USW-1G-L03-D02_45	17	
CN-SHA-JIU	CN-SHA-JIU-L03-CORE01-1	1:10	10gbase-x-sfpp	ESX13_eth0	cn-sha-p-esx13.sensirion.lokal	vmnic2	Server	US	10000	US-P-ESX13_VMNIC2	17	
CN-SHA-JIU	CN-SHA-JIU-L03-CORE01-1	1:11	10gbase-x-sfpp	p-stod01_ct1_p1	CN-SHA-P-STOD01	A0	Storage	US	10000	US-P-STOD01_A0	14	
CN-SHA-JIU	CN-SHA-JIU-L03-CORE01-1	1:12	10gbase-x-sfpp	pure_ct0_eth4	cn-sha-san11	ct0.eth4	Storage	US	10000	US-SAN11_CT0_4	14	
CN-SHA-JIU	CN-SHA-JIU-L03-CORE01-1	1:13	10gbase-x-sfpp	ISC_alt_CORE03_p	CN-SHA-JIU-L03-CORE03-1	01:13	Switch Core	USW	10000	USW-L03-C03_1_13	16	ISC
CN-SHA-JIU	CN-SHA-JIU-L03-CORE01-1	1:14	10gbase-x-sfpp	ISC_CORE03_p14	CN-SHA-JIU-L03-CORE03-1	01:14	Switch Core	USW	10000	USW-L03-C03_1_14	16	ISC
CN-SHA-JIU	CN-SHA-JIU-L03-CORE01-1	1:15	extreme-summitstack	STACK_CORE02_p16	CN-SHA-JIU-L03-CORE01-2	02:16	Switch Core	USW		USW-L03-C01_2_16	16	stack
CN-SHA-JIU	CN-SHA-JIU-L03-CORE01-1	1:16	extreme-summitstack	STACK_CORE02_p15	CN-SHA-JIU-L03-CORE01-2	02:15	Switch Core	USW		USW-L03-C01_2_15	16	stack
CN-SHA-JIU	CN-SHA-JIU-L03-CORE01-1	1:2	10gbase-x-sfpp	MLAG_L02-DIST01_	CN-SHA-JIU-L02-DIST01	27	Switch Dist	USW	10000	USW-L02-D01_27	14	MLAG
CN-SHA-JIU	CN-SHA-JIU-L03-CORE01-1	1:4	10gbase-x-sfpp	MLAG_L03-DIST01_	CN-SHA-JIU-L03-DIST01	51	Switch Dist	USW	10000	USW-L03-D01_51	14	MLAG
CN-SHA-JIU	CN-SHA-JIU-L03-CORE01-1	1:5	10gbase-x-sfpp	MLAG_L03-DIST03_	CN-SHA-JIU-L03-DIST03	27	Switch Dist	USW	10000	USW-L03-D03_27	14	MLAG
CN-SHA-JIU	CN-SHA-JIU-L03-CORE01-1	1:6	10gbase-x-sfpp	CN-SHA-P-SNAS01_	CN-SHA-P-SNAS01	LAN5	Storage	US	10000	US-P-SNAS01_LAN5	16	
CN-SHA-JIU	CN-SHA-JIU-L03-CORE01-1	1:7	1000base-x-sfp	FWGW01_p15	CN-SHA-JIUX-L3-FWGW01	port15	Firewall	USW	1000	USW-1G-L3-FW01_15	17	
CN-SHA-JIU	CN-SHA-JIU-L03-CORE01-1	1:8	10gbase-x-sfpp	ESX11_eth0	cn-sha-p-esx11.sensirion.lokal	vmnic2	Server	US	10000	US-P-ESX11_VMNIC2	17	
CN-SHA-JIU	CN-SHA-JIU-L03-CORE01-1	1:9	10gbase-x-sfpp	ESX12_eth0	cn-sha-p-esx12.sensirion.lokal	vmnic2	Server	US	10000	US-P-ESX12_VMNIC2	17	
CN-SHA-JIU	CN-SHA-JIU-L03-CORE01-2	2:10	10gbase-x-sfpp	ESX13_eth2	cn-sha-p-esx13.sensirion.lokal	vmnic4	Server	US	10000	US-P-ESX13_VMNIC4	17	
CN-SHA-JIU	CN-SHA-JIU-L03-CORE01-2	2:11	10gbase-x-sfpp	p-stod01_ct2_p1	CN-SHA-P-STOD01	B0	Storage	US	10000	US-P-STOD01_B0	14	
CN-SHA-JIU	CN-SHA-JIU-L03-CORE01-2	2:12	10gbase-x-sfpp	pure_ct1_eth4	cn-sha-san11	ct1.eth4	Storage	US	10000	US-SAN11_CT1_4	14	
CN-SHA-JIU	CN-SHA-JIU-L03-CORE01-2	2:14	10gbase-x-sfpp	ISC_CORE04_p14	CN-SHA-JIU-L03-CORE03-2	02:14	Switch Core	USW	10000	USW-L03-C03_2_14	16	ISC
CN-SHA-JIU	CN-SHA-JIU-L03-CORE01-2	2:15	extreme-summitstack	STACK_CORE01_p16	CN-SHA-JIU-L03-CORE01-1	01:16	Switch Core	USW		USW-L03-C01_1_16	16	stack
CN-SHA-JIU	CN-SHA-JIU-L03-CORE01-2	2:16	extreme-summitstack	STACK_CORE01_p15	CN-SHA-JIU-L03-CORE01-1	01:15	Switch Core	USW		USW-L03-C01_1_15	16	stack
CN-SHA-JIU	CN-SHA-JIU-L03-CORE01-2	2:2	10gbase-x-sfpp	MLAG_L02-DIST02_	CN-SHA-JIU-L02-DIST02	27	Switch Dist	USW	10000	USW-L02-D02_27	14	MLAG
CN-SHA-JIU	CN-SHA-JIU-L03-CORE01-2	2:4	10gbase-x-sfpp	MLAG_L03-DIST02_	CN-SHA-JIU-L03-DIST02	51	Switch Dist	USW	10000	USW-L03-D02_51	14	MLAG
CN-SHA-JIU	CN-SHA-JIU-L03-CORE01-2	2:5	10gbase-x-sfpp	MLAG_L03-DIST04_	CN-SHA-JIU-L03-DIST04	27	Switch Dist	USW	10000	USW-L03-D04_27	14	MLAG
CN-SHA-JIU	CN-SHA-JIU-L03-CORE01-2	2:7	1000base-x-sfp	FWGW02_p15	CN-SHA-JIUX-L3-FWGW01	port16	Firewall	USW	1000	USW-1G-L3-FW01_16	17	
CN-SHA-JIU	CN-SHA-JIU-L03-CORE01-2	2:8	10gbase-x-sfpp	ESX11_eth2	cn-sha-p-esx11.sensirion.lokal	vmnic4	Server	US	10000	US-P-ESX11_VMNIC4	17	
CN-SHA-JIU	CN-SHA-JIU-L03-CORE01-2	2:9	10gbase-x-sfpp	ESX12_eth2	cn-sha-p-esx12.sensirion.lokal	vmnic4	Server	US	10000	US-P-ESX12_VMNIC4	17	
CN-SHA-JIU	CN-SHA-JIU-L03-CORE03-1	1:10	10gbase-x-sfpp	ESX13_eth1	cn-sha-p-esx13.sensirion.lokal	vmnic3	Server	US	10000	US-P-ESX13_VMNIC3	17	
CN-SHA-JIU	CN-SHA-JIU-L03-CORE03-1	1:11	10gbase-x-sfpp	p-stod01_ct1_p2	CN-SHA-P-STOD01	A1	Storage	US	10000	US-P-STOD01_A1	14	
CN-SHA-JIU	CN-SHA-JIU-L03-CORE03-1	1:12	10gbase-x-sfpp	pure_ct0_eth5	cn-sha-san11	ct0.eth5	Storage	US	10000	US-SAN11_CT0_5	14	
CN-SHA-JIU	CN-SHA-JIU-L03-CORE03-1	1:13	10gbase-x-sfpp	ISC_alt_CORE01_p	CN-SHA-JIU-L03-CORE01-1	01:13	Switch Core	USW	10000	USW-L03-C01_1_13	16	ISC
CN-SHA-JIU	CN-SHA-JIU-L03-CORE03-1	1:14	10gbase-x-sfpp	ISC_CORE01_p14	CN-SHA-JIU-L03-CORE01-1	01:14	Switch Core	USW	10000	USW-L03-C01_1_14	16	ISC
CN-SHA-JIU	CN-SHA-JIU-L03-CORE03-1	1:15	extreme-summitstack	STACK_CORE04_p16	CN-SHA-JIU-L03-CORE03-2	02:16	Switch Core	USW		USW-L03-C03_2_16	16	stack
CN-SHA-JIU	CN-SHA-JIU-L03-CORE03-1	1:16	extreme-summitstack	STACK_CORE04_p15	CN-SHA-JIU-L03-CORE03-2	02:15	Switch Core	USW		USW-L03-C03_2_15	16	stack
CN-SHA-JIU	CN-SHA-JIU-L03-CORE03-1	1:2	10gbase-x-sfpp	MLAG_L02-DIST01_	CN-SHA-JIU-L02-DIST01	28	Switch Dist	USW	10000	USW-L02-D01_28	14	MLAG
CN-SHA-JIU	CN-SHA-JIU-L03-CORE03-1	1:4	10gbase-x-sfpp	MLAG_L03-DIST01_	CN-SHA-JIU-L03-DIST01	52	Switch Dist	USW	10000	USW-L03-D01_52	14	MLAG
CN-SHA-JIU	CN-SHA-JIU-L03-CORE03-1	1:5	10gbase-x-sfpp	MLAG_L03-DIST03_	CN-SHA-JIU-L03-DIST03	28	Switch Dist	USW	10000	USW-L03-D03_28	14	MLAG
CN-SHA-JIU	CN-SHA-JIU-L03-CORE03-1	1:6	10gbase-x-sfpp	CN-SHA-P-SNAS01_	CN-SHA-P-SNAS01	LAN6	Storage	US	10000	US-P-SNAS01_LAN6	16	
CN-SHA-JIU	CN-SHA-JIU-L03-CORE03-1	1:7	1000base-x-sfp	FWGW01_p16	CN-SHA-JIUX-L3-FWGW02	port15	Firewall	USW	1000	USW-1G-L3-FW02_15	17	
CN-SHA-JIU	CN-SHA-JIU-L03-CORE03-1	1:8	10gbase-x-sfpp	ESX11_eth1	cn-sha-p-esx11.sensirion.lokal	vmnic3	Server	US	10000	US-P-ESX11_VMNIC3	17	
CN-SHA-JIU	CN-SHA-JIU-L03-CORE03-1	1:9	10gbase-x-sfpp	ESX12_eth1	cn-sha-p-esx12.sensirion.lokal	vmnic3	Server	US	10000	US-P-ESX12_VMNIC3	17	
CN-SHA-JIU	CN-SHA-JIU-L03-CORE03-2	2:10	10gbase-x-sfpp	ESX13_eth3	cn-sha-p-esx13.sensirion.lokal	vmnic5	Server	US	10000	US-P-ESX13_VMNIC5	17	
CN-SHA-JIU	CN-SHA-JIU-L03-CORE03-2	2:11	10gbase-x-sfpp	p-stod01_ct2_p2	CN-SHA-P-STOD01	B1	Storage	US	10000	US-P-STOD01_B1	14	
CN-SHA-JIU	CN-SHA-JIU-L03-CORE03-2	2:12	10gbase-x-sfpp	pure_ct1_eth5	cn-sha-san11	ct1.eth5	Storage	US	10000	US-SAN11_CT1_5	14	
CN-SHA-JIU	CN-SHA-JIU-L03-CORE03-2	2:14	10gbase-x-sfpp	ISC_CORE02_p14	CN-SHA-JIU-L03-CORE01-2	02:14	Switch Core	USW	10000	USW-L03-C01_2_14	16	ISC
CN-SHA-JIU	CN-SHA-JIU-L03-CORE03-2	2:15	extreme-summitstack	STACK_CORE03_p16	CN-SHA-JIU-L03-CORE03-1	01:16	Switch Core	USW		USW-L03-C03_1_16	16	stack
CN-SHA-JIU	CN-SHA-JIU-L03-CORE03-2	2:16	extreme-summitstack	STACK_CORE03_p15	CN-SHA-JIU-L03-CORE03-1	01:15	Switch Core	USW		USW-L03-C03_1_15	16	stack
CN-SHA-JIU	CN-SHA-JIU-L03-CORE03-2	2:2	10gbase-x-sfpp	MLAG_L02-DIST02_	CN-SHA-JIU-L02-DIST02	28	Switch Dist	USW	10000	USW-L02-D02_28	14	MLAG
CN-SHA-JIU	CN-SHA-JIU-L03-CORE03-2	2:4	10gbase-x-sfpp	MLAG_L03-DIST02_	CN-SHA-JIU-L03-DIST02	52	Switch Dist	USW	10000	USW-L03-D02_52	14	MLAG
CN-SHA-JIU	CN-SHA-JIU-L03-CORE03-2	2:5	10gbase-x-sfpp	MLAG_L03-DIST04_	CN-SHA-JIU-L03-DIST04	28	Switch Dist	USW	10000	USW-L03-D04_28	14	MLAG
CN-SHA-JIU	CN-SHA-JIU-L03-CORE03-2	2:7	1000base-x-sfp	FWGW02_p16	CN-SHA-JIUX-L3-FWGW02	port16	Firewall	USW	1000	USW-1G-L3-FW02_16	17	
CN-SHA-JIU	CN-SHA-JIU-L03-CORE03-2	2:8	10gbase-x-sfpp	ESX11_eth3	cn-sha-p-esx11.sensirion.lokal	vmnic5	Server	US	10000	US-P-ESX11_VMNIC5	17	
CN-SHA-JIU	CN-SHA-JIU-L03-CORE03-2	2:9	10gbase-x-sfpp	ESX12_eth3	cn-sha-p-esx12.sensirion.lokal	vmnic5	Server	US	10000	US-P-ESX12_VMNIC5	17	
CN-SHA-JIU	CN-SHA-JIU-L03-DIST01	1	1000base-t	MLAG_ACCE01_p23	CN-SHA-JIU-L03-ACCE01	23	Switch Access	USW	1000	USW-1G-L03-A01_23	17	MLAG
CN-SHA-JIU	CN-SHA-JIU-L03-DIST01	2	1000base-t	MLAG_ACCE02_p23	CN-SHA-JIU-L03-ACCE02	23	Switch Access	USW	1000	USW-1G-L03-A02_23	17	MLAG
CN-SHA-JIU	CN-SHA-JIU-L03-DIST01	22	1000base-t	p-stod01_mgmt1	CN-SHA-P-STOD01	A.Network	Storage	MON	1000	MON-P-STOD01_A	14	
CN-SHA-JIU	CN-SHA-JIU-L03-DIST01	24	1000base-t	FWGW01_p14	CN-SHA-JIUX-L3-FWGW01	port14	Firewall	USW	1000	USW-1G-L3-FW01_14	17	
CN-SHA-JIU	CN-SHA-JIU-L03-DIST01	25	1000base-t	FWGW01_p10	CN-SHA-JIUX-L3-FWGW01	port10	Firewall	USW	1000	USW-1G-L3-FW01_10	17	
CN-SHA-JIU	CN-SHA-JIU-L03-DIST01	26	1000base-t	FWGW01_p13	CN-SHA-JIUX-L3-FWGW01	port13	Firewall	USW	1000	USW-1G-L3-FW01_13	17	
CN-SHA-JIU	CN-SHA-JIU-L03-DIST01	29	1000base-t	fortigate-mgmt	CN-SHA-JIUX-L3-FWGW01	mgmt	Firewall	USW	1000	USW-1G-L3-FW01_MGMT	19	
CN-SHA-JIU	CN-SHA-JIU-L03-DIST01	3	1000base-t	MLAG_ACCE03_p23	CN-SHA-JIU-L03-ACCE03	23	Switch Access	USW	1000	USW-1G-L03-A03_23	17	MLAG
CN-SHA-JIU	CN-SHA-JIU-L03-DIST01	36	1000base-t	CN-SHA-P-SNAS01_	CN-SHA-P-SNAS01	LAN1	Storage	MON	1000	MON-P-SNAS01_LAN1	17	
CN-SHA-JIU	CN-SHA-JIU-L03-DIST01	37	1000base-t	CN-SHA-P-SNAS02_	CN-SHA-P-SNAS01	LAN3	Storage	MON	1000	MON-P-SNAS01_LAN3	17	
CN-SHA-JIU	CN-SHA-JIU-L03-DIST01	38	1000base-t		cn-sha-p-esx13.sensirion.lokal	iDRAC 9 (NIC.1)	Server	MON	1000	MON-P-ESX13_IDRAC9_1	20	at-20
CN-SHA-JIU	CN-SHA-JIU-L03-DIST01	39	1000base-t		cn-sha-san11	ct0.eth0	Storage	MON	1000	MON-SAN11_CT0_0	15	
CN-SHA-JIU	CN-SHA-JIU-L03-DIST01	4	1000base-t	MLAG_ACCE04_p23	CN-SHA-JIU-L03-ACCE04	23	Switch Access	USW	1000	USW-1G-L03-A04_23	17	MLAG
CN-SHA-JIU	CN-SHA-JIU-L03-DIST01	45	1000base-x-sfp	MLAG_L4_ACCE01_P	CN-SHA-JIU-L04-ACCE01	23	Switch Access	USW	1000	USW-1G-L04-A01_23	17	MLAG
CN-SHA-JIU	CN-SHA-JIU-L03-DIST01	49	10gbase-x-sfpp	ISC	CN-SHA-JIU-L03-DIST02	49	Switch Dist	USW	10000	USW-L03-D02_49	14	ISC
CN-SHA-JIU	CN-SHA-JIU-L03-DIST01	5	1000base-t	MLAG_ACCE09_p23	CN-SHA-JIU-L03-ACCE09	23	Switch Access	USW	1000	USW-1G-L03-A09_23	17	MLAG
CN-SHA-JIU	CN-SHA-JIU-L03-DIST01	50	10gbase-x-sfpp	ISC	CN-SHA-JIU-L03-DIST02	50	Switch Dist	USW	10000	USW-L03-D02_50	14	ISC
CN-SHA-JIU	CN-SHA-JIU-L03-DIST01	51	10gbase-x-sfpp	UPLINK:CORE01_P1	CN-SHA-JIU-L03-CORE01-1	01:04	Switch Core	USW	10000	USW-L03-C01_1_4	15	
CN-SHA-JIU	CN-SHA-JIU-L03-DIST01	52	10gbase-x-sfpp	UPLINK:CORE02_P1	CN-SHA-JIU-L03-CORE03-1	01:04	Switch Core	USW	10000	USW-L03-C03_1_4	15	
CN-SHA-JIU	CN-SHA-JIU-L03-DIST01	6	1000base-t	MLAG_ACCE11_p47	CN-SHA-JIU-L03-ACCE11	47	Switch Access	USW	1000	USW-1G-L03-A11_47	17	MLAG
CN-SHA-JIU	CN-SHA-JIU-L03-DIST02	1	1000base-t	MLAG_ACCE01_p24	CN-SHA-JIU-L03-ACCE01	24	Switch Access	USW	1000	USW-1G-L03-A01_24	17	MLAG
CN-SHA-JIU	CN-SHA-JIU-L03-DIST02	2	1000base-t	MLAG_ACCE02_p24	CN-SHA-JIU-L03-ACCE02	24	Switch Access	USW	1000	USW-1G-L03-A02_24	17	MLAG
CN-SHA-JIU	CN-SHA-JIU-L03-DIST02	22	1000base-t	p-stod01_mgmt2	CN-SHA-P-STOD01	B.Network	Storage	MON	1000	MON-P-STOD01_B	14	
CN-SHA-JIU	CN-SHA-JIU-L03-DIST02	24	1000base-t	FWGW02_p14	CN-SHA-JIUX-L3-FWGW02	port14	Firewall	USW	1000	USW-1G-L3-FW02_14	17	
CN-SHA-JIU	CN-SHA-JIU-L03-DIST02	25	1000base-t	FWGW02_p10	CN-SHA-JIUX-L3-FWGW02	port10	Firewall	USW	1000	USW-1G-L3-FW02_10	17	
CN-SHA-JIU	CN-SHA-JIU-L03-DIST02	26	1000base-t	FWGW02_p13	CN-SHA-JIUX-L3-FWGW02	port13	Firewall	USW	1000	USW-1G-L3-FW02_13	17	
CN-SHA-JIU	CN-SHA-JIU-L03-DIST02	29	1000base-t	fortigate-mgmt	CN-SHA-JIUX-L3-FWGW02	mgmt	Firewall	USW	1000	USW-1G-L3-FW02_MGMT	19	
CN-SHA-JIU	CN-SHA-JIU-L03-DIST02	3	1000base-t	MLAG_ACCE03_p24	CN-SHA-JIU-L03-ACCE03	24	Switch Access	USW	1000	USW-1G-L03-A03_24	17	MLAG
CN-SHA-JIU	CN-SHA-JIU-L03-DIST02	31	1000base-t		cn-sha-p-esx11.sensirion.lokal	iDRAC 9 (NIC.1)	Server	MON	1000	MON-P-ESX11_IDRAC9_1	20	at-20
CN-SHA-JIU	CN-SHA-JIU-L03-DIST02	36	1000base-t	CN-SHA-P-SNAS01_	CN-SHA-P-SNAS01	LAN2	Storage	MON	1000	MON-P-SNAS01_LAN2	17	
CN-SHA-JIU	CN-SHA-JIU-L03-DIST02	37	1000base-t	CN-SHA-P-SNAS02_	CN-SHA-P-SNAS01	LAN4	Storage	MON	1000	MON-P-SNAS01_LAN4	17	
CN-SHA-JIU	CN-SHA-JIU-L03-DIST02	38	1000base-t		cn-sha-p-esx12.sensirion.lokal	iDRAC 9 (NIC.1)	Server	MON	1000	MON-P-ESX12_IDRAC9_1	20	at-20
CN-SHA-JIU	CN-SHA-JIU-L03-DIST02	39	1000base-t		cn-sha-san11	ct1.eth0	Storage	MON	1000	MON-SAN11_CT1_0	15	
CN-SHA-JIU	CN-SHA-JIU-L03-DIST02	4	1000base-t	MLAG_ACCE04_p24	CN-SHA-JIU-L03-ACCE04	24	Switch Access	USW	1000	USW-1G-L03-A04_24	17	MLAG
CN-SHA-JIU	CN-SHA-JIU-L03-DIST02	45	1000base-x-sfp	MLAG_L4_ACCE01_P	CN-SHA-JIU-L04-ACCE01	24	Switch Access	USW	1000	USW-1G-L04-A01_24	17	MLAG
CN-SHA-JIU	CN-SHA-JIU-L03-DIST02	49	10gbase-x-sfpp	ISC	CN-SHA-JIU-L03-DIST01	49	Switch Dist	USW	10000	USW-L03-D01_49	14	ISC
CN-SHA-JIU	CN-SHA-JIU-L03-DIST02	5	1000base-t	MLAG_ACCE09_p24	CN-SHA-JIU-L03-ACCE09	24	Switch Access	USW	1000	USW-1G-L03-A09_24	17	MLAG
CN-SHA-JIU	CN-SHA-JIU-L03-DIST02	50	10gbase-x-sfpp	ISC	CN-SHA-JIU-L03-DIST01	50	Switch Dist	USW	10000	USW-L03-D01_50	14	ISC
CN-SHA-JIU	CN-SHA-JIU-L03-DIST02	51	10gbase-x-sfpp	UPLINK:CORE01_P2	CN-SHA-JIU-L03-CORE01-2	02:04	Switch Core	USW	10000	USW-L03-C01_2_4	15	
CN-SHA-JIU	CN-SHA-JIU-L03-DIST02	52	10gbase-x-sfpp	UPLINK:CORE02_P2	CN-SHA-JIU-L03-CORE03-2	02:04	Switch Core	USW	10000	USW-L03-C03_2_4	15	
CN-SHA-JIU	CN-SHA-JIU-L03-DIST02	6	1000base-t	MLAG_ACCE11_p48	CN-SHA-JIU-L03-ACCE11	48	Switch Access	USW	1000	USW-1G-L03-A11_48	17	MLAG
CN-SHA-JIU	CN-SHA-JIU-L03-DIST03	1	1000base-t	MLAG_ACCE05_p23	CN-SHA-JIU-L03-ACCE05	23	Switch Access	USW	1000	USW-1G-L03-A05_23	17	MLAG
CN-SHA-JIU	CN-SHA-JIU-L03-DIST03	2	1000base-t	MLAG_ACCE06_p23	CN-SHA-JIU-L03-ACCE06	23	Switch Access	USW	1000	USW-1G-L03-A06_23	17	MLAG
CN-SHA-JIU	CN-SHA-JIU-L03-DIST03	25	10gbase-x-sfpp	ISC	CN-SHA-JIU-L03-DIST04	25	Switch Dist	USW	10000	USW-L03-D04_25	14	ISC
CN-SHA-JIU	CN-SHA-JIU-L03-DIST03	26	10gbase-x-sfpp	ISC	CN-SHA-JIU-L03-DIST04	26	Switch Dist	USW	10000	USW-L03-D04_26	14	ISC
CN-SHA-JIU	CN-SHA-JIU-L03-DIST03	27	10gbase-x-sfpp	UPLINK:CORE01_P3	CN-SHA-JIU-L03-CORE01-1	01:05	Switch Core	USW	10000	USW-L03-C01_1_5	15	
CN-SHA-JIU	CN-SHA-JIU-L03-DIST03	28	10gbase-x-sfpp	UPLINK:CORE02_P3	CN-SHA-JIU-L03-CORE03-1	01:05	Switch Core	USW	10000	USW-L03-C03_1_5	15	
CN-SHA-JIU	CN-SHA-JIU-L03-DIST03	3	1000base-t	MLAG_ACCE07_p23	CN-SHA-JIU-L03-ACCE07	23	Switch Access	USW	1000	USW-1G-L03-A07_23	17	MLAG
CN-SHA-JIU	CN-SHA-JIU-L03-DIST03	4	1000base-t	MLAG_ACCE08_p23	CN-SHA-JIU-L03-ACCE08	23	Switch Access	USW	1000	USW-1G-L03-A08_23	17	MLAG
CN-SHA-JIU	CN-SHA-JIU-L03-DIST03	5	1000base-t	MLAG_ACCE10_p23	CN-SHA-JIU-L03-ACCE10	23	Switch Access	USW	1000	USW-1G-L03-A10_23	17	MLAG
CN-SHA-JIU	CN-SHA-JIU-L03-DIST04	1	1000base-t	MLAG_ACCE05_p24	CN-SHA-JIU-L03-ACCE05	24	Switch Access	USW	1000	USW-1G-L03-A05_24	17	MLAG
CN-SHA-JIU	CN-SHA-JIU-L03-DIST04	2	1000base-t	MLAG_ACCE06_p24	CN-SHA-JIU-L03-ACCE06	24	Switch Access	USW	1000	USW-1G-L03-A06_24	17	MLAG
CN-SHA-JIU	CN-SHA-JIU-L03-DIST04	25	10gbase-x-sfpp	ISC	CN-SHA-JIU-L03-DIST03	25	Switch Dist	USW	10000	USW-L03-D03_25	14	ISC
CN-SHA-JIU	CN-SHA-JIU-L03-DIST04	26	10gbase-x-sfpp	ISC	CN-SHA-JIU-L03-DIST03	26	Switch Dist	USW	10000	USW-L03-D03_26	14	ISC
CN-SHA-JIU	CN-SHA-JIU-L03-DIST04	27	10gbase-x-sfpp	UPLINK:CORE01_P4	CN-SHA-JIU-L03-CORE01-2	02:05	Switch Core	USW	10000	USW-L03-C01_2_5	15	
CN-SHA-JIU	CN-SHA-JIU-L03-DIST04	28	10gbase-x-sfpp	UPLINK:CORE02_P4	CN-SHA-JIU-L03-CORE03-2	02:05	Switch Core	USW	10000	USW-L03-C03_2_5	15	
CN-SHA-JIU	CN-SHA-JIU-L03-DIST04	3	1000base-t	MLAG_ACCE07_p24	CN-SHA-JIU-L03-ACCE07	24	Switch Access	USW	1000	USW-1G-L03-A07_24	17	MLAG
CN-SHA-JIU	CN-SHA-JIU-L03-DIST04	4	1000base-t	MLAG_ACCE08_p24	CN-SHA-JIU-L03-ACCE08	24	Switch Access	USW	1000	USW-1G-L03-A08_24	17	MLAG
CN-SHA-JIU	CN-SHA-JIU-L03-DIST04	5	1000base-t	MLAG_ACCE10_p24	CN-SHA-JIU-L03-ACCE10	24	Switch Access	USW	1000	USW-1G-L03-A10_24	17	MLAG
HU-DEB-NAG-A	HU-DEB-NAG-CORE01	1	10gbase-x-sfpp	CORE02_p1	HU-DEB-NAG-CORE02	1	Switch Core	USW	10000	USW-C02_1	9	
HU-DEB-NAG-A	HU-DEB-NAG-CORE01	11	10gbase-x-sfpp	CORE02_p11	HU-DEB-NAG-CORE02	11	Switch Core	USW	10000	USW-C02_11	10	
HU-DEB-NAG-A	HU-DEB-NAG-CORE01	15	10gbase-x-sfpp	FWGW01_x1	HU-DEB-FWGW01	x1	Firewall	USW	10000	USW-FW01_X1	11	
HU-DEB-NAG-A	HU-DEB-NAG-CORE01	16	10gbase-x-sfpp	FWGW01_x2	HU-DEB-FWGW01	x2	Firewall	USW	10000	USW-FW01_X2	11	
HU-DEB-NAG-A	HU-DEB-NAG-CORE01	2	10gbase-x-sfpp	CORE02_p2	HU-DEB-NAG-CORE02	2	Switch Core	USW	10000	USW-C02_2	9	
HU-DEB-NAG-A	HU-DEB-NAG-CORE01	25	10gbase-x-sfpp	SAN01-ctlA-p2	HU-DEB-SAN01	CTE0.A.P2	Storage	US	10000	US-SAN01_CTE0_A_P2	18	
HU-DEB-NAG-A	HU-DEB-NAG-CORE01	26	10gbase-x-sfpp	SAN01-ctlB-p2	HU-DEB-SAN01	CTE0.B.P2	Storage	US	10000	US-SAN01_CTE0_B_P2	18	
HU-DEB-NAG-A	HU-DEB-NAG-CORE01	3	10gbase-x-sfpp	CORE02_p3	HU-DEB-NAG-CORE02	3	Switch Core	USW	10000	USW-C02_3	9	
HU-DEB-NAG-A	HU-DEB-NAG-CORE01	30	10gbase-x-sfpp	GFL-DIST01_p29	HU-DEB-NAG-GFL-DIST01	29	Switch Dist	USW	10000	USW-GFL-D01_29	14	
HU-DEB-NAG-A	HU-DEB-NAG-CORE01	35	10gbase-x-sfpp	L01-DIST01_p29	HU-DEB-NAG-L01-DIST01	29	Switch Dist	USW	10000	USW-L01-D01_29	14	
HU-DEB-NAG-A	HU-DEB-NAG-CORE01	37	10gbase-x-sfpp	esx11_ct1_eth0	hu-deb-p-esx11.sensirion.lokal	vmnic2	Server	US	10000	US-P-ESX11_VMNIC2	17	
HU-DEB-NAG-A	HU-DEB-NAG-CORE01	39	10gbase-x-sfpp	esx13_ct1_eth0	hu-deb-p-esx13.sensirion.lokal	vmnic2	Server	US	10000	US-P-ESX13_VMNIC2	17	
HU-DEB-NAG-A	HU-DEB-NAG-CORE01	4	10gbase-x-sfpp	CORE02_p4	HU-DEB-NAG-CORE02	4	Switch Core	USW	10000	USW-C02_4	9	
HU-DEB-NAG-A	HU-DEB-NAG-CORE01	41	10gbase-x-sfpp	esx11_ct1_eth2	hu-deb-p-esx11.sensirion.lokal	vmnic4	Server	US	10000	US-P-ESX11_VMNIC4	17	
HU-DEB-NAG-A	HU-DEB-NAG-CORE01	43	10gbase-x-sfpp	esx13_ct1_eth2	hu-deb-p-esx13.sensirion.lokal	vmnic4	Server	US	10000	US-P-ESX13_VMNIC4	17	
HU-DEB-NAG-A	HU-DEB-NAG-CORE01	45	10gbase-x-sfpp	san11_ct0_eth4	hu-deb-san11	ct0.eth4	Storage	US	10000	US-SAN11_CT0_4	14	
HU-DEB-NAG-A	HU-DEB-NAG-CORE01	46	10gbase-x-sfpp	san11_ct1_eth4	hu-deb-san11	ct1.eth4	Storage	US	10000	US-SAN11_CT1_4	14	
HU-DEB-NAG-A	HU-DEB-NAG-CORE01	48	10gbase-x-sfpp	HU-DEB-NAG-CORE0	HU-DEB-NAG-CORE03	36	Switch Core	USW	10000	USW-C03_36	10	
HU-DEB-NAG-A	HU-DEB-NAG-CORE01	5	10gbase-x-sfpp	MGMT01_p30	HU-DEB-NAG-MGMT01-1	01:30	Switch Mgmt	USW	10000	USW-M01_1_30	12	
HU-DEB-NAG-A	HU-DEB-NAG-CORE02	1	10gbase-x-sfpp	CORE01_p1	HU-DEB-NAG-CORE01	1	Switch Core	USW	10000	USW-C01_1	9	
HU-DEB-NAG-A	HU-DEB-NAG-CORE02	11	10gbase-x-sfpp	CORE01_p11	HU-DEB-NAG-CORE01	11	Switch Core	USW	10000	USW-C01_11	10	
HU-DEB-NAG-A	HU-DEB-NAG-CORE02	2	10gbase-x-sfpp	CORE01_p2	HU-DEB-NAG-CORE01	2	Switch Core	USW	10000	USW-C01_2	9	
HU-DEB-NAG-A	HU-DEB-NAG-CORE02	25	10gbase-x-sfpp	SAN01-ctlA-p3	HU-DEB-SAN01	CTE0.A.P3	Storage	US	10000	US-SAN01_CTE0_A_P3	18	
HU-DEB-NAG-A	HU-DEB-NAG-CORE02	26	10gbase-x-sfpp	SAN01-ctlB-p3	HU-DEB-SAN01	CTE0.B.P3	Storage	US	10000	US-SAN01_CTE0_B_P3	18	
HU-DEB-NAG-A	HU-DEB-NAG-CORE02	3	10gbase-x-sfpp	CORE01_p3	HU-DEB-NAG-CORE01	3	Switch Core	USW	10000	USW-C01_3	9	
HU-DEB-NAG-A	HU-DEB-NAG-CORE02	30	10gbase-x-sfpp	GFL-DIST01_p30	HU-DEB-NAG-GFL-DIST01	30	Switch Dist	USW	10000	USW-GFL-D01_30	14	
HU-DEB-NAG-A	HU-DEB-NAG-CORE02	35	10gbase-x-sfpp	L01-DIST01_p30	HU-DEB-NAG-L01-DIST01	30	Switch Dist	USW	10000	USW-L01-D01_30	14	
HU-DEB-NAG-A	HU-DEB-NAG-CORE02	37	10gbase-x-sfpp	esx11_ct1_eth1	hu-deb-p-esx11.sensirion.lokal	vmnic3	Server	US	10000	US-P-ESX11_VMNIC3	17	
HU-DEB-NAG-A	HU-DEB-NAG-CORE02	39	10gbase-x-sfpp	esx13_ct1_eth1	hu-deb-p-esx13.sensirion.lokal	vmnic3	Server	US	10000	US-P-ESX13_VMNIC3	17	
HU-DEB-NAG-A	HU-DEB-NAG-CORE02	4	10gbase-x-sfpp	CORE01_p4	HU-DEB-NAG-CORE01	4	Switch Core	USW	10000	USW-C01_4	9	
HU-DEB-NAG-A	HU-DEB-NAG-CORE02	41	10gbase-x-sfpp	esx11_ct1_eth3	hu-deb-p-esx11.sensirion.lokal	vmnic5	Server	US	10000	US-P-ESX11_VMNIC5	17	
HU-DEB-NAG-A	HU-DEB-NAG-CORE02	43	10gbase-x-sfpp	esx13_ct1_eth3	hu-deb-p-esx13.sensirion.lokal	vmnic5	Server	US	10000	US-P-ESX13_VMNIC5	17	
HU-DEB-NAG-A	HU-DEB-NAG-CORE02	45	10gbase-x-sfpp	san11_ct0_eth5	hu-deb-san11	ct0.eth5	Storage	US	10000	US-SAN11_CT0_5	14	
HU-DEB-NAG-A	HU-DEB-NAG-CORE02	46	10gbase-x-sfpp	san11_ct1_eth5	hu-deb-san11	ct1.eth5	Storage	US	10000	US-SAN11_CT1_5	14	
HU-DEB-NAG-A	HU-DEB-NAG-CORE02	48	10gbase-x-sfpp	HU-DEB-NAG-CORE0	HU-DEB-NAG-CORE04	36	Switch Core	USW	10000	USW-C04_36	10	
HU-DEB-NAG-A	HU-DEB-NAG-CORE02	5	10gbase-x-sfpp	L01-MGMT01_p2:23	HU-DEB-NAG-MGMT01-2	02:30	Switch Mgmt	USW	10000	USW-M01_2_30	12	
HU-DEB-NAG-A	HU-DEB-NAG-GFL-ACCE01	1	1000base-t		HU-DEB-NAG-GFL-ACPO05	mgmt0	Access Point	UP	1000	UP-GFL-AP05	11	
HU-DEB-NAG-A	HU-DEB-NAG-GFL-ACCE01	2	1000base-t		HU-DEB-NAG-GFL-ACPO06	mgmt0	Access Point	UP	1000	UP-GFL-AP06	11	
HU-DEB-NAG-A	HU-DEB-NAG-GFL-ACCE01	24	1000base-t	UPLINK_DIST_p1	HU-DEB-NAG-GFL-DIST01	1	Switch Dist	USW	1000	USW-1G-GFL-D01_1	16	
HU-DEB-NAG-A	HU-DEB-NAG-GFL-ACCE01	3	1000base-t		HU-DEB-NAG-GFL-ACPO09	mgmt0	Access Point	UP	1000	UP-GFL-AP09	11	
HU-DEB-NAG-A	HU-DEB-NAG-GFL-ACCE01	4	1000base-t		HU-DEB-NAG-GFL-ACPO04	mgmt0	Access Point	UP	1000	UP-GFL-AP04	11	
HU-DEB-NAG-A	HU-DEB-NAG-GFL-ACCE01	5	1000base-t		HU-DEB-NAG-GFL-ACPO01	mgmt0	Access Point	UP	1000	UP-GFL-AP01	11	
HU-DEB-NAG-A	HU-DEB-NAG-GFL-ACCE01	6	1000base-t		HU-DEB-NAG-GFL-ACPO03	mgmt0	Access Point	UP	1000	UP-GFL-AP03	11	
HU-DEB-NAG-A	HU-DEB-NAG-GFL-ACCE01	7	1000base-t		HU-DEB-NAG-GFL-ACPO07	mgmt0	Access Point	UP	1000	UP-GFL-AP07	11	
HU-DEB-NAG-A	HU-DEB-NAG-GFL-ACCE01	8	1000base-t		HU-DEB-NAG-GFL-ACPO10	mgmt0	Access Point	UP	1000	UP-GFL-AP10	11	
HU-DEB-NAG-A	HU-DEB-NAG-GFL-ACCE01	9	1000base-t		HU-DEB-NAG-GFL-ACPO02	mgmt0	Access Point	UP	1000	UP-GFL-AP02	11	
HU-DEB-NAG-A	HU-DEB-NAG-GFL-ACCE02	24	1000base-t	DIST01_p2	HU-DEB-NAG-GFL-DIST01	2	Switch Dist	USW	1000	USW-1G-GFL-D01_2	16	
HU-DEB-NAG-A	HU-DEB-NAG-GFL-ACCE03	24	1000base-t	UPLINK	HU-DEB-NAG-GFL-DIST01	3	Switch Dist	USW	1000	USW-1G-GFL-D01_3	16	
HU-DEB-NAG-A	HU-DEB-NAG-GFL-ACCE04	24	1000base-t		HU-DEB-NAG-GFL-DIST01	4	Switch Dist	USW	1000	USW-1G-GFL-D01_4	16	
HU-DEB-NAG-A	HU-DEB-NAG-GFL-ACCE05	2	1000base-t		HU-DEB-NAG-GFL-ACPO11	mgmt0	Access Point	UP	1000	UP-GFL-AP11	11	
HU-DEB-NAG-A	HU-DEB-NAG-GFL-ACCE05	24	1000base-t		HU-DEB-NAG-GFL-DIST01	5	Switch Dist	USW	1000	USW-1G-GFL-D01_5	16	
HU-DEB-NAG-A	HU-DEB-NAG-GFL-ACCE06	18	1000base-t		HU-DEB-NAG-GFL-ACPO08	mgmt0	Access Point	UP	1000	UP-GFL-AP08	11	
HU-DEB-NAG-A	HU-DEB-NAG-GFL-ACCE06	24	1000base-t		HU-DEB-NAG-GFL-DIST01	6	Switch Dist	USW	1000	USW-1G-GFL-D01_6	16	
HU-DEB-NAG-A	HU-DEB-NAG-GFL-ACCE07	24	1000base-t	DIST01_p7	HU-DEB-NAG-GFL-DIST01	7	Switch Dist	USW	1000	USW-1G-GFL-D01_7	16	
HU-DEB-NAG-A	HU-DEB-NAG-GFL-ACCE08	24	1000base-x-sfp		HU-DEB-NAG-L01-DIST01	27	Switch Dist	USW	1000	USW-1G-L01-D01_27	17	
HU-DEB-NAG-A	HU-DEB-NAG-GFL-ACCE09	24	1000base-t		HU-DEB-NAG-GFL-DIST01	10	Switch Dist	USW	1000	USW-1G-GFL-D01_10	17	
HU-DEB-NAG-A	HU-DEB-NAG-GFL-ACCE10	24	1000base-t	GFL_DIST01_p8	HU-DEB-NAG-GFL-DIST01	8	Switch Dist	USW	1000	USW-1G-GFL-D01_8	16	
HU-DEB-NAG-A	HU-DEB-NAG-GFL-ACCE11	18	1000base-x-sfp	GFL-DIST01_p21	HU-DEB-NAG-GFL-DIST01	27	Switch Dist	USW	1000	USW-1G-GFL-D01_27	17	
HU-DEB-NAG-A	HU-DEB-NAG-GFL-ACCE40	24	1000base-t	UPLINK	HU-DEB-NAG-GFL-DIST30	9	Switch Dist	USW	1000	USW-1G-GFL-D30_9	16	
HU-DEB-NAG-A	HU-DEB-NAG-GFL-DIST01	1	1000base-t	GFL_ACCE01_p24	HU-DEB-NAG-GFL-ACCE01	24	Switch Access	USW	1000	USW-1G-GFL-A01_24	17	
HU-DEB-NAG-A	HU-DEB-NAG-GFL-DIST01	10	1000base-t	GFL_ACCE009_p24	HU-DEB-NAG-GFL-ACCE09	24	Switch Access	USW	1000	USW-1G-GFL-A09_24	17	
HU-DEB-NAG-A	HU-DEB-NAG-GFL-DIST01	2	1000base-t	GFL_ACCE02_p24	HU-DEB-NAG-GFL-ACCE02	24	Switch Access	USW	1000	USW-1G-GFL-A02_24	17	
HU-DEB-NAG-A	HU-DEB-NAG-GFL-DIST01	27	1000base-x-sfp	GFL-ACCE11_p24	HU-DEB-NAG-GFL-ACCE11	18	Switch Access	USW	1000	USW-1G-GFL-A11_18	17	
HU-DEB-NAG-A	HU-DEB-NAG-GFL-DIST01	29	10gbase-x-sfpp	MLAG_CORE01_p30	HU-DEB-NAG-CORE01	30	Switch Core	USW	10000	USW-C01_30	10	MLAG
HU-DEB-NAG-A	HU-DEB-NAG-GFL-DIST01	3	1000base-t	GFL_ACCE03_p24	HU-DEB-NAG-GFL-ACCE03	24	Switch Access	USW	1000	USW-1G-GFL-A03_24	17	
HU-DEB-NAG-A	HU-DEB-NAG-GFL-DIST01	30	10gbase-x-sfpp	MLAG_CORE02_p30	HU-DEB-NAG-CORE02	30	Switch Core	USW	10000	USW-C02_30	10	MLAG
HU-DEB-NAG-A	HU-DEB-NAG-GFL-DIST01	4	1000base-t	GFL_ACCE04_p24	HU-DEB-NAG-GFL-ACCE04	24	Switch Access	USW	1000	USW-1G-GFL-A04_24	17	
HU-DEB-NAG-A	HU-DEB-NAG-GFL-DIST01	5	1000base-t	GFL_ACCE05_p24	HU-DEB-NAG-GFL-ACCE05	24	Switch Access	USW	1000	USW-1G-GFL-A05_24	17	
HU-DEB-NAG-A	HU-DEB-NAG-GFL-DIST01	6	1000base-t	GFL_ACCE06_p24	HU-DEB-NAG-GFL-ACCE06	24	Switch Access	USW	1000	USW-1G-GFL-A06_24	17	
HU-DEB-NAG-A	HU-DEB-NAG-GFL-DIST01	7	1000base-t	GFL_ACCE07_p24	HU-DEB-NAG-GFL-ACCE07	24	Switch Access	USW	1000	USW-1G-GFL-A07_24	17	
HU-DEB-NAG-A	HU-DEB-NAG-GFL-DIST01	8	1000base-t	GFL_ACCE010_p24	HU-DEB-NAG-GFL-ACCE10	24	Switch Access	USW	1000	USW-1G-GFL-A10_24	17	
HU-DEB-NAG-A	HU-DEB-NAG-L01-ACCE01	1	1000base-t		HU-DEB-NAG-L01-ACPO01	mgmt0	Access Point	UP	1000	UP-L01-AP01	11	
HU-DEB-NAG-A	HU-DEB-NAG-L01-ACCE01	2	1000base-t		HU-DEB-NAG-L01-ACPO02	mgmt0	Access Point	UP	1000	UP-L01-AP02	11	
HU-DEB-NAG-A	HU-DEB-NAG-L01-ACCE01	24	1000base-t		HU-DEB-NAG-L01-DIST01	1	Switch Dist	USW	1000	USW-1G-L01-D01_1	16	
HU-DEB-NAG-A	HU-DEB-NAG-L01-ACCE01	3	1000base-t		HU-DEB-NAG-L01-ACPO03	mgmt0	Access Point	UP	1000	UP-L01-AP03	11	
HU-DEB-NAG-A	HU-DEB-NAG-L01-ACCE01	4	1000base-t		HU-DEB-NAG-L01-ACPO04	mgmt0	Access Point	UP	1000	UP-L01-AP04	11	
HU-DEB-NAG-A	HU-DEB-NAG-L01-ACCE01	5	1000base-t		HU-DEB-NAG-L01-ACPO05	mgmt0	Access Point	UP	1000	UP-L01-AP05	11	
HU-DEB-NAG-A	HU-DEB-NAG-L01-ACCE01	6	1000base-t		HU-DEB-NAG-L01-ACPO06	mgmt0	Access Point	UP	1000	UP-L01-AP06	11	
HU-DEB-NAG-A	HU-DEB-NAG-L01-ACCE01	7	1000base-t		HU-DEB-NAG-L01-ACPO07	mgmt0	Access Point	UP	1000	UP-L01-AP07	11	
HU-DEB-NAG-A	HU-DEB-NAG-L01-ACCE02	24	1000base-t		HU-DEB-NAG-L01-DIST01	2	Switch Dist	USW	1000	USW-1G-L01-D01_2	16	
HU-DEB-NAG-A	HU-DEB-NAG-L01-ACCE03	24	1000base-t		HU-DEB-NAG-L01-DIST01	3	Switch Dist	USW	1000	USW-1G-L01-D01_3	16	
HU-DEB-NAG-A	HU-DEB-NAG-L01-ACCE04	24	1000base-t		HU-DEB-NAG-L01-DIST01	4	Switch Dist	USW	1000	USW-1G-L01-D01_4	16	
HU-DEB-NAG-A	HU-DEB-NAG-L01-ACCE05	24	1000base-t	L01-DIST01_p5	HU-DEB-NAG-L01-DIST01	5	Switch Dist	USW	1000	USW-1G-L01-D01_5	16	
HU-DEB-NAG-A	HU-DEB-NAG-L01-ACCE06	24	1000base-t		HU-DEB-NAG-L01-DIST01	6	Switch Dist	USW	1000	USW-1G-L01-D01_6	16	
HU-DEB-NAG-A	HU-DEB-NAG-L01-ACCE07	24	1000base-t	L01-DIST01_p7	HU-DEB-NAG-L01-DIST01	7	Switch Dist	USW	1000	USW-1G-L01-D01_7	16	
HU-DEB-NAG-A	HU-DEB-NAG-L01-ACCE08	24	1000base-t	L01-DIST01_p8	HU-DEB-NAG-L01-DIST01	8	Switch Dist	USW	1000	USW-1G-L01-D01_8	16	
HU-DEB-NAG-A	HU-DEB-NAG-L01-DIST01	1	1000base-t	L01-ACCE01	HU-DEB-NAG-L01-ACCE01	24	Switch Access	USW	1000	USW-1G-L01-A01_24	17	
HU-DEB-NAG-A	HU-DEB-NAG-L01-DIST01	2	1000base-t	L01-ACCE02	HU-DEB-NAG-L01-ACCE02	24	Switch Access	USW	1000	USW-1G-L01-A02_24	17	
HU-DEB-NAG-A	HU-DEB-NAG-L01-DIST01	27	1000base-x-sfp	GFL-ACCE08_p24	HU-DEB-NAG-GFL-ACCE08	24	Switch Access	USW	1000	USW-1G-GFL-A08_24	17	
HU-DEB-NAG-A	HU-DEB-NAG-L01-DIST01	29	10gbase-x-sfpp	MLAG_CORE01_p35	HU-DEB-NAG-CORE01	35	Switch Core	USW	10000	USW-C01_35	10	MLAG
HU-DEB-NAG-A	HU-DEB-NAG-L01-DIST01	3	1000base-t	L01-ACCE03	HU-DEB-NAG-L01-ACCE03	24	Switch Access	USW	1000	USW-1G-L01-A03_24	17	
HU-DEB-NAG-A	HU-DEB-NAG-L01-DIST01	30	10gbase-x-sfpp	MLAG_CORE02_p35	HU-DEB-NAG-CORE02	35	Switch Core	USW	10000	USW-C02_35	10	MLAG
HU-DEB-NAG-A	HU-DEB-NAG-L01-DIST01	4	1000base-t	L01-ACCE04	HU-DEB-NAG-L01-ACCE04	24	Switch Access	USW	1000	USW-1G-L01-A04_24	17	
HU-DEB-NAG-A	HU-DEB-NAG-L01-DIST01	5	1000base-t	L01-ACCE05	HU-DEB-NAG-L01-ACCE05	24	Switch Access	USW	1000	USW-1G-L01-A05_24	17	
HU-DEB-NAG-A	HU-DEB-NAG-L01-DIST01	6	1000base-t	L01-ACCE06	HU-DEB-NAG-L01-ACCE06	24	Switch Access	USW	1000	USW-1G-L01-A06_24	17	
HU-DEB-NAG-A	HU-DEB-NAG-L01-DIST01	7	1000base-t	L01-ACCE07	HU-DEB-NAG-L01-ACCE07	24	Switch Access	USW	1000	USW-1G-L01-A07_24	17	
HU-DEB-NAG-A	HU-DEB-NAG-L01-DIST01	8	1000base-t	L01-ACCE08	HU-DEB-NAG-L01-ACCE08	24	Switch Access	USW	1000	USW-1G-L01-A08_24	17	
HU-DEB-NAG-A	HU-DEB-NAG-MGMT01-1	1:12	1000base-t	SAN_ctrlA_LAN	HU-DEB-SAN01	CTE0.A.MGMT	Storage	MON	1000	MON-SAN01_CTE0AMGMT	19	
HU-DEB-NAG-A	HU-DEB-NAG-MGMT01-1	1:14	1000base-t	ESX11_ILO	hu-deb-p-esx11.sensirion.lokal	iDRAC 9 (NIC.1)	Server	MON	1000	MON-P-ESX11_IDRAC9_1	20	at-20
HU-DEB-NAG-A	HU-DEB-NAG-MGMT01-1	1:15	1000base-t	ESX13_ILO	hu-deb-p-esx13.sensirion.lokal	iDRAC 9 (NIC.1)	Server	MON	1000	MON-P-ESX13_IDRAC9_1	20	at-20
HU-DEB-NAG-A	HU-DEB-NAG-MGMT01-1	1:16	1000base-t	ESX11_ct0_eth0	hu-deb-p-esx11.sensirion.lokal	vmnic0	Server	US	1000	US-1G-P-ESX11_VMNIC0	20	at-20
HU-DEB-NAG-A	HU-DEB-NAG-MGMT01-1	1:18	1000base-t	ESX13_et0_eth0	hu-deb-p-esx13.sensirion.lokal	vmnic0	Server	US	1000	US-1G-P-ESX13_VMNIC0	20	at-20
HU-DEB-NAG-A	HU-DEB-NAG-MGMT01-1	1:20	1000base-t	SAN11_ct1_eth0	hu-deb-san11	ct0.eth0	Storage	MON	1000	MON-SAN11_CT0_0	15	
HU-DEB-NAG-A	HU-DEB-NAG-MGMT01-1	1:30	10gbase-x-sfpp	CORE01_p5	HU-DEB-NAG-CORE01	5	Switch Core	USW	10000	USW-C01_5	9	
HU-DEB-NAG-A	HU-DEB-NAG-MGMT01-1	1:31	extreme-summitstack		HU-DEB-NAG-MGMT01-2	02:32	Switch Mgmt	USW		USW-M01_2_32	12	stack
HU-DEB-NAG-A	HU-DEB-NAG-MGMT01-1	1:32	extreme-summitstack		HU-DEB-NAG-MGMT01-2	02:31	Switch Mgmt	USW		USW-M01_2_31	12	stack
HU-DEB-NAG-A	HU-DEB-NAG-MGMT01-1	1:5	1000base-t	FWGW01_MGMT1	HU-DEB-FWGW01	mgmt	Firewall	USW	1000	USW-1G-FW01_MGMT	16	
HU-DEB-NAG-A	HU-DEB-NAG-MGMT01-1	1:6	1000base-t	FWGW01_WAN1	HU-DEB-FWGW01	wan2	Firewall	USW	1000	USW-1G-FW01_WAN2	16	
HU-DEB-NAG-A	HU-DEB-NAG-MGMT01-1	1:7	1000base-t	FWGW01_WAN2	HU-DEB-FWGW01	wan1	Firewall	USW	1000	USW-1G-FW01_WAN1	16	
HU-DEB-NAG-A	HU-DEB-NAG-MGMT01-1	1:8	1000base-t	FWGW01_HA1	HU-DEB-FWGW01	ha1	Firewall	USW	1000	USW-1G-FW01_HA1	15	
HU-DEB-NAG-A	HU-DEB-NAG-MGMT01-2	2:12	1000base-t	SAN_ctrlB_LAN	HU-DEB-SAN01	CTE0.B.MGMT	Storage	MON	1000	MON-SAN01_CTE0BMGMT	19	
HU-DEB-NAG-A	HU-DEB-NAG-MGMT01-2	2:16	1000base-t	ESX11_ct0_eth1	hu-deb-p-esx11.sensirion.lokal	vmnic1	Server	US	1000	US-1G-P-ESX11_VMNIC1	20	at-20
HU-DEB-NAG-A	HU-DEB-NAG-MGMT01-2	2:18	1000base-t	ESX13_et0_eth1	hu-deb-p-esx13.sensirion.lokal	vmnic1	Server	US	1000	US-1G-P-ESX13_VMNIC1	20	at-20
HU-DEB-NAG-A	HU-DEB-NAG-MGMT01-2	2:20	1000base-t	SAN11_ct0_eth0	hu-deb-san11	ct1.eth0	Storage	MON	1000	MON-SAN11_CT1_0	15	
HU-DEB-NAG-A	HU-DEB-NAG-MGMT01-2	2:30	10gbase-x-sfpp	CORE02_p5	HU-DEB-NAG-CORE02	5	Switch Core	USW	10000	USW-C02_5	9	
HU-DEB-NAG-A	HU-DEB-NAG-MGMT01-2	2:31	extreme-summitstack		HU-DEB-NAG-MGMT01-1	01:32	Switch Mgmt	USW		USW-M01_1_32	12	stack
HU-DEB-NAG-A	HU-DEB-NAG-MGMT01-2	2:32	extreme-summitstack		HU-DEB-NAG-MGMT01-1	01:31	Switch Mgmt	USW		USW-M01_1_31	12	stack
HU-DEB-NAG-A	HU-DEB-NAG-MGMT01-2	2:8	1000base-t	FWGW01_HA2	HU-DEB-FWGW01	ha2	Firewall	USW	1000	USW-1G-FW01_HA2	15	
HU-DEB-NAG-B	HU-DEB-NAG-CORE03	1	10gbase-x-sfpp	MGMT03_p1:30	HU-DEB-NAG-MGMT03-1	01:30	Switch Mgmt	USW	10000	USW-M03_1_30	12	
HU-DEB-NAG-B	HU-DEB-NAG-CORE03	10	10gbase-x-sfpp	esx12_ct1_eth0	hu-deb-p-esx12.sensirion.lokal	vmnic2	Server	US	10000	US-P-ESX12_VMNIC2	17	
HU-DEB-NAG-B	HU-DEB-NAG-CORE03	11	10gbase-x-sfpp	esx12_ct1_eth2	hu-deb-p-esx12.sensirion.lokal	vmnic4	Server	US	10000	US-P-ESX12_VMNIC4	17	
HU-DEB-NAG-B	HU-DEB-NAG-CORE03	12	10gbase-x-sfpp	esx14_ct1_eth0	hu-deb-p-esx14.sensirion.lokal	vmnic2	Server	US	10000	US-P-ESX14_VMNIC2	17	
HU-DEB-NAG-B	HU-DEB-NAG-CORE03	13	10gbase-x-sfpp	esx14_ct1_eth2	hu-deb-p-esx14.sensirion.lokal	vmnic4	Server	US	10000	US-P-ESX14_VMNIC4	17	
HU-DEB-NAG-B	HU-DEB-NAG-CORE03	24	10gbase-x-sfpp	SNAS01_p5	HU-DEB-P-SNAS01	LAN6	Storage	US	10000	US-P-SNAS01_LAN6	16	
HU-DEB-NAG-B	HU-DEB-NAG-CORE03	25	40gbase-x-qsfpp	CORE04_ISC	HU-DEB-NAG-CORE04	25	Switch Core	USW	40000	USW-40G-C04_25	14	ISC
HU-DEB-NAG-B	HU-DEB-NAG-CORE03	29	40gbase-x-qsfpp	CORE04_ISC	HU-DEB-NAG-CORE04	29	Switch Core	USW	40000	USW-40G-C04_29	14	ISC
HU-DEB-NAG-B	HU-DEB-NAG-CORE03	3	10gbase-x-sfpp	GFL-DIST30_p30	HU-DEB-NAG-GFL-DIST30	30	Switch Dist	USW	10000	USW-GFL-D30_30	14	
HU-DEB-NAG-B	HU-DEB-NAG-CORE03	33	10gbase-x-sfpp	CORE04_ISC_ALT	HU-DEB-NAG-CORE04	33	Switch Core	USW	10000	USW-C04_33	10	ISC
HU-DEB-NAG-B	HU-DEB-NAG-CORE03	36	10gbase-x-sfpp	CORE01_p48	HU-DEB-NAG-CORE01	48	Switch Core	USW	10000	USW-C01_48	10	
HU-DEB-NAG-B	HU-DEB-NAG-CORE03	4	10gbase-x-sfpp	L01-DIST30_p30	HU-DEB-NAG-L01-DIST30	30	Switch Dist	USW	10000	USW-L01-D30_30	14	
HU-DEB-NAG-B	HU-DEB-NAG-CORE03	7	10gbase-x-sfpp	FWGW02_x1	HU-DEB-FWGW02	x1	Firewall	USW	10000	USW-FW02_X1	11	
HU-DEB-NAG-B	HU-DEB-NAG-CORE04	1	10gbase-x-sfpp	MGMT03_p2:30	HU-DEB-NAG-MGMT03-2	02:30	Switch Mgmt	USW	10000	USW-M03_2_30	12	
HU-DEB-NAG-B	HU-DEB-NAG-CORE04	10	10gbase-x-sfpp	esx12_ct1_eth1	hu-deb-p-esx12.sensirion.lokal	vmnic3	Server	US	10000	US-P-ESX12_VMNIC3	17	
HU-DEB-NAG-B	HU-DEB-NAG-CORE04	11	10gbase-x-sfpp	esx12_ct1_eth3	hu-deb-p-esx12.sensirion.lokal	vmnic5	Server	US	10000	US-P-ESX12_VMNIC5	17	
HU-DEB-NAG-B	HU-DEB-NAG-CORE04	12	10gbase-x-sfpp	esx14_ct1_eth1	hu-deb-p-esx14.sensirion.lokal	vmnic3	Server	US	10000	US-P-ESX14_VMNIC3	17	
HU-DEB-NAG-B	HU-DEB-NAG-CORE04	13	10gbase-x-sfpp	esx14_ct1_eth3	hu-deb-p-esx14.sensirion.lokal	vmnic5	Server	US	10000	US-P-ESX14_VMNIC5	17	
HU-DEB-NAG-B	HU-DEB-NAG-CORE04	24	10gbase-x-sfpp	SNAS01_p6	HU-DEB-P-SNAS01	LAN5	Storage	US	10000	US-P-SNAS01_LAN5	16	
HU-DEB-NAG-B	HU-DEB-NAG-CORE04	25	40gbase-x-qsfpp	CORE03_ISC	HU-DEB-NAG-CORE03	25	Switch Core	USW	40000	USW-40G-C03_25	14	ISC
HU-DEB-NAG-B	HU-DEB-NAG-CORE04	29	40gbase-x-qsfpp	CORE03_ISC	HU-DEB-NAG-CORE03	29	Switch Core	USW	40000	USW-40G-C03_29	14	ISC
HU-DEB-NAG-B	HU-DEB-NAG-CORE04	3	10gbase-x-sfpp	GFL-DIST30_p29	HU-DEB-NAG-GFL-DIST30	29	Switch Dist	USW	10000	USW-GFL-D30_29	14	
HU-DEB-NAG-B	HU-DEB-NAG-CORE04	33	10gbase-x-sfpp	CORE03_ISC_ALT	HU-DEB-NAG-CORE03	33	Switch Core	USW	10000	USW-C03_33	10	ISC
HU-DEB-NAG-B	HU-DEB-NAG-CORE04	36	10gbase-x-sfpp	CORE02_p48	HU-DEB-NAG-CORE02	48	Switch Core	USW	10000	USW-C02_48	10	
HU-DEB-NAG-B	HU-DEB-NAG-CORE04	4	10gbase-x-sfpp	L01-DIST30_p29	HU-DEB-NAG-L01-DIST30	29	Switch Dist	USW	10000	USW-L01-D30_29	14	
HU-DEB-NAG-B	HU-DEB-NAG-CORE04	7	10gbase-x-sfpp	FWGW02_x2	HU-DEB-FWGW02	x2	Firewall	USW	10000	USW-FW02_X2	11	
HU-DEB-NAG-B	HU-DEB-NAG-GFL-ACCE30	24	1000base-t	UPLINK	HU-DEB-NAG-GFL-DIST30	1	Switch Dist	USW	1000	USW-1G-GFL-D30_1	16	
HU-DEB-NAG-B	HU-DEB-NAG-GFL-ACCE31	1	1000base-t		HU-DEB-NAG-GFL-ACPO12	mgmt0	Access Point	UP	1000	UP-GFL-AP12	11	
HU-DEB-NAG-B	HU-DEB-NAG-GFL-ACCE31	23	1000base-t		HU-DEB-NAG-GFL-ACPO15	mgmt0	Access Point	UP	1000	UP-GFL-AP15	11	
HU-DEB-NAG-B	HU-DEB-NAG-GFL-ACCE31	24	1000base-t	UPLINK	HU-DEB-NAG-GFL-DIST30	2	Switch Dist	USW	1000	USW-1G-GFL-D30_2	16	
HU-DEB-NAG-B	HU-DEB-NAG-GFL-ACCE31	3	1000base-t		HU-DEB-NAG-GFL-ACPO16	mgmt0	Access Point	UP	1000	UP-GFL-AP16	11	
HU-DEB-NAG-B	HU-DEB-NAG-GFL-ACCE31	4	1000base-t		HU-DEB-NAG-GFL-ACPO17	mgmt0	Access Point	UP	1000	UP-GFL-AP17	11	
HU-DEB-NAG-B	HU-DEB-NAG-GFL-ACCE31	5	1000base-t		HU-DEB-NAG-GFL-ACPO13	mgmt0	Access Point	UP	1000	UP-GFL-AP13	11	
HU-DEB-NAG-B	HU-DEB-NAG-GFL-ACCE31	6	1000base-t		HU-DEB-NAG-GFL-ACPO14	mgmt0	Access Point	UP	1000	UP-GFL-AP14	11	
HU-DEB-NAG-B	HU-DEB-NAG-GFL-ACCE31	7	1000base-t		HU-DEB-NAG-GFL-ACPO20	mgmt0	Access Point	UP	1000	UP-GFL-AP20	11	
HU-DEB-NAG-B	HU-DEB-NAG-GFL-ACCE31	9	1000base-t		HU-DEB-NAG-GFL-ACPO18	mgmt0	Access Point	UP	1000	UP-GFL-AP18	11	
HU-DEB-NAG-B	HU-DEB-NAG-GFL-ACCE32	1	1000base-t		HU-DEB-NAG-GWH-ACPO01	mgmt0	Access Point	UP	1000	UP-GWH-AP01	11	
HU-DEB-NAG-B	HU-DEB-NAG-GFL-ACCE32	10	1000base-t		HU-DEB-NAG-GWH-ACPO17	mgmt0	Access Point	UP	1000	UP-GWH-AP17	11	
HU-DEB-NAG-B	HU-DEB-NAG-GFL-ACCE32	11	1000base-t		HU-DEB-NAG-GWH-ACPO21	mgmt0	Access Point	UP	1000	UP-GWH-AP21	11	
HU-DEB-NAG-B	HU-DEB-NAG-GFL-ACCE32	2	1000base-t		HU-DEB-NAG-GWH-ACPO03	mgmt0	Access Point	UP	1000	UP-GWH-AP03	11	
HU-DEB-NAG-B	HU-DEB-NAG-GFL-ACCE32	3	1000base-t		HU-DEB-NAG-GWH-ACPO05	mgmt0	Access Point	UP	1000	UP-GWH-AP05	11	
HU-DEB-NAG-B	HU-DEB-NAG-GFL-ACCE32	30	1000base-x-sfp	UPLINK	HU-DEB-NAG-L01-DIST30	25	Switch Dist	USW	1000	USW-1G-L01-D30_25	17	
HU-DEB-NAG-B	HU-DEB-NAG-GFL-ACCE32	4	1000base-t		HU-DEB-NAG-GWH-ACPO07	mgmt0	Access Point	UP	1000	UP-GWH-AP07	11	
HU-DEB-NAG-B	HU-DEB-NAG-GFL-ACCE32	5	1000base-t		HU-DEB-NAG-GWH-ACPO09	mgmt0	Access Point	UP	1000	UP-GWH-AP09	11	
HU-DEB-NAG-B	HU-DEB-NAG-GFL-ACCE32	6	1000base-t		HU-DEB-NAG-GWH-ACPO11	mgmt0	Access Point	UP	1000	UP-GWH-AP11	11	
HU-DEB-NAG-B	HU-DEB-NAG-GFL-ACCE32	7	1000base-t		HU-DEB-NAG-GWH-ACPO13	mgmt0	Access Point	UP	1000	UP-GWH-AP13	11	
HU-DEB-NAG-B	HU-DEB-NAG-GFL-ACCE32	8	1000base-t		HU-DEB-NAG-GWH-ACPO15	mgmt0	Access Point	UP	1000	UP-GWH-AP15	11	
HU-DEB-NAG-B	HU-DEB-NAG-GFL-ACCE32	9	1000base-t		HU-DEB-NAG-GWH-ACPO19	mgmt0	Access Point	UP	1000	UP-GWH-AP19	11	
HU-DEB-NAG-B	HU-DEB-NAG-GFL-ACCE33	1	1000base-t		HU-DEB-NAG-GWH-ACPO02	mgmt0	Access Point	UP	1000	UP-GWH-AP02	11	
HU-DEB-NAG-B	HU-DEB-NAG-GFL-ACCE33	10	1000base-t		HU-DEB-NAG-GWH-ACPO22	mgmt0	Access Point	UP	1000	UP-GWH-AP22	11	
HU-DEB-NAG-B	HU-DEB-NAG-GFL-ACCE33	11	1000base-t		HU-DEB-NAG-GWH-ACPO16	mgmt0	Access Point	UP	1000	UP-GWH-AP16	11	
HU-DEB-NAG-B	HU-DEB-NAG-GFL-ACCE33	2	1000base-t		HU-DEB-NAG-GWH-ACPO04	mgmt0	Access Point	UP	1000	UP-GWH-AP04	11	
HU-DEB-NAG-B	HU-DEB-NAG-GFL-ACCE33	3	1000base-t		HU-DEB-NAG-GWH-ACPO06	mgmt0	Access Point	UP	1000	UP-GWH-AP06	11	
HU-DEB-NAG-B	HU-DEB-NAG-GFL-ACCE33	30	1000base-x-sfp	UPLINK	HU-DEB-NAG-L01-DIST30	26	Switch Dist	USW	1000	USW-1G-L01-D30_26	17	
HU-DEB-NAG-B	HU-DEB-NAG-GFL-ACCE33	4	1000base-t		HU-DEB-NAG-GWH-ACPO08	mgmt0	Access Point	UP	1000	UP-GWH-AP08	11	
HU-DEB-NAG-B	HU-DEB-NAG-GFL-ACCE33	5	1000base-t		HU-DEB-NAG-GWH-ACPO10	mgmt0	Access Point	UP	1000	UP-GWH-AP10	11	
HU-DEB-NAG-B	HU-DEB-NAG-GFL-ACCE33	6	1000base-t		HU-DEB-NAG-GWH-ACPO12	mgmt0	Access Point	UP	1000	UP-GWH-AP12	11	
HU-DEB-NAG-B	HU-DEB-NAG-GFL-ACCE33	7	1000base-t		HU-DEB-NAG-GWH-ACPO14	mgmt0	Access Point	UP	1000	UP-GWH-AP14	11	
HU-DEB-NAG-B	HU-DEB-NAG-GFL-ACCE33	8	1000base-t		HU-DEB-NAG-GWH-ACPO18	mgmt0	Access Point	UP	1000	UP-GWH-AP18	11	
HU-DEB-NAG-B	HU-DEB-NAG-GFL-ACCE33	9	1000base-t		HU-DEB-NAG-GWH-ACPO20	mgmt0	Access Point	UP	1000	UP-GWH-AP20	11	
HU-DEB-NAG-B	HU-DEB-NAG-GFL-ACCE34	24	1000base-t	UPLINK	HU-DEB-NAG-GFL-DIST30	6	Switch Dist	USW	1000	USW-1G-GFL-D30_6	16	
HU-DEB-NAG-B	HU-DEB-NAG-GFL-ACCE35	24	1000base-t	UPLINK	HU-DEB-NAG-GFL-DIST30	3	Switch Dist	USW	1000	USW-1G-GFL-D30_3	16	
HU-DEB-NAG-B	HU-DEB-NAG-GFL-ACCE36	24	1000base-t	UPLINK	HU-DEB-NAG-GFL-DIST30	4	Switch Dist	USW	1000	USW-1G-GFL-D30_4	16	
HU-DEB-NAG-B	HU-DEB-NAG-GFL-ACCE37	24	1000base-t	UPLINK	HU-DEB-NAG-GFL-DIST30	5	Switch Dist	USW	1000	USW-1G-GFL-D30_5	16	
HU-DEB-NAG-B	HU-DEB-NAG-GFL-ACCE38	24	1000base-t	UPLINK	HU-DEB-NAG-GFL-DIST30	7	Switch Dist	USW	1000	USW-1G-GFL-D30_7	16	
HU-DEB-NAG-B	HU-DEB-NAG-GFL-ACCE39	1	1000base-t		HU-DEB-NAG-GFL-ACPO19	mgmt0	Access Point	UP	1000	UP-GFL-AP19	11	
HU-DEB-NAG-B	HU-DEB-NAG-GFL-ACCE39	2	1000base-t		HU-DEB-NAG-GFL-ACPO21	mgmt0	Access Point	UP	1000	UP-GFL-AP21	11	
HU-DEB-NAG-B	HU-DEB-NAG-GFL-ACCE39	24	1000base-t	UPLINK	HU-DEB-NAG-GFL-DIST30	8	Switch Dist	USW	1000	USW-1G-GFL-D30_8	16	
HU-DEB-NAG-B	HU-DEB-NAG-GFL-DIST30	1	1000base-t	ACCE30_p24	HU-DEB-NAG-GFL-ACCE30	24	Switch Access	USW	1000	USW-1G-GFL-A30_24	17	
HU-DEB-NAG-B	HU-DEB-NAG-GFL-DIST30	2	1000base-t	ACCE31_p24	HU-DEB-NAG-GFL-ACCE31	24	Switch Access	USW	1000	USW-1G-GFL-A31_24	17	
HU-DEB-NAG-B	HU-DEB-NAG-GFL-DIST30	29	10gbase-x-sfpp	CORE01_p32	HU-DEB-NAG-CORE04	3	Switch Core	USW	10000	USW-C04_3	9	
HU-DEB-NAG-B	HU-DEB-NAG-GFL-DIST30	3	1000base-t	ACCE35_p24	HU-DEB-NAG-GFL-ACCE35	24	Switch Access	USW	1000	USW-1G-GFL-A35_24	17	
HU-DEB-NAG-B	HU-DEB-NAG-GFL-DIST30	30	10gbase-x-sfpp	CORE02_p32	HU-DEB-NAG-CORE03	3	Switch Core	USW	10000	USW-C03_3	9	
HU-DEB-NAG-B	HU-DEB-NAG-GFL-DIST30	4	1000base-t	ACCE36_p24	HU-DEB-NAG-GFL-ACCE36	24	Switch Access	USW	1000	USW-1G-GFL-A36_24	17	
HU-DEB-NAG-B	HU-DEB-NAG-GFL-DIST30	5	1000base-t	ACCE37_p24	HU-DEB-NAG-GFL-ACCE37	24	Switch Access	USW	1000	USW-1G-GFL-A37_24	17	
HU-DEB-NAG-B	HU-DEB-NAG-GFL-DIST30	6	1000base-t	ACCE34_p24	HU-DEB-NAG-GFL-ACCE34	24	Switch Access	USW	1000	USW-1G-GFL-A34_24	17	
HU-DEB-NAG-B	HU-DEB-NAG-GFL-DIST30	7	1000base-t	ACCE38_p24	HU-DEB-NAG-GFL-ACCE38	24	Switch Access	USW	1000	USW-1G-GFL-A38_24	17	
HU-DEB-NAG-B	HU-DEB-NAG-GFL-DIST30	8	1000base-t	ACCE39_p24	HU-DEB-NAG-GFL-ACCE39	24	Switch Access	USW	1000	USW-1G-GFL-A39_24	17	
HU-DEB-NAG-B	HU-DEB-NAG-GFL-DIST30	9	1000base-t	ACCE40_p24	HU-DEB-NAG-GFL-ACCE40	24	Switch Access	USW	1000	USW-1G-GFL-A40_24	17	
HU-DEB-NAG-B	HU-DEB-NAG-L01-ACCE30	29	10gbase-x-sfpp		HU-DEB-NAG-L01-DIST30	27	Switch Dist	USW	10000	USW-L01-D30_27	14	
HU-DEB-NAG-B	HU-DEB-NAG-L01-ACCE30	30	10gbase-x-sfpp		HU-DEB-NAG-L01-DIST30	28	Switch Dist	USW	10000	USW-L01-D30_28	14	
HU-DEB-NAG-B	HU-DEB-NAG-L01-ACCE31	1	1000base-t	L01-ACPO09	HU-DEB-NAG-L01-ACPO09	mgmt0	Access Point	UP	1000	UP-L01-AP09	11	
HU-DEB-NAG-B	HU-DEB-NAG-L01-ACCE31	10	1000base-t	L01-ACPO13	HU-DEB-NAG-L01-ACPO13	mgmt0	Access Point	UP	1000	UP-L01-AP13	11	
HU-DEB-NAG-B	HU-DEB-NAG-L01-ACCE31	11	1000base-t	L01-ACPO14	HU-DEB-NAG-L01-ACPO14	mgmt0	Access Point	UP	1000	UP-L01-AP14	11	
HU-DEB-NAG-B	HU-DEB-NAG-L01-ACCE31	12	1000base-t	L01-ACPO12	HU-DEB-NAG-L01-ACPO12	mgmt0	Access Point	UP	1000	UP-L01-AP12	11	
HU-DEB-NAG-B	HU-DEB-NAG-L01-ACCE31	13	1000base-t	L01-ACPO15	HU-DEB-NAG-L01-ACPO15	mgmt0	Access Point	UP	1000	UP-L01-AP15	11	
HU-DEB-NAG-B	HU-DEB-NAG-L01-ACCE31	14	1000base-t	L02-ACPO01	HU-DEB-NAG-L02-ACPO01	mgmt0	Access Point	UP	1000	UP-L02-AP01	11	
HU-DEB-NAG-B	HU-DEB-NAG-L01-ACCE31	15	1000base-t	UPLINK	HU-DEB-NAG-L01-DIST30	4	Switch Dist	USW	1000	USW-1G-L01-D30_4	16	
HU-DEB-NAG-B	HU-DEB-NAG-L01-ACCE31	16	1000base-t	UPLINK	HU-DEB-NAG-L01-DIST30	3	Switch Dist	USW	1000	USW-1G-L01-D30_3	16	
HU-DEB-NAG-B	HU-DEB-NAG-L01-ACCE31	3	1000base-t	L01-ACPO08	HU-DEB-NAG-L01-ACPO08	mgmt0	Access Point	UP	1000	UP-L01-AP08	11	
HU-DEB-NAG-B	HU-DEB-NAG-L01-ACCE31	8	1000base-t	L01-ACPO10	HU-DEB-NAG-L01-ACPO10	mgmt0	Access Point	UP	1000	UP-L01-AP10	11	
HU-DEB-NAG-B	HU-DEB-NAG-L01-ACCE31	9	1000base-t	L01-ACPO11	HU-DEB-NAG-L01-ACPO11	mgmt0	Access Point	UP	1000	UP-L01-AP11	11	
HU-DEB-NAG-B	HU-DEB-NAG-L01-ACCE32	23	1000base-t	L01-DIST01_p2	HU-DEB-NAG-L01-DIST30	2	Switch Dist	USW	1000	USW-1G-L01-D30_2	16	
HU-DEB-NAG-B	HU-DEB-NAG-L01-ACCE32	24	1000base-t	L01-DIST01_p1	HU-DEB-NAG-L01-DIST30	1	Switch Dist	USW	1000	USW-1G-L01-D30_1	16	
HU-DEB-NAG-B	HU-DEB-NAG-L01-ACCE33	1	1000base-t		HU-DEB-NAG-L01-ACPO16	mgmt0	Access Point	UP	1000	UP-L01-AP16	11	
HU-DEB-NAG-B	HU-DEB-NAG-L01-ACCE33	24	1000base-t	UPLINK	HU-DEB-NAG-L01-DIST30	6	Switch Dist	USW	1000	USW-1G-L01-D30_6	16	
HU-DEB-NAG-B	HU-DEB-NAG-L01-DIST30	1	1000base-t	L01-ACCE32_24	HU-DEB-NAG-L01-ACCE32	24	Switch Access	USW	1000	USW-1G-L01-A32_24	17	
HU-DEB-NAG-B	HU-DEB-NAG-L01-DIST30	2	1000base-t	L01-ACCE32_23	HU-DEB-NAG-L01-ACCE32	23	Switch Access	USW	1000	USW-1G-L01-A32_23	17	
HU-DEB-NAG-B	HU-DEB-NAG-L01-DIST30	25	1000base-x-sfp	L01-ACCE32_p30	HU-DEB-NAG-GFL-ACCE32	30	Switch Access	USW	1000	USW-1G-GFL-A32_30	17	
HU-DEB-NAG-B	HU-DEB-NAG-L01-DIST30	26	1000base-x-sfp	L01-ACCE33_p30	HU-DEB-NAG-GFL-ACCE33	30	Switch Access	USW	1000	USW-1G-GFL-A33_30	17	
HU-DEB-NAG-B	HU-DEB-NAG-L01-DIST30	27	10gbase-x-sfpp	L01-ACCE30_p29	HU-DEB-NAG-L01-ACCE30	29	Switch Access	USW	10000	USW-L01-A30_29	14	
HU-DEB-NAG-B	HU-DEB-NAG-L01-DIST30	28	10gbase-x-sfpp	L01-ACCE30_p30	HU-DEB-NAG-L01-ACCE30	30	Switch Access	USW	10000	USW-L01-A30_30	14	
HU-DEB-NAG-B	HU-DEB-NAG-L01-DIST30	29	10gbase-x-sfpp	CORE04_p4	HU-DEB-NAG-CORE04	4	Switch Core	USW	10000	USW-C04_4	9	
HU-DEB-NAG-B	HU-DEB-NAG-L01-DIST30	3	1000base-t	L01-ACCE31_p16	HU-DEB-NAG-L01-ACCE31	16	Switch Access	USW	1000	USW-1G-L01-A31_16	17	
HU-DEB-NAG-B	HU-DEB-NAG-L01-DIST30	30	10gbase-x-sfpp	CORE03_p4	HU-DEB-NAG-CORE03	4	Switch Core	USW	10000	USW-C03_4	9	
HU-DEB-NAG-B	HU-DEB-NAG-L01-DIST30	4	1000base-t	L01-ACCE31_p15	HU-DEB-NAG-L01-ACCE31	15	Switch Access	USW	1000	USW-1G-L01-A31_15	17	
HU-DEB-NAG-B	HU-DEB-NAG-L01-DIST30	6	1000base-t	L01-ACCE33_p24	HU-DEB-NAG-L01-ACCE33	24	Switch Access	USW	1000	USW-1G-L01-A33_24	17	
HU-DEB-NAG-B	HU-DEB-NAG-MGMT03-1	1:13	1000base-t	ESX12_ILO	hu-deb-p-esx12.sensirion.lokal	iDRAC 9 (NIC.1)	Server	MON	1000	MON-P-ESX12_IDRAC9_1	20	at-20
HU-DEB-NAG-B	HU-DEB-NAG-MGMT03-1	1:14	1000base-t	ESX14_ILO	hu-deb-p-esx14.sensirion.lokal	iDRAC	Server	MON	1000	MON-P-ESX14_IDRAC	17	
HU-DEB-NAG-B	HU-DEB-NAG-MGMT03-1	1:16	1000base-t	ESX12_ct0_eth0	hu-deb-p-esx12.sensirion.lokal	vmnic0	Server	US	1000	US-1G-P-ESX12_VMNIC0	20	at-20
HU-DEB-NAG-B	HU-DEB-NAG-MGMT03-1	1:17	1000base-t	ESX14_ct0_eth0	hu-deb-p-esx14.sensirion.lokal	vmnic0	Server	US	1000	US-1G-P-ESX14_VMNIC0	20	at-20
HU-DEB-NAG-B	HU-DEB-NAG-MGMT03-1	1:21	1000base-t	SNAS01_p1	HU-DEB-P-SNAS01	LAN1	Storage	MON	1000	MON-P-SNAS01_LAN1	17	
HU-DEB-NAG-B	HU-DEB-NAG-MGMT03-1	1:22	1000base-t	SNAS01_p2	HU-DEB-P-SNAS01	LAN2	Storage	MON	1000	MON-P-SNAS01_LAN2	17	
HU-DEB-NAG-B	HU-DEB-NAG-MGMT03-1	1:30	10gbase-x-sfpp	CORE03_p30	HU-DEB-NAG-CORE03	1	Switch Core	USW	10000	USW-C03_1	9	
HU-DEB-NAG-B	HU-DEB-NAG-MGMT03-1	1:31	extreme-summitstack		HU-DEB-NAG-MGMT03-2	02:32	Switch Mgmt	USW		USW-M03_2_32	12	stack
HU-DEB-NAG-B	HU-DEB-NAG-MGMT03-1	1:32	extreme-summitstack		HU-DEB-NAG-MGMT03-2	02:31	Switch Mgmt	USW		USW-M03_2_31	12	stack
HU-DEB-NAG-B	HU-DEB-NAG-MGMT03-1	1:5	1000base-t	FWGW02_WAN1	HU-DEB-FWGW02	wan1	Firewall	USW	1000	USW-1G-FW02_WAN1	16	
HU-DEB-NAG-B	HU-DEB-NAG-MGMT03-1	1:6	1000base-t	FWGW02_WAN2	HU-DEB-FWGW02	wan2	Firewall	USW	1000	USW-1G-FW02_WAN2	16	
HU-DEB-NAG-B	HU-DEB-NAG-MGMT03-1	1:7	1000base-t	FWGW02_MGMT1	HU-DEB-FWGW02	mgmt	Firewall	USW	1000	USW-1G-FW02_MGMT	16	
HU-DEB-NAG-B	HU-DEB-NAG-MGMT03-1	1:8	1000base-t	FWGW02_HA1	HU-DEB-FWGW02	ha1	Firewall	USW	1000	USW-1G-FW02_HA1	15	
HU-DEB-NAG-B	HU-DEB-NAG-MGMT03-2	2:16	1000base-t	ESX12_ct0_eth1	hu-deb-p-esx12.sensirion.lokal	vmnic1	Server	US	1000	US-1G-P-ESX12_VMNIC1	20	at-20
HU-DEB-NAG-B	HU-DEB-NAG-MGMT03-2	2:17	1000base-t	ESX14_ct0_eth1	hu-deb-p-esx14.sensirion.lokal	vmnic1	Server	US	1000	US-1G-P-ESX14_VMNIC1	20	at-20
HU-DEB-NAG-B	HU-DEB-NAG-MGMT03-2	2:21	1000base-t	SNAS01_p3	HU-DEB-P-SNAS01	LAN3	Storage	MON	1000	MON-P-SNAS01_LAN3	17	
HU-DEB-NAG-B	HU-DEB-NAG-MGMT03-2	2:22	1000base-t	SNAS01_p4	HU-DEB-P-SNAS01	LAN4	Storage	MON	1000	MON-P-SNAS01_LAN4	17	
HU-DEB-NAG-B	HU-DEB-NAG-MGMT03-2	2:30	10gbase-x-sfpp	CORE04_p30	HU-DEB-NAG-CORE04	1	Switch Core	USW	10000	USW-C04_1	9	
HU-DEB-NAG-B	HU-DEB-NAG-MGMT03-2	2:31	extreme-summitstack		HU-DEB-NAG-MGMT03-1	01:32	Switch Mgmt	USW		USW-M03_1_32	12	stack
HU-DEB-NAG-B	HU-DEB-NAG-MGMT03-2	2:32	extreme-summitstack		HU-DEB-NAG-MGMT03-1	01:31	Switch Mgmt	USW		USW-M03_1_31	12	stack
HU-DEB-NAG-B	HU-DEB-NAG-MGMT03-2	2:8	1000base-t	FWGW02_HA2	HU-DEB-FWGW02	ha2	Firewall	USW	1000	USW-1G-FW02_HA2	15	
CN-SZX-ECP	CN-SZX-ECP-L17-ACCE01	11	1000base-x-sfp	CORE01_p48	CN-SZX-ECP-L17-CORE01-1	01:48	Switch Core	USW	1000	USW-1G-L17-C01_1_48	19	
CN-SZX-ECP	CN-SZX-ECP-L17-ACCE01	12	1000base-x-sfp	CORE02_p48	CN-SZX-ECP-L17-CORE01-2	02:48	Switch Core	USW	1000	USW-1G-L17-C01_2_48	19	
CN-SZX-ECP	CN-SZX-ECP-L17-ACCE01	2	1000base-t	L17_ACPO2	CN-SZX-ECP-L17-ACPO02	mgmt0	Access Point	UP	1000	UP-L17-AP02	11	
CN-SZX-ECP	CN-SZX-ECP-L17-ACCE01	3	1000base-t	L17_ACPO1	CN-SZX-ECP-L17-ACPO01	mgmt0	Access Point	UP	1000	UP-L17-AP01	11	
CN-SZX-ECP	CN-SZX-ECP-L17-CORE01-1	1:48	1000base-x-sfp	ACCE01_p11	CN-SZX-ECP-L17-ACCE01	11	Switch Access	USW	1000	USW-1G-L17-A01_11	17	
CN-SZX-ECP	CN-SZX-ECP-L17-CORE01-1	1:49	extreme-summitstack	CORE02_p50	CN-SZX-ECP-L17-CORE01-2	02:50	Switch Core	USW		USW-L17-C01_2_50	16	stack
CN-SZX-ECP	CN-SZX-ECP-L17-CORE01-1	1:50	extreme-summitstack	CORE02_p49	CN-SZX-ECP-L17-CORE01-2	02:49	Switch Core	USW		USW-L17-C01_2_49	16	stack
CN-SZX-ECP	CN-SZX-ECP-L17-CORE01-2	2:48	1000base-x-sfp	ACCE01_p12	CN-SZX-ECP-L17-ACCE01	12	Switch Access	USW	1000	USW-1G-L17-A01_12	17	
CN-SZX-ECP	CN-SZX-ECP-L17-CORE01-2	2:49	extreme-summitstack	CORE01_p50	CN-SZX-ECP-L17-CORE01-1	01:50	Switch Core	USW		USW-L17-C01_1_50	16	stack
CN-SZX-ECP	CN-SZX-ECP-L17-CORE01-2	2:50	extreme-summitstack	CORE01_p49	CN-SZX-ECP-L17-CORE01-1	01:49	Switch Core	USW		USW-L17-C01_1_49	16	stack
JP-YOK-CHO	JP-YOK-CHO-L06-ACCE01	1	1000base-t	ACPO01	JP-YOK-CHO-L06-ACPO01	mgmt0	Access Point	UP	1000	UP-L06-AP01	11	
JP-YOK-CHO	JP-YOK-CHO-L06-ACCE01	2	1000base-t	ACPO02	JP-YOK-CHO-L06-ACPO02	mgmt0	Access Point	UP	1000	UP-L06-AP02	11	
JP-YOK-CHO	JP-YOK-CHO-L06-ACCE01	3	1000base-t	ACPO03	JP-YOK-CHO-L06-ACPO03	mgmt0	Access Point	UP	1000	UP-L06-AP03	11	
JP-YOK-CHO	JP-YOK-CHO-L06-ACCE01	7	1000base-t		JP-YOK-CHO-L06-CORE-1	01:48	Switch Core	USW	1000	USW-1G-L06-C_1_48	17	
JP-YOK-CHO	JP-YOK-CHO-L06-CORE-1	1:48	1000base-t	L06-ACCE01_p11	JP-YOK-CHO-L06-ACCE01	7	Switch Access	USW	1000	USW-1G-L06-A01_7	16	
JP-YOK-CHO	JP-YOK-CHO-L06-CORE-1	1:49	extreme-summitstack	CORE02_p49	JP-YOK-CHO-L06-CORE-2	02:50	Switch Core	USW		USW-L06-C_2_50	14	stack
JP-YOK-CHO	JP-YOK-CHO-L06-CORE-1	1:50	extreme-summitstack	CORE02_p50	JP-YOK-CHO-L06-CORE-2	02:49	Switch Core	USW		USW-L06-C_2_49	14	stack
JP-YOK-CHO	JP-YOK-CHO-L06-CORE-2	2:49	extreme-summitstack	CORE01_p49	JP-YOK-CHO-L06-CORE-1	01:50	Switch Core	USW		USW-L06-C_1_50	14	stack
JP-YOK-CHO	JP-YOK-CHO-L06-CORE-2	2:50	extreme-summitstack	CORE01_p50	JP-YOK-CHO-L06-CORE-1	01:49	Switch Core	USW		USW-L06-C_1_49	14	stack
KR-AYN-KEU	KR-AYN-KEU-L18-ACCE01	1	1000base-t	L18-ACPO01	KR-AYN-KEU-L18-ACPO01	mgmt0	Access Point	UP	1000	UP-L18-AP01	11	
KR-AYN-KEU	KR-AYN-KEU-L18-ACCE01	11	1000base-x-sfp	L18-CORE01_p30	KR-AYN-KEU-L18-CORE01-1	01:30	Switch Core	USW	1000	USW-1G-L18-C01_1_30	19	
KR-AYN-KEU	KR-AYN-KEU-L18-ACCE01	12	1000base-x-sfp	L18-CORE02_p30	KR-AYN-KEU-L18-CORE01-2	02:30	Switch Core	USW	1000	USW-1G-L18-C01_2_30	19	
KR-AYN-KEU	KR-AYN-KEU-L18-ACCE01	2	1000base-t	L18-ACPO02	KR-AYN-KEU-L18-ACPO02	mgmt0	Access Point	UP	1000	UP-L18-AP02	11	
KR-AYN-KEU	KR-AYN-KEU-L18-CORE01-1	1:30	1000base-x-sfp	L18-ACCE01_p11	KR-AYN-KEU-L18-ACCE01	11	Switch Access	USW	1000	USW-1G-L18-A01_11	17	
KR-AYN-KEU	KR-AYN-KEU-L18-CORE01-1	1:31	extreme-summitstack	CORE02_p32	KR-AYN-KEU-L18-CORE01-2	02:32	Switch Core	USW		USW-L18-C01_2_32	16	stack
KR-AYN-KEU	KR-AYN-KEU-L18-CORE01-1	1:32	extreme-summitstack	CORE02_p31	KR-AYN-KEU-L18-CORE01-2	02:31	Switch Core	USW		USW-L18-C01_2_31	16	stack
KR-AYN-KEU	KR-AYN-KEU-L18-CORE01-2	2:30	1000base-x-sfp	L18-ACCE01_p12	KR-AYN-KEU-L18-ACCE01	12	Switch Access	USW	1000	USW-1G-L18-A01_12	17	
KR-AYN-KEU	KR-AYN-KEU-L18-CORE01-2	2:31	extreme-summitstack	CORE01_p32	KR-AYN-KEU-L18-CORE01-1	01:32	Switch Core	USW		USW-L18-C01_1_32	16	stack
KR-AYN-KEU	KR-AYN-KEU-L18-CORE01-2	2:32	extreme-summitstack	CORE01_p31	KR-AYN-KEU-L18-CORE01-1	01:31	Switch Core	USW		USW-L18-C01_1_31	16	stack
KR-SEL-HAN	KR-SEL-HAN-L14-ACCE01	23	1000base-t	UPLINK	KR-SEL-HAN-L14-DIST01	3	Switch Dist	USW	1000	USW-1G-L14-D01_3	16	
KR-SEL-HAN	KR-SEL-HAN-L14-ACCE01	24	1000base-t	UPLINK	KR-SEL-HAN-L14-DIST02	3	Switch Dist	USW	1000	USW-1G-L14-D02_3	16	
KR-SEL-HAN	KR-SEL-HAN-L14-ACCE02	19	1000base-t	L14-ACPO01	KR-SEL-HAN-L14-ACPO01	mgmt0	Access Point	UP	1000	UP-L14-AP01	11	
KR-SEL-HAN	KR-SEL-HAN-L14-ACCE02	23	1000base-t	UPLINK	KR-SEL-HAN-L14-DIST01	4	Switch Dist	USW	1000	USW-1G-L14-D01_4	16	
KR-SEL-HAN	KR-SEL-HAN-L14-ACCE02	24	1000base-t	UPLINK	KR-SEL-HAN-L14-DIST02	4	Switch Dist	USW	1000	USW-1G-L14-D02_4	16	
KR-SEL-HAN	KR-SEL-HAN-L14-ACCE03	21	1000base-t	L14-ACPO04	KR-SEL-HAN-L14-ACPO04	mgmt0	Access Point	UP	1000	UP-L14-AP04	11	
KR-SEL-HAN	KR-SEL-HAN-L14-ACCE03	22	1000base-t	L14-ACPO05	KR-SEL-HAN-L14-ACPO05	mgmt0	Access Point	UP	1000	UP-L14-AP05	11	
KR-SEL-HAN	KR-SEL-HAN-L14-ACCE03	23	1000base-t	UPLINK	KR-SEL-HAN-L14-DIST01	5	Switch Dist	USW	1000	USW-1G-L14-D01_5	16	
KR-SEL-HAN	KR-SEL-HAN-L14-ACCE03	24	1000base-t	UPLINK	KR-SEL-HAN-L14-DIST02	5	Switch Dist	USW	1000	USW-1G-L14-D02_5	16	
KR-SEL-HAN	KR-SEL-HAN-L14-ACCE04	23	1000base-t	UPLINK	KR-SEL-HAN-L14-DIST01	6	Switch Dist	USW	1000	USW-1G-L14-D01_6	16	
KR-SEL-HAN	KR-SEL-HAN-L14-ACCE04	24	1000base-t	UPLINK	KR-SEL-HAN-L14-DIST02	6	Switch Dist	USW	1000	USW-1G-L14-D02_6	16	
KR-SEL-HAN	KR-SEL-HAN-L14-ACCE05	16	1000base-t	L14-ACPO08	KR-SEL-HAN-L14-ACPO08	mgmt0	Access Point	UP	1000	UP-L14-AP08	11	
KR-SEL-HAN	KR-SEL-HAN-L14-ACCE05	17	1000base-t	L14-ACPO06	KR-SEL-HAN-L14-ACPO06	mgmt0	Access Point	UP	1000	UP-L14-AP06	11	
KR-SEL-HAN	KR-SEL-HAN-L14-ACCE05	19	1000base-t	L14-ACPO07	KR-SEL-HAN-L14-ACPO07	mgmt0	Access Point	UP	1000	UP-L14-AP07	11	
KR-SEL-HAN	KR-SEL-HAN-L14-ACCE05	21	1000base-t	L14-ACPO03	KR-SEL-HAN-L14-ACPO03	mgmt0	Access Point	UP	1000	UP-L14-AP03	11	
KR-SEL-HAN	KR-SEL-HAN-L14-ACCE05	23	1000base-t	UPLINK	KR-SEL-HAN-L14-DIST01	7	Switch Dist	USW	1000	USW-1G-L14-D01_7	16	
KR-SEL-HAN	KR-SEL-HAN-L14-ACCE05	24	1000base-t	UPLINK	KR-SEL-HAN-L14-DIST02	7	Switch Dist	USW	1000	USW-1G-L14-D02_7	16	
KR-SEL-HAN	KR-SEL-HAN-L14-ACCE06	23	1000base-t	UPLINK	KR-SEL-HAN-L14-DIST01	8	Switch Dist	USW	1000	USW-1G-L14-D01_8	16	
KR-SEL-HAN	KR-SEL-HAN-L14-ACCE06	24	1000base-t	UPLINK	KR-SEL-HAN-L14-DIST02	8	Switch Dist	USW	1000	USW-1G-L14-D02_8	16	
KR-SEL-HAN	KR-SEL-HAN-L14-ACCE07	22	1000base-t	L14-ACPO02	KR-SEL-HAN-L14-ACPO02	mgmt0	Access Point	UP	1000	UP-L14-AP02	11	
KR-SEL-HAN	KR-SEL-HAN-L14-ACCE07	23	1000base-t	UPLINK	KR-SEL-HAN-L14-DIST01	9	Switch Dist	USW	1000	USW-1G-L14-D01_9	16	
KR-SEL-HAN	KR-SEL-HAN-L14-ACCE07	24	1000base-t	UPLINK	KR-SEL-HAN-L14-DIST02	9	Switch Dist	USW	1000	USW-1G-L14-D02_9	16	
KR-SEL-HAN	KR-SEL-HAN-L14-ACCE08	23	1000base-t	L14-DIST01_p15	KR-SEL-HAN-L14-DIST01	15	Switch Dist	USW	1000	USW-1G-L14-D01_15	17	
KR-SEL-HAN	KR-SEL-HAN-L14-ACCE08	24	1000base-t	L14-DIST02_p15	KR-SEL-HAN-L14-DIST02	15	Switch Dist	USW	1000	USW-1G-L14-D02_15	17	
KR-SEL-HAN	KR-SEL-HAN-L14-CORE01	1	10gbase-x-sfpp	MLAG_DIST01_p27	KR-SEL-HAN-L14-DIST01	27	Switch Dist	USW	10000	USW-L14-D01_27	14	MLAG
KR-SEL-HAN	KR-SEL-HAN-L14-CORE01	10	10gbase-x-sfpp	p-stod01_ct2_p1	KR-SEL-P-SNAS02	LAN5	Storage	US	10000	US-P-SNAS02_LAN5	16	
KR-SEL-HAN	KR-SEL-HAN-L14-CORE01	11	10gbase-x-sfpp	san11_ct0_eth4	kr-sel-san11	ct0.eth4	Storage	US	10000	US-SAN11_CT0_4	14	
KR-SEL-HAN	KR-SEL-HAN-L14-CORE01	12	10gbase-x-sfpp	san11_ct0_eth5	kr-sel-san11	ct0.eth5	Storage	US	10000	US-SAN11_CT0_5	14	
KR-SEL-HAN	KR-SEL-HAN-L14-CORE01	13	10gbase-x-sfpp	ISC	KR-SEL-HAN-L14-CORE02	13	Switch Core	USW	10000	USW-L14-C02_13	14	ISC
KR-SEL-HAN	KR-SEL-HAN-L14-CORE01	14	10gbase-x-sfpp	ISC	KR-SEL-HAN-L14-CORE02	14	Switch Core	USW	10000	USW-L14-C02_14	14	ISC
KR-SEL-HAN	KR-SEL-HAN-L14-CORE01	15	10gbase-x-sfpp	FWGW01_lag.0.1_x	KR-SEL-HAN-L14-FWGW01	x1	Firewall	USW	10000	USW-L14-FW01_X1	15	
KR-SEL-HAN	KR-SEL-HAN-L14-CORE01	16	10gbase-x-sfpp	FWGW02_lag.0.1_x	KR-SEL-HAN-L14-FWGW02	x1	Firewall	USW	10000	USW-L14-FW02_X1	15	
KR-SEL-HAN	KR-SEL-HAN-L14-CORE01	2	10gbase-x-sfpp	MLAG_DIST02_p27	KR-SEL-HAN-L14-DIST02	27	Switch Dist	USW	10000	USW-L14-D02_27	14	MLAG
KR-SEL-HAN	KR-SEL-HAN-L14-CORE01	3	10gbase-x-sfpp	esx11_eth0	kr-sel-p-esx11.sensirion.lokal	vmnic2	Server	US	10000	US-P-ESX11_VMNIC2	17	
KR-SEL-HAN	KR-SEL-HAN-L14-CORE01	4	10gbase-x-sfpp	esx12_eth0	kr-sel-p-esx12.sensirion.lokal	vmnic2	Server	US	10000	US-P-ESX12_VMNIC2	17	
KR-SEL-HAN	KR-SEL-HAN-L14-CORE01	5	10gbase-x-sfpp	esx13_eth0	kr-sel-p-esx13.sensirion.lokal	vmnic2	Server	US	10000	US-P-ESX13_VMNIC2	17	
KR-SEL-HAN	KR-SEL-HAN-L14-CORE01	7	10gbase-x-sfpp	esx11_eth2	kr-sel-p-esx11.sensirion.lokal	vmnic4	Server	US	10000	US-P-ESX11_VMNIC4	17	
KR-SEL-HAN	KR-SEL-HAN-L14-CORE01	8	10gbase-x-sfpp	esx12_eth2	kr-sel-p-esx12.sensirion.lokal	vmnic4	Server	US	10000	US-P-ESX12_VMNIC4	17	
KR-SEL-HAN	KR-SEL-HAN-L14-CORE01	9	10gbase-x-sfpp	esx13_eth2	kr-sel-p-esx13.sensirion.lokal	vmnic4	Server	US	10000	US-P-ESX13_VMNIC4	17	
KR-SEL-HAN	KR-SEL-HAN-L14-CORE02	1	10gbase-x-sfpp	MLAG_DIST01_p28	KR-SEL-HAN-L14-DIST01	28	Switch Dist	USW	10000	USW-L14-D01_28	14	MLAG
KR-SEL-HAN	KR-SEL-HAN-L14-CORE02	10	10gbase-x-sfpp	p-stod01_ct2_p2	KR-SEL-P-SNAS02	LAN6	Storage	US	10000	US-P-SNAS02_LAN6	16	
KR-SEL-HAN	KR-SEL-HAN-L14-CORE02	11	10gbase-x-sfpp	san11_ct1_eth4	kr-sel-san11	ct1.eth4	Storage	US	10000	US-SAN11_CT1_4	14	
KR-SEL-HAN	KR-SEL-HAN-L14-CORE02	12	10gbase-x-sfpp	san11_ct1_eth5	kr-sel-san11	ct1.eth5	Storage	US	10000	US-SAN11_CT1_5	14	
KR-SEL-HAN	KR-SEL-HAN-L14-CORE02	13	10gbase-x-sfpp	ISC	KR-SEL-HAN-L14-CORE01	13	Switch Core	USW	10000	USW-L14-C01_13	14	ISC
KR-SEL-HAN	KR-SEL-HAN-L14-CORE02	14	10gbase-x-sfpp	ISC	KR-SEL-HAN-L14-CORE01	14	Switch Core	USW	10000	USW-L14-C01_14	14	ISC
KR-SEL-HAN	KR-SEL-HAN-L14-CORE02	15	10gbase-x-sfpp	FWGW01_lag.0.1_x	KR-SEL-HAN-L14-FWGW01	x2	Firewall	USW	10000	USW-L14-FW01_X2	15	
KR-SEL-HAN	KR-SEL-HAN-L14-CORE02	16	10gbase-x-sfpp	FWGW02_lag.0.1_x	KR-SEL-HAN-L14-FWGW02	x2	Firewall	USW	10000	USW-L14-FW02_X2	15	
KR-SEL-HAN	KR-SEL-HAN-L14-CORE02	2	10gbase-x-sfpp	MLAG_DIST02_p28	KR-SEL-HAN-L14-DIST02	28	Switch Dist	USW	10000	USW-L14-D02_28	14	MLAG
KR-SEL-HAN	KR-SEL-HAN-L14-CORE02	3	10gbase-x-sfpp	esx11_eth1	kr-sel-p-esx11.sensirion.lokal	vmnic3	Server	US	10000	US-P-ESX11_VMNIC3	17	
KR-SEL-HAN	KR-SEL-HAN-L14-CORE02	4	10gbase-x-sfpp	esx12_eth1	kr-sel-p-esx12.sensirion.lokal	vmnic3	Server	US	10000	US-P-ESX12_VMNIC3	17	
KR-SEL-HAN	KR-SEL-HAN-L14-CORE02	5	10gbase-x-sfpp	esx13_eth1	kr-sel-p-esx13.sensirion.lokal	vmnic3	Server	US	10000	US-P-ESX13_VMNIC3	17	
KR-SEL-HAN	KR-SEL-HAN-L14-CORE02	7	10gbase-x-sfpp	esx11_eth3	kr-sel-p-esx11.sensirion.lokal	vmnic5	Server	US	10000	US-P-ESX11_VMNIC5	17	
KR-SEL-HAN	KR-SEL-HAN-L14-CORE02	8	10gbase-x-sfpp	esx12_eth3	kr-sel-p-esx12.sensirion.lokal	vmnic5	Server	US	10000	US-P-ESX12_VMNIC5	17	
KR-SEL-HAN	KR-SEL-HAN-L14-CORE02	9	10gbase-x-sfpp	esx13_eth3	kr-sel-p-esx13.sensirion.lokal	vmnic5	Server	US	10000	US-P-ESX13_VMNIC5	17	
KR-SEL-HAN	KR-SEL-HAN-L14-DIST01	10	1000base-t	esx11_ILO	kr-sel-p-esx11.sensirion.lokal	iDRAC 9 (NIC.1)	Server	MON	1000	MON-P-ESX11_IDRAC9_1	20	at-20
KR-SEL-HAN	KR-SEL-HAN-L14-DIST01	11	1000base-t	SCCM-Staging	kr-sel-p-esx13.sensirion.lokal	iDRAC 9 (NIC.1)	Server	MON	1000	MON-P-ESX13_IDRAC9_1	20	at-20
KR-SEL-HAN	KR-SEL-HAN-L14-DIST01	12	1000base-t	esx11_CT0_eth0	kr-sel-p-esx11.sensirion.lokal	vmnic1	Server	US	1000	US-1G-P-ESX11_VMNIC1	20	at-20
KR-SEL-HAN	KR-SEL-HAN-L14-DIST01	13	1000base-t	esx12_CT0_eth0	kr-sel-p-esx12.sensirion.lokal	vmnic1	Server	US	1000	US-1G-P-ESX12_VMNIC1	20	at-20
KR-SEL-HAN	KR-SEL-HAN-L14-DIST01	14	1000base-t	esx13_CT0_eth0	kr-sel-p-esx13.sensirion.lokal	vmnic1	Server	US	1000	US-1G-P-ESX13_VMNIC1	20	at-20
KR-SEL-HAN	KR-SEL-HAN-L14-DIST01	15	1000base-t	MLAG_ACCE08_p23	KR-SEL-HAN-L14-ACCE08	23	Switch Access	USW	1000	USW-1G-L14-A08_23	17	MLAG
KR-SEL-HAN	KR-SEL-HAN-L14-DIST01	17	1000base-t	KR-SEL-P-SNAS02_	KR-SEL-P-SNAS02	LAN3	Storage	MON	1000	MON-P-SNAS02_LAN3	17	
KR-SEL-HAN	KR-SEL-HAN-L14-DIST01	18	1000base-t	san11_CT0_eth0	kr-sel-san11	ct0.eth0	Storage	MON	1000	MON-SAN11_CT0_0	15	
KR-SEL-HAN	KR-SEL-HAN-L14-DIST01	2	1000base-t	FWGW01_p10	KR-SEL-HAN-L14-FWGW01	port10	Firewall	USW	1000	USW-1G-L14-FW01_10	18	
KR-SEL-HAN	KR-SEL-HAN-L14-DIST01	20	1000base-t	KR-SEL-P-SNAS02_	KR-SEL-P-SNAS02	LAN1	Storage	MON	1000	MON-P-SNAS02_LAN1	17	
KR-SEL-HAN	KR-SEL-HAN-L14-DIST01	21	1000base-t	fortigate_mgmt	KR-SEL-HAN-L14-FWGW01	mgmt	Firewall	USW	1000	USW-1G-L14-FW01_MGMT	20	at-20
KR-SEL-HAN	KR-SEL-HAN-L14-DIST01	23	1000base-t	FWGW01_p11	KR-SEL-HAN-L14-FWGW01	port11	Firewall	USW	1000	USW-1G-L14-FW01_11	18	
KR-SEL-HAN	KR-SEL-HAN-L14-DIST01	25	10gbase-x-sfpp	ISC	KR-SEL-HAN-L14-DIST02	25	Switch Dist	USW	10000	USW-L14-D02_25	14	ISC
KR-SEL-HAN	KR-SEL-HAN-L14-DIST01	26	10gbase-x-sfpp	ISC	KR-SEL-HAN-L14-DIST02	26	Switch Dist	USW	10000	USW-L14-D02_26	14	ISC
KR-SEL-HAN	KR-SEL-HAN-L14-DIST01	27	10gbase-x-sfpp	UPLINK:CORE01_P1	KR-SEL-HAN-L14-CORE01	1	Switch Core	USW	10000	USW-L14-C01_1	13	
KR-SEL-HAN	KR-SEL-HAN-L14-DIST01	28	10gbase-x-sfpp	UPLINK:CORE02_P1	KR-SEL-HAN-L14-CORE02	1	Switch Core	USW	10000	USW-L14-C02_1	13	
KR-SEL-HAN	KR-SEL-HAN-L14-DIST01	3	1000base-t	MLAG_ACCE01_p23	KR-SEL-HAN-L14-ACCE01	23	Switch Access	USW	1000	USW-1G-L14-A01_23	17	MLAG
KR-SEL-HAN	KR-SEL-HAN-L14-DIST01	4	1000base-t	MLAG_ACCE02_p23	KR-SEL-HAN-L14-ACCE02	23	Switch Access	USW	1000	USW-1G-L14-A02_23	17	MLAG
KR-SEL-HAN	KR-SEL-HAN-L14-DIST01	5	1000base-t	MLAG_ACCE03_p23	KR-SEL-HAN-L14-ACCE03	23	Switch Access	USW	1000	USW-1G-L14-A03_23	17	MLAG
KR-SEL-HAN	KR-SEL-HAN-L14-DIST01	6	1000base-t	MLAG_ACCE04_p23	KR-SEL-HAN-L14-ACCE04	23	Switch Access	USW	1000	USW-1G-L14-A04_23	17	MLAG
KR-SEL-HAN	KR-SEL-HAN-L14-DIST01	7	1000base-t	MLAG_ACCE05_p23	KR-SEL-HAN-L14-ACCE05	23	Switch Access	USW	1000	USW-1G-L14-A05_23	17	MLAG
KR-SEL-HAN	KR-SEL-HAN-L14-DIST01	8	1000base-t	MLAG_ACCE06_p23	KR-SEL-HAN-L14-ACCE06	23	Switch Access	USW	1000	USW-1G-L14-A06_23	17	MLAG
KR-SEL-HAN	KR-SEL-HAN-L14-DIST01	9	1000base-t	MLAG_ACCE07_p23	KR-SEL-HAN-L14-ACCE07	23	Switch Access	USW	1000	USW-1G-L14-A07_23	17	MLAG
KR-SEL-HAN	KR-SEL-HAN-L14-DIST02	10	1000base-t	esx12_ILO	kr-sel-p-esx12.sensirion.lokal	iDRAC 9 (NIC.1)	Server	MON	1000	MON-P-ESX12_IDRAC9_1	20	at-20
KR-SEL-HAN	KR-SEL-HAN-L14-DIST02	12	1000base-t	esx11_CT0_eth1	kr-sel-p-esx11.sensirion.lokal	vmnic0	Server	US	1000	US-1G-P-ESX11_VMNIC0	20	at-20
KR-SEL-HAN	KR-SEL-HAN-L14-DIST02	13	1000base-t	esx12_CT0_eth1	kr-sel-p-esx12.sensirion.lokal	vmnic0	Server	US	1000	US-1G-P-ESX12_VMNIC0	20	at-20
KR-SEL-HAN	KR-SEL-HAN-L14-DIST02	14	1000base-t	esx13_CT0_eth1	kr-sel-p-esx13.sensirion.lokal	vmnic0	Server	US	1000	US-1G-P-ESX13_VMNIC0	20	at-20
KR-SEL-HAN	KR-SEL-HAN-L14-DIST02	15	1000base-t	MLAG_ACCE08_p24	KR-SEL-HAN-L14-ACCE08	24	Switch Access	USW	1000	USW-1G-L14-A08_24	17	MLAG
KR-SEL-HAN	KR-SEL-HAN-L14-DIST02	17	1000base-t	KR-SEL-P-SNAS02_	KR-SEL-P-SNAS02	LAN4	Storage	MON	1000	MON-P-SNAS02_LAN4	17	
KR-SEL-HAN	KR-SEL-HAN-L14-DIST02	18	1000base-t	san11_ct1_eth0	kr-sel-san11	ct1.eth0	Storage	MON	1000	MON-SAN11_CT1_0	15	
KR-SEL-HAN	KR-SEL-HAN-L14-DIST02	2	1000base-t	FWGW02_p10	KR-SEL-HAN-L14-FWGW02	port10	Firewall	USW	1000	USW-1G-L14-FW02_10	18	
KR-SEL-HAN	KR-SEL-HAN-L14-DIST02	20	1000base-t	KR-SEL-P-SNAS02_	KR-SEL-P-SNAS02	LAN2	Storage	MON	1000	MON-P-SNAS02_LAN2	17	
KR-SEL-HAN	KR-SEL-HAN-L14-DIST02	21	1000base-t	fortigate_mgmt	KR-SEL-HAN-L14-FWGW02	mgmt	Firewall	USW	1000	USW-1G-L14-FW02_MGMT	20	at-20
KR-SEL-HAN	KR-SEL-HAN-L14-DIST02	23	1000base-t	FWGW01_p11	KR-SEL-HAN-L14-FWGW02	port11	Firewall	USW	1000	USW-1G-L14-FW02_11	18	
KR-SEL-HAN	KR-SEL-HAN-L14-DIST02	25	10gbase-x-sfpp	ISC	KR-SEL-HAN-L14-DIST01	25	Switch Dist	USW	10000	USW-L14-D01_25	14	ISC
KR-SEL-HAN	KR-SEL-HAN-L14-DIST02	26	10gbase-x-sfpp	ISC	KR-SEL-HAN-L14-DIST01	26	Switch Dist	USW	10000	USW-L14-D01_26	14	ISC
KR-SEL-HAN	KR-SEL-HAN-L14-DIST02	27	10gbase-x-sfpp	UPLINK:CORE01_P2	KR-SEL-HAN-L14-CORE01	2	Switch Core	USW	10000	USW-L14-C01_2	13	
KR-SEL-HAN	KR-SEL-HAN-L14-DIST02	28	10gbase-x-sfpp	UPLINK:CORE02_P2	KR-SEL-HAN-L14-CORE02	2	Switch Core	USW	10000	USW-L14-C02_2	13	
KR-SEL-HAN	KR-SEL-HAN-L14-DIST02	3	1000base-t	MLAG_ACCE01_p24	KR-SEL-HAN-L14-ACCE01	24	Switch Access	USW	1000	USW-1G-L14-A01_24	17	MLAG
KR-SEL-HAN	KR-SEL-HAN-L14-DIST02	4	1000base-t	MLAG_ACCE02_p24	KR-SEL-HAN-L14-ACCE02	24	Switch Access	USW	1000	USW-1G-L14-A02_24	17	MLAG
KR-SEL-HAN	KR-SEL-HAN-L14-DIST02	5	1000base-t	MLAG_ACCE03_p24	KR-SEL-HAN-L14-ACCE03	24	Switch Access	USW	1000	USW-1G-L14-A03_24	17	MLAG
KR-SEL-HAN	KR-SEL-HAN-L14-DIST02	6	1000base-t	MLAG_ACCE04_p24	KR-SEL-HAN-L14-ACCE04	24	Switch Access	USW	1000	USW-1G-L14-A04_24	17	MLAG
KR-SEL-HAN	KR-SEL-HAN-L14-DIST02	7	1000base-t	MLAG_ACCE05_p24	KR-SEL-HAN-L14-ACCE05	24	Switch Access	USW	1000	USW-1G-L14-A05_24	17	MLAG
KR-SEL-HAN	KR-SEL-HAN-L14-DIST02	8	1000base-t	MLAG_ACCE06_p24	KR-SEL-HAN-L14-ACCE06	24	Switch Access	USW	1000	USW-1G-L14-A06_24	17	MLAG
KR-SEL-HAN	KR-SEL-HAN-L14-DIST02	9	1000base-t	MLAG_ACCE07_p24	KR-SEL-HAN-L14-ACCE07	24	Switch Access	USW	1000	USW-1G-L14-A07_24	17	MLAG
NL-ENS-NEP	NL-ENS-NEP-GFL-ACCE01	1	1000base-t		NL-ENS-NEP-L02-ACPO02	mgmt0	Access Point	UP	1000	UP-L02-AP02	11	
NL-ENS-NEP	NL-ENS-NEP-GFL-ACCE01	11	1000base-x-sfp	MLAG_CORE01_p21	NL-ENS-NEP-GFL-CORE01-1	01:21	Switch Core	USW	1000	USW-1G-GFL-C01_1_21	19	MLAG
NL-ENS-NEP	NL-ENS-NEP-GFL-ACCE01	12	1000base-x-sfp	MLAG_CORE02_p21	NL-ENS-NEP-GFL-CORE01-2	02:21	Switch Core	USW	1000	USW-1G-GFL-C01_2_21	19	MLAG
NL-ENS-NEP	NL-ENS-NEP-GFL-ACCE01	2	1000base-t		NL-ENS-NEP-L02-ACPO01	mgmt0	Access Point	UP	1000	UP-L02-AP01	11	
NL-ENS-NEP	NL-ENS-NEP-GFL-ACCE01	4	1000base-t		NL-ENS-NEP-L01-ACPO01	mgmt0	Access Point	UP	1000	UP-L01-AP01	11	
NL-ENS-NEP	NL-ENS-NEP-GFL-ACCE01	5	1000base-t		NL-ENS-NEP-L01-ACPO03	mgmt0	Access Point	UP	1000	UP-L01-AP03	11	
NL-ENS-NEP	NL-ENS-NEP-GFL-ACCE01	6	1000base-t		NL-ENS-NEP-GFL-ACPO01	mgmt0	Access Point	UP	1000	UP-GFL-AP01	11	
NL-ENS-NEP	NL-ENS-NEP-GFL-ACCE01	7	1000base-t		NL-ENS-NEP-GFL-ACPO02	mgmt0	Access Point	UP	1000	UP-GFL-AP02	11	
NL-ENS-NEP	NL-ENS-NEP-GFL-ACCE02	29	1000base-x-sfp	UPLINK	NL-ENS-NEP-GFL-CORE01-1	01:22	Switch Core	USW	1000	USW-1G-GFL-C01_1_22	19	
NL-ENS-NEP	NL-ENS-NEP-GFL-ACCE02	30	1000base-x-sfp	UPLINK	NL-ENS-NEP-GFL-CORE01-2	02:22	Switch Core	USW	1000	USW-1G-GFL-C01_2_22	19	
NL-ENS-NEP	NL-ENS-NEP-GFL-CORE01-1	1:1	1000base-t	L01-ACCE01_p23	NL-ENS-NEP-L01-ACCE01	24	Switch Access	USW	1000	USW-1G-L01-A01_24	17	
NL-ENS-NEP	NL-ENS-NEP-GFL-CORE01-1	1:11	1000base-t	SNAS01	NL-ENS-P-SNAS01	LAN1	Storage	US	1000	US-1G-P-SNAS01_LAN1	19	
NL-ENS-NEP	NL-ENS-NEP-GFL-CORE01-1	1:12	1000base-t	SNAS01	NL-ENS-P-SNAS01	LAN2	Storage	US	1000	US-1G-P-SNAS01_LAN2	19	
NL-ENS-NEP	NL-ENS-NEP-GFL-CORE01-1	1:19	1000base-t	FWGW01_p11	NL-ENS-FWGW01	port11	Firewall	USW	1000	USW-1G-FW01_11	14	
NL-ENS-NEP	NL-ENS-NEP-GFL-CORE01-1	1:2	1000base-t	L02-ACCE01_p23	NL-ENS-NEP-L02-ACCE01	23	Switch Access	USW	1000	USW-1G-L02-A01_23	17	
NL-ENS-NEP	NL-ENS-NEP-GFL-CORE01-1	1:20	1000base-t	FWGW01_p12	NL-ENS-FWGW01	port12	Firewall	USW	1000	USW-1G-FW01_12	14	
NL-ENS-NEP	NL-ENS-NEP-GFL-CORE01-1	1:21	1000base-x-sfp	GFL-ACCE01_p11	NL-ENS-NEP-GFL-ACCE01	11	Switch Access	USW	1000	USW-1G-GFL-A01_11	17	
NL-ENS-NEP	NL-ENS-NEP-GFL-CORE01-1	1:22	1000base-x-sfp	GFL-ACCE02_p23	NL-ENS-NEP-GFL-ACCE02	29	Switch Access	USW	1000	USW-1G-GFL-A02_29	17	
NL-ENS-NEP	NL-ENS-NEP-GFL-CORE01-1	1:23	1000base-x-sfp	FWGW01_p13	NL-ENS-FWGW01	port13	Firewall	USW	1000	USW-1G-FW01_13	14	
NL-ENS-NEP	NL-ENS-NEP-GFL-CORE01-1	1:24	1000base-x-sfp	FWGW01_p14	NL-ENS-FWGW01	port14	Firewall	USW	1000	USW-1G-FW01_14	14	
NL-ENS-NEP	NL-ENS-NEP-GFL-CORE01-1	1:27	extreme-summitstack	CORE02_p27	NL-ENS-NEP-GFL-CORE01-2	02:28	Switch Core	USW		USW-GFL-C01_2_28	16	stack
NL-ENS-NEP	NL-ENS-NEP-GFL-CORE01-1	1:28	extreme-summitstack	CORE02_p28	NL-ENS-NEP-GFL-CORE01-2	02:27	Switch Core	USW		USW-GFL-C01_2_27	16	stack
NL-ENS-NEP	NL-ENS-NEP-GFL-CORE01-1	1:4	1000base-t	FWGW01_WAN2	NL-ENS-FWGW01	wan2	Firewall	USW	1000	USW-1G-FW01_WAN2	16	
NL-ENS-NEP	NL-ENS-NEP-GFL-CORE01-1	1:5	1000base-t	FWGW02_p1	NL-ENS-FWGW01	port1	Firewall	USW	1000	USW-1G-FW01_1	13	
NL-ENS-NEP	NL-ENS-NEP-GFL-CORE01-1	1:6	1000base-t	FWGW01_MGMT	NL-ENS-FWGW01	mgmt	Firewall	USW	1000	USW-1G-FW01_MGMT	16	
NL-ENS-NEP	NL-ENS-NEP-GFL-CORE01-2	2:1	1000base-t	L01-ACCE01_p24	NL-ENS-NEP-L01-ACCE01	23	Switch Access	USW	1000	USW-1G-L01-A01_23	17	
NL-ENS-NEP	NL-ENS-NEP-GFL-CORE01-2	2:19	1000base-t	FWGW02_p11	NL-ENS-FWGW02	port11	Firewall	USW	1000	USW-1G-FW02_11	14	
NL-ENS-NEP	NL-ENS-NEP-GFL-CORE01-2	2:2	1000base-t	L02-ACCE01_p24	NL-ENS-NEP-L02-ACCE01	24	Switch Access	USW	1000	USW-1G-L02-A01_24	17	
NL-ENS-NEP	NL-ENS-NEP-GFL-CORE01-2	2:20	1000base-t	FWGW02_p12	NL-ENS-FWGW02	port12	Firewall	USW	1000	USW-1G-FW02_12	14	
NL-ENS-NEP	NL-ENS-NEP-GFL-CORE01-2	2:21	1000base-x-sfp	GFL-ACCE01_p12	NL-ENS-NEP-GFL-ACCE01	12	Switch Access	USW	1000	USW-1G-GFL-A01_12	17	
NL-ENS-NEP	NL-ENS-NEP-GFL-CORE01-2	2:22	1000base-x-sfp	GFL-ACCE02_p24	NL-ENS-NEP-GFL-ACCE02	30	Switch Access	USW	1000	USW-1G-GFL-A02_30	17	
NL-ENS-NEP	NL-ENS-NEP-GFL-CORE01-2	2:23	1000base-x-sfp	FWGW02_p13	NL-ENS-FWGW02	port13	Firewall	USW	1000	USW-1G-FW02_13	14	
NL-ENS-NEP	NL-ENS-NEP-GFL-CORE01-2	2:24	1000base-x-sfp	FWGW02_p14	NL-ENS-FWGW02	port14	Firewall	USW	1000	USW-1G-FW02_14	14	
NL-ENS-NEP	NL-ENS-NEP-GFL-CORE01-2	2:27	extreme-summitstack	CORE01_p27	NL-ENS-NEP-GFL-CORE01-1	01:28	Switch Core	USW		USW-GFL-C01_1_28	16	stack
NL-ENS-NEP	NL-ENS-NEP-GFL-CORE01-2	2:28	extreme-summitstack	CORE01_p28	NL-ENS-NEP-GFL-CORE01-1	01:27	Switch Core	USW		USW-GFL-C01_1_27	16	stack
NL-ENS-NEP	NL-ENS-NEP-GFL-CORE01-2	2:4	1000base-t	FWGW02_WAN2	NL-ENS-FWGW02	wan2	Firewall	USW	1000	USW-1G-FW02_WAN2	16	
NL-ENS-NEP	NL-ENS-NEP-GFL-CORE01-2	2:5	1000base-t	FWGW01_p1	NL-ENS-FWGW02	port1	Firewall	USW	1000	USW-1G-FW02_1	13	
NL-ENS-NEP	NL-ENS-NEP-GFL-CORE01-2	2:6	1000base-t	FWGW02_MGMT	NL-ENS-FWGW02	mgmt	Firewall	USW	1000	USW-1G-FW02_MGMT	16	
NL-ENS-NEP	NL-ENS-NEP-L01-ACCE01	23	1000base-t	LAG-CORE01_p1	NL-ENS-NEP-GFL-CORE01-2	02:01	Switch Core	USW	1000	USW-1G-GFL-C01_2_1	18	
NL-ENS-NEP	NL-ENS-NEP-L01-ACCE01	24	1000base-t	LAG-COREE2_p1	NL-ENS-NEP-GFL-CORE01-1	01:01	Switch Core	USW	1000	USW-1G-GFL-C01_1_1	18	
NL-ENS-NEP	NL-ENS-NEP-L02-ACCE01	23	1000base-t	LAG-CORE01_p2	NL-ENS-NEP-GFL-CORE01-1	01:02	Switch Core	USW	1000	USW-1G-GFL-C01_1_2	18	
NL-ENS-NEP	NL-ENS-NEP-L02-ACCE01	24	1000base-t	LAG-CORE02_p2	NL-ENS-NEP-GFL-CORE01-2	02:02	Switch Core	USW	1000	USW-1G-GFL-C01_2_2	18	
US-CHI-EAD	US-CHI-EAD-L02-ACCE01	1	1000base-t		US-CHI-EAD-L02-ACPO01	mgmt0	Access Point	UP	1000	UP-L02-AP01	11	
US-CHI-EAD	US-CHI-EAD-L02-ACCE01	11	1000base-x-sfp	CORE01_p30	US-CHI-EAD-L02-CORE01-1	01:30	Switch Core	USW	1000	USW-1G-L02-C01_1_30	19	
US-CHI-EAD	US-CHI-EAD-L02-ACCE01	12	1000base-x-sfp	CORE02_p30	US-CHI-EAD-L02-CORE01-2	02:30	Switch Core	USW	1000	USW-1G-L02-C01_2_30	19	
US-CHI-EAD	US-CHI-EAD-L02-ACCE01	2	1000base-t		US-CHI-EAD-L02-ACPO02	mgmt0	Access Point	UP	1000	UP-L02-AP02	11	
US-CHI-EAD	US-CHI-EAD-L02-CORE01-1	1:30	1000base-x-sfp	ACCE01_p11	US-CHI-EAD-L02-ACCE01	11	Switch Access	USW	1000	USW-1G-L02-A01_11	17	
US-CHI-EAD	US-CHI-EAD-L02-CORE01-1	1:31	extreme-summitstack	STACKING_PORT	US-CHI-EAD-L02-CORE01-2	02:32	Switch Core	USW		USW-L02-C01_2_32	16	stack
US-CHI-EAD	US-CHI-EAD-L02-CORE01-1	1:32	extreme-summitstack	STACKING_PORT	US-CHI-EAD-L02-CORE01-2	02:31	Switch Core	USW		USW-L02-C01_2_31	16	stack
US-CHI-EAD	US-CHI-EAD-L02-CORE01-2	2:30	1000base-x-sfp	ACCE01_p12	US-CHI-EAD-L02-ACCE01	12	Switch Access	USW	1000	USW-1G-L02-A01_12	17	
US-CHI-EAD	US-CHI-EAD-L02-CORE01-2	2:31	extreme-summitstack	STACKING_PORT	US-CHI-EAD-L02-CORE01-1	01:32	Switch Core	USW		USW-L02-C01_1_32	16	stack
US-CHI-EAD	US-CHI-EAD-L02-CORE01-2	2:32	extreme-summitstack	STACKING_PORT	US-CHI-EAD-L02-CORE01-1	01:31	Switch Core	USW		USW-L02-C01_1_31	16	stack
